14:50:18, 00:23:D4:6A:F5:43, 00:23:D4:68:E1:E9, bluetooth_network, false, fresh
14:50:50, 00:23:D4:6A:F5:43, 00:23:D4:6A:BB:92, bluetooth_network, false, fresh
14:50:50, 00:23:D4:6A:F5:43, 00:23:D4:69:79:1C, wifi_network, false, fresh
14:50:50, 00:23:D4:6A:F5:43, 00:23:D4:6A:87:DE, wifi_network, false, fresh
14:51:10, 00:23:D4:6A:F5:43, 00:23:D4:68:E1:E9, bluetooth_network, false, fresh
14:51:10, 00:23:D4:6A:F5:43, 00:23:D4:6A:22:09, wifi_network, false, fresh
14:51:57, 00:23:D4:6A:F5:43, 00:23:D4:6A:BB:92, bluetooth_network, false, fresh
14:51:57, 00:23:D4:6A:F5:43, 00:23:D4:69:79:1C, wifi_network, false, fresh
14:51:57, 00:23:D4:6A:F5:43, 00:23:D4:6A:87:DE, wifi_network, false, fresh
14:52:00, 00:23:D4:6A:F5:43, 00:23:D4:6A:87:DE, bluetooth_network, false, fresh
14:52:00, 00:23:D4:6A:F5:43, 00:23:D4:6A:BB:92, wifi_network, false, fresh
14:52:00, 00:23:D4:6A:F5:43, 00:23:D4:69:79:1C, wifi_network, false, fresh
14:53:43, 00:23:D4:6A:F5:43, 00:23:D4:68:E1:E9, bluetooth_network, false, fresh
14:53:45, 00:23:D4:6A:F5:43, 00:23:D4:6A:BB:92, bluetooth_network, false, fresh
14:53:45, 00:23:D4:6A:F5:43, 00:23:D4:69:79:1C, wifi_network, false, fresh
14:53:45, 00:23:D4:6A:F5:43, 00:23:D4:6A:87:DE, wifi_network, false, fresh
14:54:34, 00:23:D4:6A:F5:43, 00:23:D4:6A:D1:B8, bluetooth_network, false, fresh
14:54:40, 00:23:D4:6A:F5:43, 00:23:D4:6A:A4:E2, bluetooth_network, true, fresh
14:55:26, 00:23:D4:6A:F5:43, 00:23:D4:68:E1:E9, bluetooth_network, false, fresh
14:55:27, 00:23:D4:6A:F5:43, 00:23:D4:6A:A4:E2, bluetooth_network, true, update
14:55:27, 00:23:D4:6A:F5:43, 00:23:D4:6A:F5:43, wifi_network, false, fresh
14:55:57, 00:23:D4:6A:F5:43, 00:23:D4:68:E1:E9, bluetooth_network, false, fresh
14:56:16, 00:23:D4:6A:F5:43, 00:23:D4:6A:D1:B8, bluetooth_network, false, fresh
14:56:18, 00:23:D4:6A:F5:43, 00:23:D4:68:E1:E9, bluetooth_network, false, fresh
14:57:08, 00:23:D4:6A:F5:43, 00:23:D4:6A:D1:B8, bluetooth_network, false, fresh
14:57:09, 00:23:D4:6A:F5:43, 00:23:D4:68:E1:E9, bluetooth_network, false, fresh
14:57:18, 00:23:D4:6A:F5:43, 00:23:D4:6A:22:09, bluetooth_network, false, fresh
14:57:18, 00:23:D4:6A:F5:43, 00:23:D4:68:E1:E9, wifi_network, false, fresh
14:57:20, 00:23:D4:6A:F5:43, 00:23:D4:68:E1:E9, bluetooth_network, false, fresh
14:57:28, 00:23:D4:6A:F5:43, 00:23:D4:6A:D1:B8, bluetooth_network, false, fresh
14:57:49, 00:23:D4:6A:F5:43, 00:23:D4:6A:22:09, bluetooth_network, false, fresh
14:57:49, 00:23:D4:6A:F5:43, 00:23:D4:68:E1:E9, wifi_network, false, fresh
14:58:20, 00:23:D4:6A:F5:43, 00:23:D4:6A:22:09, bluetooth_network, false, fresh
14:58:20, 00:23:D4:6A:F5:43, 00:23:D4:68:E1:E9, wifi_network, false, fresh
14:58:24, 00:23:D4:6A:F5:43, 00:23:D4:6A:A4:E2, bluetooth_network, true, update
14:59:01, 00:23:D4:6A:F5:43, 00:23:D4:6A:D1:B8, bluetooth_network, false, fresh
14:59:16, 00:23:D4:6A:F5:43, 00:23:D4:6A:22:09, bluetooth_network, false, fresh
14:59:16, 00:23:D4:6A:F5:43, 00:23:D4:68:E1:E9, wifi_network, false, fresh
15:00:43, 00:23:D4:6A:F5:43, 00:23:D4:6A:22:09, bluetooth_network, false, fresh
15:00:43, 00:23:D4:6A:F5:43, 00:23:D4:68:E1:E9, wifi_network, false, fresh
15:07:46, 00:23:D4:6A:F5:43, 00:23:D4:68:E1:E9, bluetooth_network, false, fresh
15:07:46, 00:23:D4:6A:F5:43, 00:23:D4:6A:22:09, wifi_network, false, fresh
15:08:39, 00:23:D4:6A:F5:43, 00:23:D4:6A:22:09, bluetooth_network, false, fresh
15:08:39, 00:23:D4:6A:F5:43, 00:23:D4:68:E1:E9, wifi_network, false, fresh
15:09:25, 00:23:D4:6A:F5:43, 00:23:D4:6A:22:09, bluetooth_network, false, fresh
15:09:25, 00:23:D4:6A:F5:43, 00:23:D4:68:E1:E9, wifi_network, false, fresh
15:10:06, 00:23:D4:6A:F5:43, 00:23:D4:6A:22:09, bluetooth_network, false, fresh
15:10:06, 00:23:D4:6A:F5:43, 00:23:D4:68:E1:E9, wifi_network, false, fresh
15:10:51, 00:23:D4:6A:F5:43, 00:23:D4:6A:D1:B8, bluetooth_network, false, fresh
15:10:51, 00:23:D4:6A:F5:43, 00:23:D4:6A:B6:B9, wifi_network, false, fresh
15:15:30, 00:23:D4:6A:F5:43, 00:23:D4:6A:BB:92, bluetooth_network, false, fresh
15:15:30, 00:23:D4:6A:F5:43, 00:23:D4:69:79:1C, wifi_network, false, fresh
15:15:30, 00:23:D4:6A:F5:43, 00:23:D4:6A:87:DE, wifi_network, false, fresh
15:15:51, 00:23:D4:6A:F5:43, 00:23:D4:6A:B6:B9, bluetooth_network, false, fresh
15:15:51, 00:23:D4:6A:F5:43, 00:23:D4:6A:D1:B8, wifi_network, false, fresh
15:15:51, 00:23:D4:6A:F5:43, 00:23:D4:68:E1:E9, bluetooth_network, false, fresh
15:15:51, 00:23:D4:6A:F5:43, 00:23:D4:6A:22:09, wifi_network, false, fresh
15:17:16, 00:23:D4:6A:F5:43, 00:23:D4:6A:22:09, bluetooth_network, false, fresh
15:17:16, 00:23:D4:6A:F5:43, 00:23:D4:68:E1:E9, wifi_network, false, fresh
15:18:06, 00:23:D4:6A:F5:43, 00:23:D4:6A:D1:B8, bluetooth_network, false, fresh
15:18:06, 00:23:D4:6A:F5:43, 00:23:D4:6A:B6:B9, wifi_network, false, fresh
15:18:56, 00:23:D4:6A:F5:43, 00:23:D4:6A:BB:92, bluetooth_network, false, fresh
15:18:56, 00:23:D4:6A:F5:43, 00:23:D4:69:79:1C, wifi_network, false, fresh
15:18:56, 00:23:D4:6A:F5:43, 00:23:D4:6A:87:DE, wifi_network, false, fresh
15:19:33, 00:23:D4:6A:F5:43, 00:23:D4:6A:22:09, bluetooth_network, false, fresh
15:19:33, 00:23:D4:6A:F5:43, 00:23:D4:68:E1:E9, wifi_network, false, fresh
15:19:35, 00:23:D4:6A:F5:43, 00:23:D4:6A:22:09, bluetooth_network, false, fresh
15:19:35, 00:23:D4:6A:F5:43, 00:23:D4:68:E1:E9, wifi_network, false, fresh
