14:54:37, 00:23:D4:6A:D1:B8, 00:23:D4:68:E1:E9, bluetooth_network, false, fresh
14:54:37, 00:23:D4:6A:D1:B8, 00:23:D4:6A:A4:E2, bluetooth_network, false, fresh
14:54:37, 00:23:D4:6A:D1:B8, 00:23:D4:6A:F5:43, wifi_network, false, fresh
14:54:39, 00:23:D4:6A:D1:B8, 00:23:D4:6A:F5:43, bluetooth_network, false, fresh
14:55:23, 00:23:D4:6A:D1:B8, 00:23:D4:68:E1:E9, bluetooth_network, false, fresh
14:56:10, 00:23:D4:6A:D1:B8, 00:23:D4:68:E1:E9, bluetooth_network, false, fresh
14:56:13, 00:23:D4:6A:D1:B8, 00:23:D4:6A:F5:43, bluetooth_network, false, fresh
14:56:13, 00:23:D4:6A:D1:B8, 00:23:D4:6A:A4:E2, wifi_network, false, fresh
14:56:15, 00:23:D4:6A:D1:B8, 00:23:D4:68:E1:E9, bluetooth_network, false, fresh
14:56:18, 00:23:D4:6A:D1:B8, 00:23:D4:6A:F5:43, bluetooth_network, false, fresh
14:56:18, 00:23:D4:6A:D1:B8, 00:23:D4:6A:A4:E2, wifi_network, false, fresh
14:56:26, 00:23:D4:6A:D1:B8, 00:23:D4:68:E1:E9, bluetooth_network, false, fresh
14:57:07, 00:23:D4:6A:D1:B8, 00:23:D4:68:E1:E9, bluetooth_network, false, fresh
14:57:09, 00:23:D4:6A:D1:B8, 00:23:D4:6A:F5:43, bluetooth_network, false, fresh
14:57:09, 00:23:D4:6A:D1:B8, 00:23:D4:6A:A4:E2, wifi_network, false, fresh
14:57:22, 00:23:D4:6A:D1:B8, 00:23:D4:68:E1:E9, bluetooth_network, false, fresh
14:57:58, 00:23:D4:6A:D1:B8, 00:23:D4:68:E1:E9, bluetooth_network, false, fresh
14:58:37, 00:23:D4:6A:D1:B8, 00:23:D4:6A:B6:B9, bluetooth_network, false, fresh
14:58:37, 00:23:D4:6A:D1:B8, 00:23:D4:6A:D1:B8, wifi_network, false, fresh
14:58:51, 00:23:D4:6A:D1:B8, 00:23:D4:6A:B6:B9, bluetooth_network, true, fresh
14:59:46, 00:23:D4:6A:D1:B8, 00:23:D4:6A:F5:43, bluetooth_network, false, fresh
14:59:46, 00:23:D4:6A:D1:B8, 00:23:D4:6A:A4:E2, wifi_network, false, fresh
15:00:35, 00:23:D4:6A:D1:B8, 00:23:D4:6A:87:DE, bluetooth_network, false, fresh
15:00:35, 00:23:D4:6A:D1:B8, 00:23:D4:6A:BB:92, wifi_network, false, fresh
15:00:35, 00:23:D4:6A:D1:B8, 00:23:D4:69:79:1C, wifi_network, false, fresh
15:01:26, 00:23:D4:6A:D1:B8, 00:23:D4:6A:22:09, bluetooth_network, false, fresh
15:01:26, 00:23:D4:6A:D1:B8, 00:23:D4:68:E1:E9, wifi_network, false, fresh
15:07:28, 00:23:D4:6A:D1:B8, 00:23:D4:68:E1:E9, bluetooth_network, false, fresh
15:07:28, 00:23:D4:6A:D1:B8, 00:23:D4:6A:22:09, wifi_network, false, fresh
15:08:41, 00:23:D4:6A:D1:B8, 00:23:D4:6A:22:09, bluetooth_network, false, fresh
15:08:42, 00:23:D4:6A:D1:B8, 00:23:D4:68:E1:E9, wifi_network, false, fresh
15:09:13, 00:23:D4:6A:D1:B8, 00:23:D4:6A:22:09, bluetooth_network, false, fresh
15:09:13, 00:23:D4:6A:D1:B8, 00:23:D4:68:E1:E9, wifi_network, false, fresh
15:10:02, 00:23:D4:6A:D1:B8, 00:23:D4:6A:F5:43, bluetooth_network, false, fresh
15:10:02, 00:23:D4:6A:D1:B8, 00:23:D4:6A:A4:E2, wifi_network, false, fresh
15:10:04, 00:23:D4:6A:D1:B8, 00:23:D4:6A:22:09, bluetooth_network, false, fresh
15:10:04, 00:23:D4:6A:D1:B8, 00:23:D4:68:E1:E9, wifi_network, false, fresh
15:10:49, 00:23:D4:6A:D1:B8, 00:23:D4:6A:F5:43, bluetooth_network, false, fresh
15:10:49, 00:23:D4:6A:D1:B8, 00:23:D4:6A:A4:E2, wifi_network, false, fresh
15:10:54, 00:23:D4:6A:D1:B8, 00:23:D4:6A:F5:43, bluetooth_network, false, fresh
15:10:54, 00:23:D4:6A:D1:B8, 00:23:D4:6A:A4:E2, wifi_network, false, fresh
15:10:55, 00:23:D4:6A:D1:B8, 00:23:D4:6A:22:09, bluetooth_network, false, fresh
15:10:55, 00:23:D4:6A:D1:B8, 00:23:D4:68:E1:E9, wifi_network, false, fresh
15:16:29, 00:23:D4:6A:D1:B8, 00:23:D4:6A:BB:92, bluetooth_network, false, fresh
15:16:29, 00:23:D4:6A:D1:B8, 00:23:D4:69:79:1C, wifi_network, false, fresh
15:16:29, 00:23:D4:6A:D1:B8, 00:23:D4:6A:87:DE, wifi_network, false, fresh
15:17:03, 00:23:D4:6A:D1:B8, 00:23:D4:6A:22:09, bluetooth_network, false, fresh
15:17:03, 00:23:D4:6A:D1:B8, 00:23:D4:68:E1:E9, wifi_network, false, fresh
15:17:05, 00:23:D4:6A:D1:B8, 00:23:D4:6A:BB:92, bluetooth_network, false, fresh
15:17:05, 00:23:D4:6A:D1:B8, 00:23:D4:69:79:1C, wifi_network, false, fresh
15:17:05, 00:23:D4:6A:D1:B8, 00:23:D4:6A:87:DE, wifi_network, false, fresh
15:18:07, 00:23:D4:6A:D1:B8, 00:23:D4:6A:F5:43, bluetooth_network, false, fresh
15:18:07, 00:23:D4:6A:D1:B8, 00:23:D4:6A:A4:E2, wifi_network, false, fresh
15:19:26, 00:23:D4:6A:D1:B8, 00:23:D4:6A:22:09, bluetooth_network, false, fresh
15:19:26, 00:23:D4:6A:D1:B8, 00:23:D4:68:E1:E9, wifi_network, false, fresh
15:19:32, 00:23:D4:6A:D1:B8, 00:23:D4:6A:22:09, bluetooth_network, false, fresh
15:19:32, 00:23:D4:6A:D1:B8, 00:23:D4:68:E1:E9, wifi_network, false, fresh
15:19:34, 00:23:D4:6A:D1:B8, 00:23:D4:6A:BB:92, bluetooth_network, false, fresh
15:19:34, 00:23:D4:6A:D1:B8, 00:23:D4:69:79:1C, wifi_network, false, fresh
15:19:34, 00:23:D4:6A:D1:B8, 00:23:D4:6A:87:DE, wifi_network, false, fresh
