16:17:09, 00:23:D4:6A:87:DE, 00:23:D4:6A:A4:E2, bluetooth_network, false, fresh
16:17:52, 00:23:D4:6A:87:DE, 00:23:D4:6A:22:09, bluetooth_network, false, fresh
16:18:00, 00:23:D4:6A:87:DE, 00:23:D4:6A:A4:E2, bluetooth_network, false, fresh
16:18:01, 00:23:D4:6A:87:DE, 00:23:D4:6A:F5:43, wifi_network, false, fresh
16:18:43, 00:23:D4:6A:87:DE, 00:23:D4:6A:22:09, bluetooth_network, false, fresh
16:18:50, 00:23:D4:6A:87:DE, 00:23:D4:6A:F5:43, bluetooth_network, false, fresh
16:18:50, 00:23:D4:6A:87:DE, 00:23:D4:6A:A4:E2, wifi_network, false, fresh
16:19:24, 00:23:D4:6A:87:DE, 00:23:D4:6A:22:09, bluetooth_network, false, fresh
16:19:42, 00:23:D4:6A:87:DE, 00:23:D4:6A:F5:43, bluetooth_network, false, fresh
16:19:42, 00:23:D4:6A:87:DE, 00:23:D4:6A:A4:E2, wifi_network, false, fresh
16:19:45, 00:23:D4:6A:87:DE, 00:23:D4:6A:D1:B8, bluetooth_network, false, fresh
16:20:33, 00:23:D4:6A:87:DE, 00:23:D4:69:79:1C, bluetooth_network, true, fresh
16:20:37, 00:23:D4:6A:87:DE, 00:23:D4:6A:D1:B8, bluetooth_network, false, fresh
16:21:01, 00:23:D4:6A:87:DE, 00:23:D4:6A:22:09, bluetooth_network, false, fresh
16:21:27, 00:23:D4:6A:87:DE, 00:23:D4:6A:D1:B8, bluetooth_network, false, fresh
16:21:32, 00:23:D4:6A:87:DE, 00:23:D4:6A:D1:B8, bluetooth_network, false, fresh
16:22:19, 00:23:D4:6A:87:DE, 00:23:D4:6A:22:09, bluetooth_network, false, fresh
16:23:08, 00:23:D4:6A:87:DE, 00:23:D4:6A:A4:E2, bluetooth_network, false, fresh
16:23:08, 00:23:D4:6A:87:DE, 00:23:D4:6A:F5:43, wifi_network, false, fresh
16:23:10, 00:23:D4:6A:87:DE, 00:23:D4:6A:D1:B8, bluetooth_network, false, fresh
16:23:59, 00:23:D4:6A:87:DE, 00:23:D4:6A:A4:E2, bluetooth_network, false, fresh
16:23:59, 00:23:D4:6A:87:DE, 00:23:D4:6A:F5:43, wifi_network, false, fresh
16:28:57, 00:23:D4:6A:87:DE, 00:23:D4:6A:D1:B8, bluetooth_network, false, fresh
16:28:57, 00:23:D4:6A:87:DE, 00:23:D4:6A:B6:B9, wifi_network, false, fresh
16:29:45, 00:23:D4:6A:87:DE, 00:23:D4:68:E1:E9, bluetooth_network, false, fresh
16:29:45, 00:23:D4:6A:87:DE, 00:23:D4:6A:22:09, wifi_network, false, fresh
16:30:36, 00:23:D4:6A:87:DE, 00:23:D4:68:E1:E9, bluetooth_network, false, fresh
16:30:36, 00:23:D4:6A:87:DE, 00:23:D4:6A:22:09, wifi_network, false, fresh
16:31:46, 00:23:D4:6A:87:DE, 00:23:D4:6A:B6:B9, bluetooth_network, false, fresh
16:31:46, 00:23:D4:6A:87:DE, 00:23:D4:6A:D1:B8, wifi_network, false, fresh
16:32:22, 00:23:D4:6A:87:DE, 00:23:D4:6A:B6:B9, bluetooth_network, false, fresh
16:32:22, 00:23:D4:6A:87:DE, 00:23:D4:6A:D1:B8, wifi_network, false, fresh
16:41:42, 00:23:D4:6A:87:DE, 00:23:D4:68:E1:E9, bluetooth_network, false, fresh
16:41:42, 00:23:D4:6A:87:DE, 00:23:D4:6A:22:09, wifi_network, false, fresh
16:41:48, 00:23:D4:6A:87:DE, 00:23:D4:6A:B6:B9, bluetooth_network, false, fresh
16:41:48, 00:23:D4:6A:87:DE, 00:23:D4:6A:D1:B8, wifi_network, false, fresh
16:42:33, 00:23:D4:6A:87:DE, 00:23:D4:6A:B6:B9, bluetooth_network, false, fresh
16:42:33, 00:23:D4:6A:87:DE, 00:23:D4:6A:D1:B8, wifi_network, false, fresh
16:43:26, 00:23:D4:6A:87:DE, 00:23:D4:6A:D1:B8, bluetooth_network, false, fresh
16:43:26, 00:23:D4:6A:87:DE, 00:23:D4:6A:B6:B9, wifi_network, false, fresh
16:43:27, 00:23:D4:6A:87:DE, 00:23:D4:6A:F5:43, bluetooth_network, false, fresh
16:43:27, 00:23:D4:6A:87:DE, 00:23:D4:6A:A4:E2, wifi_network, false, fresh
16:44:51, 00:23:D4:6A:87:DE, 00:23:D4:68:E1:E9, bluetooth_network, false, fresh
16:44:51, 00:23:D4:6A:87:DE, 00:23:D4:6A:22:09, wifi_network, false, fresh
16:45:08, 00:23:D4:6A:87:DE, 00:23:D4:6A:22:09, bluetooth_network, false, fresh
16:45:08, 00:23:D4:6A:87:DE, 00:23:D4:68:E1:E9, wifi_network, false, fresh
16:45:09, 00:23:D4:6A:87:DE, 00:23:D4:6A:D1:B8, bluetooth_network, false, fresh
16:45:10, 00:23:D4:6A:87:DE, 00:23:D4:6A:B6:B9, wifi_network, false, fresh
17:04:09, 00:23:D4:6A:87:DE, 00:23:D4:6A:22:09, bluetooth_network, false, fresh
17:04:09, 00:23:D4:6A:87:DE, 00:23:D4:68:E1:E9, wifi_network, false, fresh
17:04:51, 00:23:D4:6A:87:DE, 00:23:D4:6A:A4:E2, bluetooth_network, false, fresh
17:04:51, 00:23:D4:6A:87:DE, 00:23:D4:6A:F5:43, wifi_network, false, fresh
17:05:41, 00:23:D4:6A:87:DE, 00:23:D4:6A:A4:E2, bluetooth_network, false, fresh
17:05:42, 00:23:D4:6A:87:DE, 00:23:D4:6A:F5:43, wifi_network, false, fresh
17:05:51, 00:23:D4:6A:87:DE, 00:23:D4:6A:B6:B9, bluetooth_network, false, fresh
17:05:51, 00:23:D4:6A:87:DE, 00:23:D4:6A:D1:B8, wifi_network, false, fresh
17:05:52, 00:23:D4:6A:87:DE, 00:23:D4:6A:22:09, bluetooth_network, false, fresh
17:05:52, 00:23:D4:6A:87:DE, 00:23:D4:68:E1:E9, wifi_network, false, fresh
17:06:30, 00:23:D4:6A:87:DE, 00:23:D4:68:E1:E9, bluetooth_network, false, fresh
17:06:30, 00:23:D4:6A:87:DE, 00:23:D4:6A:22:09, wifi_network, false, fresh
17:06:32, 00:23:D4:6A:87:DE, 00:23:D4:6A:B6:B9, bluetooth_network, false, fresh
17:06:32, 00:23:D4:6A:87:DE, 00:23:D4:6A:D1:B8, wifi_network, false, fresh
17:06:32, 00:23:D4:6A:87:DE, 00:23:D4:6A:A4:E2, bluetooth_network, false, fresh
17:06:32, 00:23:D4:6A:87:DE, 00:23:D4:6A:F5:43, wifi_network, false, fresh
