16:18:01, 00:23:D4:6A:D1:B8, 00:23:D4:6A:87:DE, bluetooth_network, false, fresh
16:18:48, 00:23:D4:6A:D1:B8, 00:23:D4:6A:87:DE, bluetooth_network, false, fresh
16:18:48, 00:23:D4:6A:D1:B8, 00:23:D4:6A:F5:43, bluetooth_network, false, fresh
16:18:48, 00:23:D4:6A:D1:B8, 00:23:D4:6A:A4:E2, wifi_network, false, fresh
16:18:53, 00:23:D4:6A:D1:B8, 00:23:D4:6A:87:DE, bluetooth_network, false, fresh
16:19:44, 00:23:D4:6A:D1:B8, 00:23:D4:6A:87:DE, bluetooth_network, false, fresh
16:23:29, 00:23:D4:6A:D1:B8, 00:23:D4:6A:22:09, bluetooth_network, false, fresh
16:23:32, 00:23:D4:6A:D1:B8, 00:23:D4:6A:A4:E2, bluetooth_network, false, fresh
16:23:32, 00:23:D4:6A:D1:B8, 00:23:D4:6A:F5:43, wifi_network, false, fresh
16:24:00, 00:23:D4:6A:D1:B8, 00:23:D4:6A:87:DE, bluetooth_network, false, fresh
16:24:00, 00:23:D4:6A:D1:B8, 00:23:D4:69:79:1C, wifi_network, false, fresh
16:24:02, 00:23:D4:6A:D1:B8, 00:23:D4:6A:A4:E2, bluetooth_network, false, fresh
16:24:02, 00:23:D4:6A:D1:B8, 00:23:D4:6A:F5:43, wifi_network, false, fresh
16:24:03, 00:23:D4:6A:D1:B8, 00:23:D4:6A:B6:B9, bluetooth_network, false, fresh
16:24:03, 00:23:D4:6A:D1:B8, 00:23:D4:6A:D1:B8, wifi_network, false, fresh
16:24:41, 00:23:D4:6A:D1:B8, 00:23:D4:6A:22:09, bluetooth_network, false, fresh
16:24:41, 00:23:D4:6A:D1:B8, 00:23:D4:68:E1:E9, wifi_network, false, fresh
16:24:55, 00:23:D4:6A:D1:B8, 00:23:D4:6A:BB:92, bluetooth_network, false, fresh
16:24:55, 00:23:D4:6A:D1:B8, 00:23:D4:69:79:1C, wifi_network, false, fresh
16:24:55, 00:23:D4:6A:D1:B8, 00:23:D4:6A:87:DE, wifi_network, false, fresh
16:26:08, 00:23:D4:6A:D1:B8, 00:23:D4:6A:B6:B9, bluetooth_network, false, fresh
16:26:18, 00:23:D4:6A:D1:B8, 00:23:D4:6A:BB:92, bluetooth_network, false, fresh
16:26:18, 00:23:D4:6A:D1:B8, 00:23:D4:69:79:1C, wifi_network, false, fresh
16:26:18, 00:23:D4:6A:D1:B8, 00:23:D4:6A:87:DE, wifi_network, false, fresh
16:26:19, 00:23:D4:6A:D1:B8, 00:23:D4:6A:22:09, bluetooth_network, false, fresh
16:26:19, 00:23:D4:6A:D1:B8, 00:23:D4:68:E1:E9, wifi_network, false, fresh
16:28:10, 00:23:D4:6A:D1:B8, 00:23:D4:6A:F5:43, bluetooth_network, false, fresh
16:28:10, 00:23:D4:6A:D1:B8, 00:23:D4:6A:A4:E2, wifi_network, false, fresh
16:28:10, 00:23:D4:6A:D1:B8, 00:23:D4:6A:BB:92, bluetooth_network, false, fresh
16:28:10, 00:23:D4:6A:D1:B8, 00:23:D4:69:79:1C, wifi_network, false, fresh
16:28:10, 00:23:D4:6A:D1:B8, 00:23:D4:6A:87:DE, wifi_network, false, fresh
16:28:51, 00:23:D4:6A:D1:B8, 00:23:D4:6A:F5:43, bluetooth_network, false, fresh
16:28:51, 00:23:D4:6A:D1:B8, 00:23:D4:6A:A4:E2, wifi_network, false, fresh
16:28:51, 00:23:D4:6A:D1:B8, 00:23:D4:6A:87:DE, bluetooth_network, false, fresh
16:28:51, 00:23:D4:6A:D1:B8, 00:23:D4:69:79:1C, wifi_network, false, fresh
16:28:51, 00:23:D4:6A:D1:B8, 00:23:D4:6A:BB:92, wifi_network, false, fresh
16:37:20, 00:23:D4:6A:D1:B8, 00:23:D4:6A:F5:43, bluetooth_network, false, fresh
16:37:20, 00:23:D4:6A:D1:B8, 00:23:D4:6A:A4:E2, wifi_network, false, fresh
16:37:27, 00:23:D4:6A:D1:B8, 00:23:D4:6A:22:09, bluetooth_network, false, fresh
16:37:27, 00:23:D4:6A:D1:B8, 00:23:D4:68:E1:E9, wifi_network, false, fresh
16:37:54, 00:23:D4:6A:D1:B8, 00:23:D4:6A:BB:92, bluetooth_network, false, fresh
16:37:54, 00:23:D4:6A:D1:B8, 00:23:D4:69:79:1C, wifi_network, false, fresh
16:37:54, 00:23:D4:6A:D1:B8, 00:23:D4:6A:87:DE, wifi_network, false, fresh
16:37:57, 00:23:D4:6A:D1:B8, 00:23:D4:6A:22:09, bluetooth_network, false, fresh
16:37:57, 00:23:D4:6A:D1:B8, 00:23:D4:68:E1:E9, wifi_network, false, fresh
16:38:15, 00:23:D4:6A:D1:B8, 00:23:D4:6A:BB:92, bluetooth_network, false, fresh
16:38:15, 00:23:D4:6A:D1:B8, 00:23:D4:69:79:1C, wifi_network, false, fresh
16:38:15, 00:23:D4:6A:D1:B8, 00:23:D4:6A:87:DE, wifi_network, false, fresh
16:43:25, 00:23:D4:6A:D1:B8, 00:23:D4:6A:F5:43, bluetooth_network, false, fresh
16:43:25, 00:23:D4:6A:D1:B8, 00:23:D4:6A:A4:E2, wifi_network, false, fresh
16:43:42, 00:23:D4:6A:D1:B8, 00:23:D4:6A:87:DE, bluetooth_network, false, fresh
16:43:42, 00:23:D4:6A:D1:B8, 00:23:D4:69:79:1C, wifi_network, false, fresh
16:43:42, 00:23:D4:6A:D1:B8, 00:23:D4:6A:BB:92, wifi_network, false, fresh
16:44:18, 00:23:D4:6A:D1:B8, 00:23:D4:6A:87:DE, bluetooth_network, false, fresh
16:44:18, 00:23:D4:6A:D1:B8, 00:23:D4:69:79:1C, wifi_network, false, fresh
16:44:18, 00:23:D4:6A:D1:B8, 00:23:D4:6A:BB:92, wifi_network, false, fresh
16:44:57, 00:23:D4:6A:D1:B8, 00:23:D4:6A:F5:43, bluetooth_network, false, fresh
16:44:57, 00:23:D4:6A:D1:B8, 00:23:D4:6A:A4:E2, wifi_network, false, fresh
16:45:10, 00:23:D4:6A:D1:B8, 00:23:D4:6A:87:DE, bluetooth_network, false, fresh
16:45:10, 00:23:D4:6A:D1:B8, 00:23:D4:69:79:1C, wifi_network, false, fresh
16:45:10, 00:23:D4:6A:D1:B8, 00:23:D4:6A:BB:92, wifi_network, false, fresh
16:45:59, 00:23:D4:6A:D1:B8, 00:23:D4:6A:BB:92, bluetooth_network, false, fresh
16:45:59, 00:23:D4:6A:D1:B8, 00:23:D4:69:79:1C, wifi_network, false, fresh
16:45:59, 00:23:D4:6A:D1:B8, 00:23:D4:6A:87:DE, wifi_network, false, fresh
16:46:45, 00:23:D4:6A:D1:B8, 00:23:D4:6A:A4:E2, bluetooth_network, false, fresh
16:46:45, 00:23:D4:6A:D1:B8, 00:23:D4:6A:F5:43, wifi_network, false, fresh
16:46:45, 00:23:D4:6A:D1:B8, 00:23:D4:6A:BB:92, bluetooth_network, false, fresh
16:46:45, 00:23:D4:6A:D1:B8, 00:23:D4:69:79:1C, wifi_network, false, fresh
16:46:45, 00:23:D4:6A:D1:B8, 00:23:D4:6A:87:DE, wifi_network, false, fresh
16:46:50, 00:23:D4:6A:D1:B8, 00:23:D4:6A:BB:92, bluetooth_network, false, fresh
16:46:50, 00:23:D4:6A:D1:B8, 00:23:D4:69:79:1C, wifi_network, false, fresh
16:46:50, 00:23:D4:6A:D1:B8, 00:23:D4:6A:87:DE, wifi_network, false, fresh
16:51:59, 00:23:D4:6A:D1:B8, 00:23:D4:68:E1:E9, bluetooth_network, false, fresh
16:51:59, 00:23:D4:6A:D1:B8, 00:23:D4:6A:22:09, wifi_network, false, fresh
16:52:50, 00:23:D4:6A:D1:B8, 00:23:D4:68:E1:E9, bluetooth_network, false, fresh
16:52:50, 00:23:D4:6A:D1:B8, 00:23:D4:6A:22:09, wifi_network, false, fresh
16:55:24, 00:23:D4:6A:D1:B8, 00:23:D4:6A:BB:92, bluetooth_network, false, fresh
16:55:24, 00:23:D4:6A:D1:B8, 00:23:D4:69:79:1C, wifi_network, false, fresh
16:55:24, 00:23:D4:6A:D1:B8, 00:23:D4:6A:87:DE, wifi_network, false, fresh
16:55:26, 00:23:D4:6A:D1:B8, 00:23:D4:6A:22:09, bluetooth_network, false, fresh
16:55:26, 00:23:D4:6A:D1:B8, 00:23:D4:68:E1:E9, wifi_network, false, fresh
16:56:01, 00:23:D4:6A:D1:B8, 00:23:D4:6A:22:09, bluetooth_network, false, fresh
16:56:02, 00:23:D4:6A:D1:B8, 00:23:D4:68:E1:E9, wifi_network, false, fresh
16:56:02, 00:23:D4:6A:D1:B8, 00:23:D4:6A:A4:E2, bluetooth_network, false, fresh
16:56:02, 00:23:D4:6A:D1:B8, 00:23:D4:6A:F5:43, wifi_network, false, fresh
17:03:25, 00:23:D4:6A:D1:B8, 00:23:D4:6A:F5:43, bluetooth_network, false, fresh
17:03:25, 00:23:D4:6A:D1:B8, 00:23:D4:6A:A4:E2, wifi_network, false, fresh
17:04:04, 00:23:D4:6A:D1:B8, 00:23:D4:6A:87:DE, bluetooth_network, false, fresh
17:04:04, 00:23:D4:6A:D1:B8, 00:23:D4:69:79:1C, wifi_network, false, fresh
17:04:04, 00:23:D4:6A:D1:B8, 00:23:D4:6A:BB:92, wifi_network, false, fresh
17:10:55, 00:23:D4:6A:D1:B8, 00:23:D4:6A:22:09, bluetooth_network, false, fresh
17:10:55, 00:23:D4:6A:D1:B8, 00:23:D4:68:E1:E9, wifi_network, false, fresh
