16:18:36, 00:23:D4:69:79:1C, 00:23:D4:6A:22:09, bluetooth_network, false, fresh
16:18:39, 00:23:D4:69:79:1C, 00:23:D4:6A:87:DE, bluetooth_network, true, fresh
16:18:42, 00:23:D4:69:79:1C, 00:23:D4:6A:87:DE, bluetooth_network, true, update
16:24:53, 00:23:D4:69:79:1C, 00:23:D4:6A:BB:92, bluetooth_network, true, fresh
16:25:01, 00:23:D4:69:79:1C, 00:23:D4:6A:D1:B8, bluetooth_network, false, fresh
16:26:24, 00:23:D4:69:79:1C, 00:23:D4:6A:22:09, bluetooth_network, false, fresh
16:26:24, 00:23:D4:69:79:1C, 00:23:D4:68:E1:E9, wifi_network, false, fresh
16:26:25, 00:23:D4:69:79:1C, 00:23:D4:6A:D1:B8, bluetooth_network, false, fresh
16:26:25, 00:23:D4:69:79:1C, 00:23:D4:6A:B6:B9, wifi_network, false, fresh
16:27:11, 00:23:D4:69:79:1C, 00:23:D4:6A:BB:92, bluetooth_network, true, update
16:34:02, 00:23:D4:69:79:1C, 00:23:D4:6A:B6:B9, bluetooth_network, false, fresh
16:34:02, 00:23:D4:69:79:1C, 00:23:D4:6A:D1:B8, wifi_network, false, fresh
16:34:07, 00:23:D4:69:79:1C, 00:23:D4:68:E1:E9, bluetooth_network, false, fresh
16:34:07, 00:23:D4:69:79:1C, 00:23:D4:6A:22:09, wifi_network, false, fresh
16:36:24, 00:23:D4:69:79:1C, 00:23:D4:6A:F5:43, bluetooth_network, false, fresh
16:36:24, 00:23:D4:69:79:1C, 00:23:D4:6A:A4:E2, wifi_network, false, fresh
16:36:32, 00:23:D4:69:79:1C, 00:23:D4:6A:D1:B8, bluetooth_network, false, fresh
16:36:32, 00:23:D4:69:79:1C, 00:23:D4:6A:B6:B9, wifi_network, false, fresh
16:36:37, 00:23:D4:69:79:1C, 00:23:D4:6A:D1:B8, bluetooth_network, false, fresh
16:36:37, 00:23:D4:69:79:1C, 00:23:D4:6A:B6:B9, wifi_network, false, fresh
16:51:54, 00:23:D4:69:79:1C, 00:23:D4:68:E1:E9, bluetooth_network, false, fresh
16:51:54, 00:23:D4:69:79:1C, 00:23:D4:6A:22:09, wifi_network, false, fresh
16:52:15, 00:23:D4:69:79:1C, 00:23:D4:6A:D1:B8, bluetooth_network, false, fresh
16:52:15, 00:23:D4:69:79:1C, 00:23:D4:6A:B6:B9, wifi_network, false, fresh
16:52:46, 00:23:D4:69:79:1C, 00:23:D4:68:E1:E9, bluetooth_network, false, fresh
16:52:46, 00:23:D4:69:79:1C, 00:23:D4:6A:22:09, wifi_network, false, fresh
16:52:46, 00:23:D4:69:79:1C, 00:23:D4:6A:F5:43, bluetooth_network, false, fresh
16:52:46, 00:23:D4:69:79:1C, 00:23:D4:6A:A4:E2, wifi_network, false, fresh
16:53:02, 00:23:D4:69:79:1C, 00:23:D4:6A:F5:43, bluetooth_network, false, fresh
16:53:02, 00:23:D4:69:79:1C, 00:23:D4:6A:A4:E2, wifi_network, false, fresh
16:53:42, 00:23:D4:69:79:1C, 00:23:D4:6A:D1:B8, bluetooth_network, false, fresh
16:53:42, 00:23:D4:69:79:1C, 00:23:D4:6A:B6:B9, wifi_network, false, fresh
16:53:57, 00:23:D4:69:79:1C, 00:23:D4:6A:D1:B8, bluetooth_network, false, fresh
16:53:57, 00:23:D4:69:79:1C, 00:23:D4:6A:B6:B9, wifi_network, false, fresh
16:58:45, 00:23:D4:69:79:1C, 00:23:D4:6A:B6:B9, bluetooth_network, false, fresh
16:58:45, 00:23:D4:69:79:1C, 00:23:D4:6A:D1:B8, wifi_network, false, fresh
16:58:47, 00:23:D4:69:79:1C, 00:23:D4:6A:A4:E2, bluetooth_network, false, fresh
16:58:47, 00:23:D4:69:79:1C, 00:23:D4:6A:F5:43, wifi_network, false, fresh
16:59:23, 00:23:D4:69:79:1C, 00:23:D4:68:E1:E9, bluetooth_network, false, fresh
16:59:23, 00:23:D4:69:79:1C, 00:23:D4:6A:22:09, wifi_network, false, fresh
16:59:39, 00:23:D4:69:79:1C, 00:23:D4:6A:F5:43, bluetooth_network, false, fresh
16:59:39, 00:23:D4:69:79:1C, 00:23:D4:6A:A4:E2, wifi_network, false, fresh
16:59:47, 00:23:D4:69:79:1C, 00:23:D4:6A:B6:B9, bluetooth_network, false, fresh
16:59:47, 00:23:D4:69:79:1C, 00:23:D4:6A:D1:B8, wifi_network, false, fresh
17:00:31, 00:23:D4:69:79:1C, 00:23:D4:6A:F5:43, bluetooth_network, false, fresh
17:00:31, 00:23:D4:69:79:1C, 00:23:D4:6A:A4:E2, wifi_network, false, fresh
17:01:22, 00:23:D4:69:79:1C, 00:23:D4:6A:F5:43, bluetooth_network, false, fresh
17:01:23, 00:23:D4:69:79:1C, 00:23:D4:6A:A4:E2, wifi_network, false, fresh
17:02:03, 00:23:D4:69:79:1C, 00:23:D4:6A:D1:B8, bluetooth_network, false, fresh
17:02:03, 00:23:D4:69:79:1C, 00:23:D4:6A:B6:B9, wifi_network, false, fresh
17:02:03, 00:23:D4:69:79:1C, 00:23:D4:6A:22:09, bluetooth_network, false, fresh
17:02:03, 00:23:D4:69:79:1C, 00:23:D4:68:E1:E9, wifi_network, false, fresh
17:02:14, 00:23:D4:69:79:1C, 00:23:D4:6A:F5:43, bluetooth_network, false, fresh
17:02:14, 00:23:D4:69:79:1C, 00:23:D4:6A:A4:E2, wifi_network, false, fresh
17:07:19, 00:23:D4:69:79:1C, 00:23:D4:68:E1:E9, bluetooth_network, false, fresh
17:07:19, 00:23:D4:69:79:1C, 00:23:D4:6A:22:09, wifi_network, false, fresh
17:07:22, 00:23:D4:69:79:1C, 00:23:D4:6A:A4:E2, bluetooth_network, false, fresh
17:07:22, 00:23:D4:69:79:1C, 00:23:D4:6A:F5:43, wifi_network, false, fresh
17:07:28, 00:23:D4:69:79:1C, 00:23:D4:6A:B6:B9, bluetooth_network, false, fresh
17:07:28, 00:23:D4:69:79:1C, 00:23:D4:6A:D1:B8, wifi_network, false, fresh
17:08:13, 00:23:D4:69:79:1C, 00:23:D4:6A:F5:43, bluetooth_network, false, fresh
17:08:13, 00:23:D4:69:79:1C, 00:23:D4:6A:A4:E2, wifi_network, false, fresh
17:09:02, 00:23:D4:69:79:1C, 00:23:D4:68:E1:E9, bluetooth_network, false, fresh
17:09:02, 00:23:D4:69:79:1C, 00:23:D4:6A:22:09, wifi_network, false, fresh
17:09:04, 00:23:D4:69:79:1C, 00:23:D4:6A:F5:43, bluetooth_network, false, fresh
17:09:04, 00:23:D4:69:79:1C, 00:23:D4:6A:A4:E2, wifi_network, false, fresh
17:10:46, 00:23:D4:69:79:1C, 00:23:D4:6A:F5:43, bluetooth_network, false, fresh
17:10:46, 00:23:D4:69:79:1C, 00:23:D4:6A:A4:E2, wifi_network, false, fresh
17:10:48, 00:23:D4:69:79:1C, 00:23:D4:6A:D1:B8, bluetooth_network, false, fresh
17:10:48, 00:23:D4:69:79:1C, 00:23:D4:6A:B6:B9, wifi_network, false, fresh
