16:23:33, 00:23:D4:6A:B6:B9, 00:23:D4:6A:A4:E2, bluetooth_network, false, fresh
16:23:33, 00:23:D4:6A:B6:B9, 00:23:D4:6A:F5:43, wifi_network, false, fresh
16:23:35, 00:23:D4:6A:B6:B9, 00:23:D4:6A:22:09, bluetooth_network, false, fresh
16:23:35, 00:23:D4:6A:B6:B9, 00:23:D4:6A:D1:B8, bluetooth_network, false, fresh
16:23:39, 00:23:D4:6A:B6:B9, 00:23:D4:6A:D1:B8, bluetooth_network, true, fresh
16:24:01, 00:23:D4:6A:B6:B9, 00:23:D4:6A:87:DE, bluetooth_network, false, fresh
16:24:01, 00:23:D4:6A:B6:B9, 00:23:D4:69:79:1C, wifi_network, false, fresh
16:24:03, 00:23:D4:6A:B6:B9, 00:23:D4:6A:A4:E2, bluetooth_network, false, fresh
16:24:03, 00:23:D4:6A:B6:B9, 00:23:D4:6A:F5:43, wifi_network, false, fresh
16:25:06, 00:23:D4:6A:B6:B9, 00:23:D4:6A:BB:92, bluetooth_network, false, fresh
16:25:06, 00:23:D4:6A:B6:B9, 00:23:D4:69:79:1C, wifi_network, false, fresh
16:25:06, 00:23:D4:6A:B6:B9, 00:23:D4:6A:87:DE, wifi_network, false, fresh
16:25:10, 00:23:D4:6A:B6:B9, 00:23:D4:6A:A4:E2, bluetooth_network, false, fresh
16:25:10, 00:23:D4:6A:B6:B9, 00:23:D4:6A:F5:43, wifi_network, false, fresh
16:25:16, 00:23:D4:6A:B6:B9, 00:23:D4:6A:F5:43, bluetooth_network, false, fresh
16:25:16, 00:23:D4:6A:B6:B9, 00:23:D4:6A:A4:E2, wifi_network, false, fresh
16:25:18, 00:23:D4:6A:B6:B9, 00:23:D4:6A:22:09, bluetooth_network, false, fresh
16:25:18, 00:23:D4:6A:B6:B9, 00:23:D4:68:E1:E9, wifi_network, false, fresh
16:25:32, 00:23:D4:6A:B6:B9, 00:23:D4:6A:BB:92, bluetooth_network, false, fresh
16:25:32, 00:23:D4:6A:B6:B9, 00:23:D4:69:79:1C, wifi_network, false, fresh
16:25:32, 00:23:D4:6A:B6:B9, 00:23:D4:6A:87:DE, wifi_network, false, fresh
16:25:33, 00:23:D4:6A:B6:B9, 00:23:D4:6A:22:09, bluetooth_network, false, fresh
16:25:33, 00:23:D4:6A:B6:B9, 00:23:D4:68:E1:E9, wifi_network, false, fresh
16:26:11, 00:23:D4:6A:B6:B9, 00:23:D4:6A:D1:B8, bluetooth_network, true, update
16:26:12, 00:23:D4:6A:B6:B9, 00:23:D4:6A:F5:43, bluetooth_network, false, fresh
16:26:13, 00:23:D4:6A:B6:B9, 00:23:D4:6A:A4:E2, wifi_network, false, fresh
16:31:43, 00:23:D4:6A:B6:B9, 00:23:D4:68:E1:E9, bluetooth_network, false, fresh
16:32:18, 00:23:D4:6A:B6:B9, 00:23:D4:6A:A4:E2, bluetooth_network, false, fresh
16:32:18, 00:23:D4:6A:B6:B9, 00:23:D4:6A:F5:43, wifi_network, false, fresh
16:32:19, 00:23:D4:6A:B6:B9, 00:23:D4:6A:87:DE, bluetooth_network, false, fresh
16:32:19, 00:23:D4:6A:B6:B9, 00:23:D4:69:79:1C, wifi_network, false, fresh
16:32:19, 00:23:D4:6A:B6:B9, 00:23:D4:6A:BB:92, wifi_network, false, fresh
16:39:35, 00:23:D4:6A:B6:B9, 00:23:D4:6A:22:09, bluetooth_network, false, fresh
16:39:35, 00:23:D4:6A:B6:B9, 00:23:D4:68:E1:E9, wifi_network, false, fresh
16:40:54, 00:23:D4:6A:B6:B9, 00:23:D4:68:E1:E9, bluetooth_network, false, fresh
16:40:54, 00:23:D4:6A:B6:B9, 00:23:D4:6A:22:09, wifi_network, false, fresh
16:41:06, 00:23:D4:6A:B6:B9, 00:23:D4:6A:BB:92, bluetooth_network, false, fresh
16:41:06, 00:23:D4:6A:B6:B9, 00:23:D4:69:79:1C, wifi_network, false, fresh
16:41:06, 00:23:D4:6A:B6:B9, 00:23:D4:6A:87:DE, wifi_network, false, fresh
16:42:55, 00:23:D4:6A:B6:B9, 00:23:D4:6A:F5:43, bluetooth_network, false, fresh
16:42:55, 00:23:D4:6A:B6:B9, 00:23:D4:6A:A4:E2, wifi_network, false, fresh
16:47:46, 00:23:D4:6A:B6:B9, 00:23:D4:6A:22:09, bluetooth_network, false, fresh
16:47:46, 00:23:D4:6A:B6:B9, 00:23:D4:68:E1:E9, wifi_network, false, fresh
16:48:28, 00:23:D4:6A:B6:B9, 00:23:D4:6A:A4:E2, bluetooth_network, false, fresh
16:48:28, 00:23:D4:6A:B6:B9, 00:23:D4:6A:F5:43, wifi_network, false, fresh
16:48:37, 00:23:D4:6A:B6:B9, 00:23:D4:6A:BB:92, bluetooth_network, false, fresh
16:48:37, 00:23:D4:6A:B6:B9, 00:23:D4:69:79:1C, wifi_network, false, fresh
16:48:37, 00:23:D4:6A:B6:B9, 00:23:D4:6A:87:DE, wifi_network, false, fresh
16:48:39, 00:23:D4:6A:B6:B9, 00:23:D4:6A:BB:92, bluetooth_network, false, fresh
16:48:39, 00:23:D4:6A:B6:B9, 00:23:D4:69:79:1C, wifi_network, false, fresh
16:48:59, 00:23:D4:6A:B6:B9, 00:23:D4:6A:A4:E2, bluetooth_network, false, fresh
16:48:59, 00:23:D4:6A:B6:B9, 00:23:D4:6A:F5:43, wifi_network, false, fresh
16:50:22, 00:23:D4:6A:B6:B9, 00:23:D4:68:E1:E9, bluetooth_network, false, fresh
16:50:22, 00:23:D4:6A:B6:B9, 00:23:D4:6A:22:09, wifi_network, false, fresh
16:51:04, 00:23:D4:6A:B6:B9, 00:23:D4:6A:F5:43, bluetooth_network, false, fresh
16:51:04, 00:23:D4:6A:B6:B9, 00:23:D4:6A:A4:E2, wifi_network, false, fresh
16:56:53, 00:23:D4:6A:B6:B9, 00:23:D4:6A:22:09, bluetooth_network, false, fresh
16:56:53, 00:23:D4:6A:B6:B9, 00:23:D4:68:E1:E9, wifi_network, false, fresh
16:58:00, 00:23:D4:6A:B6:B9, 00:23:D4:6A:BB:92, bluetooth_network, false, fresh
16:58:00, 00:23:D4:6A:B6:B9, 00:23:D4:69:79:1C, wifi_network, false, fresh
16:58:02, 00:23:D4:6A:B6:B9, 00:23:D4:6A:A4:E2, bluetooth_network, false, fresh
16:58:02, 00:23:D4:6A:B6:B9, 00:23:D4:6A:F5:43, wifi_network, false, fresh
16:58:43, 00:23:D4:6A:B6:B9, 00:23:D4:6A:A4:E2, bluetooth_network, false, fresh
16:58:43, 00:23:D4:6A:B6:B9, 00:23:D4:6A:F5:43, wifi_network, false, fresh
16:58:43, 00:23:D4:6A:B6:B9, 00:23:D4:68:E1:E9, bluetooth_network, false, fresh
16:58:43, 00:23:D4:6A:B6:B9, 00:23:D4:6A:22:09, wifi_network, false, fresh
17:05:40, 00:23:D4:6A:B6:B9, 00:23:D4:6A:A4:E2, bluetooth_network, false, fresh
17:05:40, 00:23:D4:6A:B6:B9, 00:23:D4:6A:F5:43, wifi_network, false, fresh
17:05:48, 00:23:D4:6A:B6:B9, 00:23:D4:6A:87:DE, bluetooth_network, false, fresh
17:05:48, 00:23:D4:6A:B6:B9, 00:23:D4:69:79:1C, wifi_network, false, fresh
17:06:26, 00:23:D4:6A:B6:B9, 00:23:D4:6A:A4:E2, bluetooth_network, false, fresh
17:06:26, 00:23:D4:6A:B6:B9, 00:23:D4:6A:F5:43, wifi_network, false, fresh
17:06:29, 00:23:D4:6A:B6:B9, 00:23:D4:68:E1:E9, bluetooth_network, false, fresh
17:06:29, 00:23:D4:6A:B6:B9, 00:23:D4:6A:22:09, wifi_network, false, fresh
17:08:14, 00:23:D4:6A:B6:B9, 00:23:D4:6A:F5:43, bluetooth_network, false, fresh
17:08:14, 00:23:D4:6A:B6:B9, 00:23:D4:6A:A4:E2, wifi_network, false, fresh
17:09:04, 00:23:D4:6A:B6:B9, 00:23:D4:68:E1:E9, bluetooth_network, false, fresh
17:09:04, 00:23:D4:6A:B6:B9, 00:23:D4:6A:22:09, wifi_network, false, fresh
