21:09:26, 00:23:D4:6A:A4:E2, 00:23:D4:6A:D1:B8, bluetooth_network, false, fresh
21:10:04, 00:23:D4:6A:A4:E2, 00:23:D4:6A:B6:B9, bluetooth_network, false, fresh
21:10:04, 00:23:D4:6A:A4:E2, 00:23:D4:6A:D1:B8, wifi_network, false, fresh
21:10:20, 00:23:D4:6A:A4:E2, 00:23:D4:6A:87:DE, bluetooth_network, false, fresh
21:11:10, 00:23:D4:6A:A4:E2, 00:23:D4:6A:B6:B9, bluetooth_network, false, fresh
21:11:10, 00:23:D4:6A:A4:E2, 00:23:D4:6A:D1:B8, wifi_network, false, fresh
21:11:57, 00:23:D4:6A:A4:E2, 00:23:D4:6A:87:DE, bluetooth_network, false, fresh
21:11:57, 00:23:D4:6A:A4:E2, 00:23:D4:69:79:1C, wifi_network, false, fresh
21:12:50, 00:23:D4:6A:A4:E2, 00:23:D4:6A:22:09, bluetooth_network, false, fresh
21:12:50, 00:23:D4:6A:A4:E2, 00:23:D4:6A:A4:E2, wifi_network, false, fresh
21:13:12, 00:23:D4:6A:A4:E2, 00:23:D4:6A:BB:92, bluetooth_network, false, fresh
21:13:13, 00:23:D4:6A:A4:E2, 00:23:D4:6A:D1:B8, bluetooth_network, false, fresh
21:13:13, 00:23:D4:6A:A4:E2, 00:23:D4:6A:B6:B9, wifi_network, false, fresh
21:13:13, 00:23:D4:6A:A4:E2, 00:23:D4:68:E1:E9, bluetooth_network, false, fresh
21:13:41, 00:23:D4:6A:A4:E2, 00:23:D4:6A:22:09, bluetooth_network, true, fresh
21:13:49, 00:23:D4:6A:A4:E2, 00:23:D4:6A:F5:43, bluetooth_network, true, fresh
21:14:34, 00:23:D4:6A:A4:E2, 00:23:D4:6A:BB:92, bluetooth_network, false, fresh
21:14:34, 00:23:D4:6A:A4:E2, 00:23:D4:6A:87:DE, wifi_network, false, fresh
21:14:39, 00:23:D4:6A:A4:E2, 00:23:D4:6A:BB:92, bluetooth_network, false, fresh
21:14:39, 00:23:D4:6A:A4:E2, 00:23:D4:6A:87:DE, wifi_network, false, fresh
21:15:40, 00:23:D4:6A:A4:E2, 00:23:D4:6A:B6:B9, bluetooth_network, false, fresh
21:15:40, 00:23:D4:6A:A4:E2, 00:23:D4:6A:D1:B8, wifi_network, false, fresh
21:15:40, 00:23:D4:6A:A4:E2, 00:23:D4:68:E1:E9, wifi_network, false, fresh
21:15:42, 00:23:D4:6A:A4:E2, 00:23:D4:69:79:1C, bluetooth_network, false, fresh
21:15:42, 00:23:D4:6A:A4:E2, 00:23:D4:6A:87:DE, wifi_network, false, fresh
21:15:42, 00:23:D4:6A:A4:E2, 00:23:D4:6A:BB:92, wifi_network, false, fresh
21:15:42, 00:23:D4:6A:A4:E2, 00:23:D4:6A:F5:43, bluetooth_network, true, update
21:15:42, 00:23:D4:6A:A4:E2, 00:23:D4:6A:A4:E2, wifi_network, false, fresh
21:15:43, 00:23:D4:6A:A4:E2, 00:23:D4:6A:22:09, wifi_network, true, update
21:22:36, 00:23:D4:6A:A4:E2, 00:23:D4:6A:D1:B8, bluetooth_network, false, fresh
21:22:36, 00:23:D4:6A:A4:E2, 00:23:D4:6A:B6:B9, wifi_network, false, fresh
21:22:36, 00:23:D4:6A:A4:E2, 00:23:D4:68:E1:E9, wifi_network, false, fresh
21:23:45, 00:23:D4:6A:A4:E2, 00:23:D4:68:E1:E9, bluetooth_network, false, fresh
21:23:45, 00:23:D4:6A:A4:E2, 00:23:D4:6A:B6:B9, wifi_network, false, fresh
21:23:45, 00:23:D4:6A:A4:E2, 00:23:D4:6A:D1:B8, wifi_network, false, fresh
21:24:16, 00:23:D4:6A:A4:E2, 00:23:D4:68:E1:E9, bluetooth_network, false, fresh
21:24:17, 00:23:D4:6A:A4:E2, 00:23:D4:6A:B6:B9, wifi_network, false, fresh
21:24:17, 00:23:D4:6A:A4:E2, 00:23:D4:6A:D1:B8, wifi_network, false, fresh
21:24:33, 00:23:D4:6A:A4:E2, 00:23:D4:6A:BB:92, bluetooth_network, false, fresh
21:24:33, 00:23:D4:6A:A4:E2, 00:23:D4:6A:87:DE, wifi_network, false, fresh
21:25:14, 00:23:D4:6A:A4:E2, 00:23:D4:68:E1:E9, bluetooth_network, false, fresh
21:25:14, 00:23:D4:6A:A4:E2, 00:23:D4:6A:B6:B9, wifi_network, false, fresh
21:25:14, 00:23:D4:6A:A4:E2, 00:23:D4:6A:D1:B8, wifi_network, false, fresh
21:31:04, 00:23:D4:6A:A4:E2, 00:23:D4:69:79:1C, bluetooth_network, false, fresh
21:31:04, 00:23:D4:6A:A4:E2, 00:23:D4:6A:87:DE, wifi_network, false, fresh
21:31:04, 00:23:D4:6A:A4:E2, 00:23:D4:6A:BB:92, wifi_network, false, fresh
21:32:24, 00:23:D4:6A:A4:E2, 00:23:D4:6A:D1:B8, bluetooth_network, false, fresh
21:32:24, 00:23:D4:6A:A4:E2, 00:23:D4:6A:B6:B9, wifi_network, false, fresh
21:32:25, 00:23:D4:6A:A4:E2, 00:23:D4:68:E1:E9, wifi_network, false, fresh
21:32:55, 00:23:D4:6A:A4:E2, 00:23:D4:6A:D1:B8, bluetooth_network, false, fresh
21:32:55, 00:23:D4:6A:A4:E2, 00:23:D4:6A:B6:B9, wifi_network, false, fresh
21:32:55, 00:23:D4:6A:A4:E2, 00:23:D4:68:E1:E9, wifi_network, false, fresh
21:34:04, 00:23:D4:6A:A4:E2, 00:23:D4:69:79:1C, bluetooth_network, false, fresh
21:34:04, 00:23:D4:6A:A4:E2, 00:23:D4:6A:87:DE, wifi_network, false, fresh
21:43:51, 00:23:D4:6A:A4:E2, 00:23:D4:6A:F5:43, bluetooth_network, true, update
21:43:51, 00:23:D4:6A:A4:E2, 00:23:D4:6A:A4:E2, wifi_network, false, fresh
21:43:51, 00:23:D4:6A:A4:E2, 00:23:D4:6A:22:09, wifi_network, true, update
22:00:32, 00:23:D4:6A:A4:E2, 00:23:D4:6A:F5:43, bluetooth_network, true, update
22:00:32, 00:23:D4:6A:A4:E2, 00:23:D4:6A:A4:E2, wifi_network, false, fresh
22:00:32, 00:23:D4:6A:A4:E2, 00:23:D4:6A:22:09, wifi_network, true, update
22:09:53, 00:23:D4:6A:A4:E2, 00:23:D4:68:E1:E9, bluetooth_network, false, fresh
22:09:53, 00:23:D4:6A:A4:E2, 00:23:D4:6A:B6:B9, wifi_network, false, fresh
22:09:53, 00:23:D4:6A:A4:E2, 00:23:D4:6A:D1:B8, wifi_network, false, fresh
