21:09:07, 00:23:D4:6A:B6:B9, 00:23:D4:6A:D1:B8, bluetooth_network, true, fresh
21:09:56, 00:23:D4:6A:B6:B9, 00:23:D4:6A:A4:E2, bluetooth_network, false, fresh
21:11:03, 00:23:D4:6A:B6:B9, 00:23:D4:6A:A4:E2, bluetooth_network, false, fresh
21:12:11, 00:23:D4:6A:B6:B9, 00:23:D4:6A:D1:B8, bluetooth_network, true, update
21:12:11, 00:23:D4:6A:B6:B9, 00:23:D4:6A:B6:B9, wifi_network, false, fresh
21:14:54, 00:23:D4:6A:B6:B9, 00:23:D4:68:E1:E9, bluetooth_network, true, fresh
21:15:30, 00:23:D4:6A:B6:B9, 00:23:D4:6A:BB:92, bluetooth_network, false, fresh
21:15:30, 00:23:D4:6A:B6:B9, 00:23:D4:6A:87:DE, wifi_network, false, fresh
21:15:33, 00:23:D4:6A:B6:B9, 00:23:D4:6A:F5:43, bluetooth_network, false, fresh
21:15:33, 00:23:D4:6A:B6:B9, 00:23:D4:6A:A4:E2, wifi_network, false, fresh
21:15:33, 00:23:D4:6A:B6:B9, 00:23:D4:6A:22:09, wifi_network, false, fresh
21:15:35, 00:23:D4:6A:B6:B9, 00:23:D4:6A:A4:E2, bluetooth_network, false, fresh
21:15:35, 00:23:D4:6A:B6:B9, 00:23:D4:6A:22:09, wifi_network, false, fresh
21:15:35, 00:23:D4:6A:B6:B9, 00:23:D4:6A:F5:43, wifi_network, false, fresh
21:15:37, 00:23:D4:6A:B6:B9, 00:23:D4:69:79:1C, bluetooth_network, false, fresh
21:15:37, 00:23:D4:6A:B6:B9, 00:23:D4:6A:87:DE, wifi_network, false, fresh
21:15:37, 00:23:D4:6A:B6:B9, 00:23:D4:6A:BB:92, wifi_network, false, fresh
21:15:38, 00:23:D4:6A:B6:B9, 00:23:D4:6A:F5:43, bluetooth_network, false, fresh
21:15:38, 00:23:D4:6A:B6:B9, 00:23:D4:6A:A4:E2, wifi_network, false, fresh
21:15:38, 00:23:D4:6A:B6:B9, 00:23:D4:6A:22:09, wifi_network, false, fresh
21:15:45, 00:23:D4:6A:B6:B9, 00:23:D4:68:E1:E9, bluetooth_network, true, update
21:16:17, 00:23:D4:6A:B6:B9, 00:23:D4:6A:BB:92, bluetooth_network, false, fresh
21:16:17, 00:23:D4:6A:B6:B9, 00:23:D4:6A:87:DE, wifi_network, false, fresh
21:16:43, 00:23:D4:6A:B6:B9, 00:23:D4:6A:BB:92, bluetooth_network, false, fresh
21:16:43, 00:23:D4:6A:B6:B9, 00:23:D4:6A:87:DE, wifi_network, false, fresh
21:17:20, 00:23:D4:6A:B6:B9, 00:23:D4:6A:F5:43, bluetooth_network, false, fresh
21:17:21, 00:23:D4:6A:B6:B9, 00:23:D4:6A:A4:E2, wifi_network, false, fresh
21:17:21, 00:23:D4:6A:B6:B9, 00:23:D4:6A:22:09, wifi_network, false, fresh
21:18:56, 00:23:D4:6A:B6:B9, 00:23:D4:6A:87:DE, bluetooth_network, false, fresh
21:18:56, 00:23:D4:6A:B6:B9, 00:23:D4:69:79:1C, wifi_network, false, fresh
21:18:56, 00:23:D4:6A:B6:B9, 00:23:D4:6A:BB:92, wifi_network, false, fresh
21:28:40, 00:23:D4:6A:B6:B9, 00:23:D4:6A:87:DE, bluetooth_network, false, fresh
21:28:41, 00:23:D4:6A:B6:B9, 00:23:D4:69:79:1C, wifi_network, false, fresh
21:28:41, 00:23:D4:6A:B6:B9, 00:23:D4:6A:BB:92, wifi_network, false, fresh
21:31:40, 00:23:D4:6A:B6:B9, 00:23:D4:69:79:1C, bluetooth_network, false, fresh
21:31:40, 00:23:D4:6A:B6:B9, 00:23:D4:6A:87:DE, wifi_network, false, fresh
21:31:40, 00:23:D4:6A:B6:B9, 00:23:D4:6A:BB:92, wifi_network, false, fresh
21:36:20, 00:23:D4:6A:B6:B9, 00:23:D4:6A:22:09, bluetooth_network, false, fresh
21:36:20, 00:23:D4:6A:B6:B9, 00:23:D4:6A:A4:E2, wifi_network, false, fresh
21:36:20, 00:23:D4:6A:B6:B9, 00:23:D4:6A:F5:43, wifi_network, false, fresh
21:36:56, 00:23:D4:6A:B6:B9, 00:23:D4:6A:22:09, bluetooth_network, false, fresh
21:36:56, 00:23:D4:6A:B6:B9, 00:23:D4:6A:A4:E2, wifi_network, false, fresh
21:36:56, 00:23:D4:6A:B6:B9, 00:23:D4:6A:F5:43, wifi_network, false, fresh
21:37:47, 00:23:D4:6A:B6:B9, 00:23:D4:6A:87:DE, bluetooth_network, false, fresh
21:37:47, 00:23:D4:6A:B6:B9, 00:23:D4:69:79:1C, wifi_network, false, fresh
21:37:47, 00:23:D4:6A:B6:B9, 00:23:D4:6A:BB:92, wifi_network, false, fresh
21:38:03, 00:23:D4:6A:B6:B9, 00:23:D4:6A:87:DE, bluetooth_network, false, fresh
21:38:03, 00:23:D4:6A:B6:B9, 00:23:D4:69:79:1C, wifi_network, false, fresh
21:38:03, 00:23:D4:6A:B6:B9, 00:23:D4:6A:BB:92, wifi_network, false, fresh
21:39:29, 00:23:D4:6A:B6:B9, 00:23:D4:6A:F5:43, bluetooth_network, false, fresh
21:39:29, 00:23:D4:6A:B6:B9, 00:23:D4:6A:A4:E2, wifi_network, false, fresh
21:39:29, 00:23:D4:6A:B6:B9, 00:23:D4:6A:22:09, wifi_network, false, fresh
21:39:32, 00:23:D4:6A:B6:B9, 00:23:D4:6A:BB:92, bluetooth_network, false, fresh
21:39:32, 00:23:D4:6A:B6:B9, 00:23:D4:6A:87:DE, wifi_network, false, fresh
21:46:38, 00:23:D4:6A:B6:B9, 00:23:D4:6A:87:DE, bluetooth_network, false, fresh
21:46:38, 00:23:D4:6A:B6:B9, 00:23:D4:69:79:1C, wifi_network, false, fresh
21:46:38, 00:23:D4:6A:B6:B9, 00:23:D4:6A:BB:92, wifi_network, false, fresh
21:58:12, 00:23:D4:6A:B6:B9, 00:23:D4:69:79:1C, bluetooth_network, false, fresh
21:58:12, 00:23:D4:6A:B6:B9, 00:23:D4:6A:87:DE, wifi_network, false, fresh
21:58:13, 00:23:D4:6A:B6:B9, 00:23:D4:6A:BB:92, wifi_network, false, fresh
21:59:13, 00:23:D4:6A:B6:B9, 00:23:D4:69:79:1C, bluetooth_network, false, fresh
21:59:13, 00:23:D4:6A:B6:B9, 00:23:D4:6A:87:DE, wifi_network, false, fresh
21:59:13, 00:23:D4:6A:B6:B9, 00:23:D4:6A:BB:92, wifi_network, false, fresh
22:12:40, 00:23:D4:6A:B6:B9, 00:23:D4:6A:22:09, bluetooth_network, false, fresh
22:12:40, 00:23:D4:6A:B6:B9, 00:23:D4:6A:A4:E2, wifi_network, false, fresh
22:12:40, 00:23:D4:6A:B6:B9, 00:23:D4:6A:F5:43, wifi_network, false, fresh
