12:55:45, 00:23:D4:6A:D1:B8, 00:23:D4:6A:22:09, bluetooth_network, false, fresh
12:55:50, 00:23:D4:6A:D1:B8, 00:23:D4:6A:B6:B9, bluetooth_network, true, fresh
12:56:15, 00:23:D4:6A:D1:B8, 00:23:D4:6A:A4:E2, bluetooth_network, false, fresh
12:57:28, 00:23:D4:6A:D1:B8, 00:23:D4:6A:22:09, bluetooth_network, false, fresh
12:57:28, 00:23:D4:6A:D1:B8, 00:23:D4:68:E1:E9, wifi_network, false, fresh
12:57:48, 00:23:D4:6A:D1:B8, 00:23:D4:6A:22:09, bluetooth_network, false, fresh
12:57:48, 00:23:D4:6A:D1:B8, 00:23:D4:68:E1:E9, wifi_network, false, fresh
12:57:49, 00:23:D4:6A:D1:B8, 00:23:D4:6A:22:09, bluetooth_network, false, fresh
12:57:49, 00:23:D4:6A:D1:B8, 00:23:D4:68:E1:E9, wifi_network, false, fresh
12:58:24, 00:23:D4:6A:D1:B8, 00:23:D4:6A:A4:E2, bluetooth_network, false, fresh
12:59:11, 00:23:D4:6A:D1:B8, 00:23:D4:6A:A4:E2, bluetooth_network, false, fresh
12:59:18, 00:23:D4:6A:D1:B8, 00:23:D4:6A:BB:92, bluetooth_network, false, fresh
12:59:18, 00:23:D4:6A:D1:B8, 00:23:D4:6A:87:DE, wifi_network, false, fresh
13:00:03, 00:23:D4:6A:D1:B8, 00:23:D4:6A:22:09, bluetooth_network, false, fresh
13:00:03, 00:23:D4:6A:D1:B8, 00:23:D4:68:E1:E9, wifi_network, false, fresh
13:01:23, 00:23:D4:6A:D1:B8, 00:23:D4:6A:F5:43, bluetooth_network, false, fresh
13:01:23, 00:23:D4:6A:D1:B8, 00:23:D4:6A:A4:E2, wifi_network, false, fresh
13:01:25, 00:23:D4:6A:D1:B8, 00:23:D4:6A:22:09, bluetooth_network, false, fresh
13:01:25, 00:23:D4:6A:D1:B8, 00:23:D4:68:E1:E9, wifi_network, false, fresh
13:09:24, 00:23:D4:6A:D1:B8, 00:23:D4:6A:22:09, bluetooth_network, false, fresh
13:09:24, 00:23:D4:6A:D1:B8, 00:23:D4:68:E1:E9, wifi_network, false, fresh
13:11:07, 00:23:D4:6A:D1:B8, 00:23:D4:6A:87:DE, bluetooth_network, false, fresh
13:11:07, 00:23:D4:6A:D1:B8, 00:23:D4:6A:BB:92, wifi_network, false, fresh
13:11:41, 00:23:D4:6A:D1:B8, 00:23:D4:6A:F5:43, bluetooth_network, false, fresh
13:11:41, 00:23:D4:6A:D1:B8, 00:23:D4:6A:A4:E2, wifi_network, false, fresh
13:12:01, 00:23:D4:6A:D1:B8, 00:23:D4:6A:F5:43, bluetooth_network, false, fresh
13:12:01, 00:23:D4:6A:D1:B8, 00:23:D4:6A:A4:E2, wifi_network, false, fresh
13:12:28, 00:23:D4:6A:D1:B8, 00:23:D4:6A:87:DE, bluetooth_network, false, fresh
13:12:28, 00:23:D4:6A:D1:B8, 00:23:D4:6A:BB:92, wifi_network, false, fresh
13:18:34, 00:23:D4:6A:D1:B8, 00:23:D4:6A:22:09, bluetooth_network, false, fresh
13:18:34, 00:23:D4:6A:D1:B8, 00:23:D4:68:E1:E9, wifi_network, false, fresh
13:18:54, 00:23:D4:6A:D1:B8, 00:23:D4:6A:87:DE, bluetooth_network, false, fresh
13:18:54, 00:23:D4:6A:D1:B8, 00:23:D4:6A:BB:92, wifi_network, false, fresh
13:19:45, 00:23:D4:6A:D1:B8, 00:23:D4:6A:22:09, bluetooth_network, false, fresh
13:19:45, 00:23:D4:6A:D1:B8, 00:23:D4:68:E1:E9, wifi_network, false, fresh
13:20:46, 00:23:D4:6A:D1:B8, 00:23:D4:6A:22:09, bluetooth_network, false, fresh
13:20:46, 00:23:D4:6A:D1:B8, 00:23:D4:68:E1:E9, wifi_network, false, fresh
13:26:53, 00:23:D4:6A:D1:B8, 00:23:D4:6A:BB:92, bluetooth_network, false, fresh
13:26:53, 00:23:D4:6A:D1:B8, 00:23:D4:6A:87:DE, wifi_network, false, fresh
13:28:20, 00:23:D4:6A:D1:B8, 00:23:D4:6A:BB:92, bluetooth_network, false, fresh
13:28:20, 00:23:D4:6A:D1:B8, 00:23:D4:6A:87:DE, wifi_network, false, fresh
13:29:22, 00:23:D4:6A:D1:B8, 00:23:D4:6A:BB:92, bluetooth_network, false, fresh
13:29:22, 00:23:D4:6A:D1:B8, 00:23:D4:6A:87:DE, wifi_network, false, fresh
13:35:12, 00:23:D4:6A:D1:B8, 00:23:D4:6A:87:DE, bluetooth_network, false, fresh
13:35:50, 00:23:D4:6A:D1:B8, 00:23:D4:6A:A4:E2, bluetooth_network, false, fresh
13:35:50, 00:23:D4:6A:D1:B8, 00:23:D4:6A:F5:43, wifi_network, false, fresh
13:36:02, 00:23:D4:6A:D1:B8, 00:23:D4:6A:A4:E2, bluetooth_network, false, fresh
13:36:02, 00:23:D4:6A:D1:B8, 00:23:D4:6A:F5:43, wifi_network, false, fresh
13:36:07, 00:23:D4:6A:D1:B8, 00:23:D4:6A:A4:E2, bluetooth_network, false, fresh
13:36:07, 00:23:D4:6A:D1:B8, 00:23:D4:6A:F5:43, wifi_network, false, fresh
13:37:36, 00:23:D4:6A:D1:B8, 00:23:D4:6A:87:DE, bluetooth_network, false, fresh
13:37:36, 00:23:D4:6A:D1:B8, 00:23:D4:6A:BB:92, wifi_network, false, fresh
13:37:41, 00:23:D4:6A:D1:B8, 00:23:D4:6A:87:DE, bluetooth_network, false, fresh
13:37:41, 00:23:D4:6A:D1:B8, 00:23:D4:6A:BB:92, wifi_network, false, fresh
13:37:44, 00:23:D4:6A:D1:B8, 00:23:D4:6A:F5:43, bluetooth_network, false, fresh
13:37:44, 00:23:D4:6A:D1:B8, 00:23:D4:6A:A4:E2, wifi_network, false, fresh
13:37:45, 00:23:D4:6A:D1:B8, 00:23:D4:6A:22:09, bluetooth_network, false, fresh
13:37:45, 00:23:D4:6A:D1:B8, 00:23:D4:68:E1:E9, wifi_network, false, fresh
13:43:43, 00:23:D4:6A:D1:B8, 00:23:D4:6A:A4:E2, bluetooth_network, false, fresh
13:43:43, 00:23:D4:6A:D1:B8, 00:23:D4:6A:F5:43, wifi_network, false, fresh
13:45:27, 00:23:D4:6A:D1:B8, 00:23:D4:6A:87:DE, bluetooth_network, false, fresh
13:45:28, 00:23:D4:6A:D1:B8, 00:23:D4:6A:BB:92, wifi_network, false, fresh
13:46:29, 00:23:D4:6A:D1:B8, 00:23:D4:6A:87:DE, bluetooth_network, false, fresh
13:46:29, 00:23:D4:6A:D1:B8, 00:23:D4:6A:BB:92, wifi_network, false, fresh
13:51:27, 00:23:D4:6A:D1:B8, 00:23:D4:6A:22:09, bluetooth_network, false, fresh
13:51:27, 00:23:D4:6A:D1:B8, 00:23:D4:68:E1:E9, wifi_network, false, fresh
13:52:08, 00:23:D4:6A:D1:B8, 00:23:D4:6A:A4:E2, bluetooth_network, false, fresh
13:52:08, 00:23:D4:6A:D1:B8, 00:23:D4:6A:F5:43, wifi_network, false, fresh
13:52:13, 00:23:D4:6A:D1:B8, 00:23:D4:6A:87:DE, bluetooth_network, false, fresh
13:52:13, 00:23:D4:6A:D1:B8, 00:23:D4:6A:BB:92, wifi_network, false, fresh
13:52:14, 00:23:D4:6A:D1:B8, 00:23:D4:6A:A4:E2, bluetooth_network, false, fresh
13:52:14, 00:23:D4:6A:D1:B8, 00:23:D4:6A:F5:43, wifi_network, false, fresh
13:53:05, 00:23:D4:6A:D1:B8, 00:23:D4:6A:87:DE, bluetooth_network, false, fresh
13:53:05, 00:23:D4:6A:D1:B8, 00:23:D4:6A:BB:92, wifi_network, false, fresh
13:53:05, 00:23:D4:6A:D1:B8, 00:23:D4:6A:22:09, bluetooth_network, false, fresh
13:53:05, 00:23:D4:6A:D1:B8, 00:23:D4:68:E1:E9, wifi_network, false, fresh
13:53:25, 00:23:D4:6A:D1:B8, 00:23:D4:6A:87:DE, bluetooth_network, false, fresh
13:53:25, 00:23:D4:6A:D1:B8, 00:23:D4:6A:BB:92, wifi_network, false, fresh
