12:53:18, 00:23:D4:68:E1:E9, 00:23:D4:6A:22:09, bluetooth_network, true, fresh
12:53:37, 00:23:D4:68:E1:E9, 00:23:D4:6A:A4:E2, bluetooth_network, false, fresh
12:54:03, 00:23:D4:68:E1:E9, 00:23:D4:6A:B6:B9, bluetooth_network, false, fresh
12:54:39, 00:23:D4:68:E1:E9, 00:23:D4:6A:A4:E2, bluetooth_network, false, fresh
12:55:10, 00:23:D4:68:E1:E9, 00:23:D4:6A:B6:B9, bluetooth_network, false, fresh
12:55:10, 00:23:D4:68:E1:E9, 00:23:D4:6A:22:09, bluetooth_network, true, update
13:05:30, 00:23:D4:68:E1:E9, 00:23:D4:6A:87:DE, bluetooth_network, false, fresh
13:05:30, 00:23:D4:68:E1:E9, 00:23:D4:6A:BB:92, wifi_network, false, fresh
13:06:51, 00:23:D4:68:E1:E9, 00:23:D4:6A:B6:B9, bluetooth_network, false, fresh
13:06:51, 00:23:D4:68:E1:E9, 00:23:D4:6A:D1:B8, wifi_network, false, fresh
13:06:53, 00:23:D4:68:E1:E9, 00:23:D4:6A:A4:E2, bluetooth_network, false, fresh
13:06:53, 00:23:D4:68:E1:E9, 00:23:D4:6A:F5:43, wifi_network, false, fresh
13:08:14, 00:23:D4:68:E1:E9, 00:23:D4:6A:BB:92, bluetooth_network, false, fresh
13:08:14, 00:23:D4:68:E1:E9, 00:23:D4:6A:87:DE, wifi_network, false, fresh
13:08:15, 00:23:D4:68:E1:E9, 00:23:D4:6A:F5:43, bluetooth_network, false, fresh
13:08:15, 00:23:D4:68:E1:E9, 00:23:D4:6A:A4:E2, wifi_network, false, fresh
13:12:34, 00:23:D4:68:E1:E9, 00:23:D4:6A:D1:B8, bluetooth_network, false, fresh
13:12:34, 00:23:D4:68:E1:E9, 00:23:D4:6A:B6:B9, wifi_network, false, fresh
13:15:11, 00:23:D4:68:E1:E9, 00:23:D4:6A:A4:E2, bluetooth_network, false, fresh
13:16:03, 00:23:D4:68:E1:E9, 00:23:D4:6A:A4:E2, bluetooth_network, false, fresh
13:21:26, 00:23:D4:68:E1:E9, 00:23:D4:6A:87:DE, bluetooth_network, false, fresh
13:21:26, 00:23:D4:68:E1:E9, 00:23:D4:6A:F5:43, bluetooth_network, false, fresh
13:21:26, 00:23:D4:68:E1:E9, 00:23:D4:6A:A4:E2, wifi_network, false, fresh
13:21:27, 00:23:D4:68:E1:E9, 00:23:D4:6A:B6:B9, bluetooth_network, false, fresh
13:21:27, 00:23:D4:68:E1:E9, 00:23:D4:6A:D1:B8, wifi_network, false, fresh
13:24:15, 00:23:D4:68:E1:E9, 00:23:D4:6A:87:DE, bluetooth_network, false, fresh
13:24:15, 00:23:D4:68:E1:E9, 00:23:D4:6A:BB:92, wifi_network, false, fresh
13:24:15, 00:23:D4:68:E1:E9, 00:23:D4:6A:F5:43, bluetooth_network, false, fresh
13:24:16, 00:23:D4:68:E1:E9, 00:23:D4:6A:A4:E2, wifi_network, false, fresh
13:24:17, 00:23:D4:68:E1:E9, 00:23:D4:6A:B6:B9, bluetooth_network, false, fresh
13:24:17, 00:23:D4:68:E1:E9, 00:23:D4:6A:D1:B8, wifi_network, false, fresh
13:25:12, 00:23:D4:68:E1:E9, 00:23:D4:6A:87:DE, bluetooth_network, false, fresh
13:25:12, 00:23:D4:68:E1:E9, 00:23:D4:6A:BB:92, wifi_network, false, fresh
13:29:47, 00:23:D4:68:E1:E9, 00:23:D4:6A:F5:43, bluetooth_network, false, fresh
13:29:47, 00:23:D4:68:E1:E9, 00:23:D4:6A:A4:E2, wifi_network, false, fresh
13:30:38, 00:23:D4:68:E1:E9, 00:23:D4:6A:F5:43, bluetooth_network, false, fresh
13:30:38, 00:23:D4:68:E1:E9, 00:23:D4:6A:A4:E2, wifi_network, false, fresh
13:30:50, 00:23:D4:68:E1:E9, 00:23:D4:6A:BB:92, bluetooth_network, false, fresh
13:30:50, 00:23:D4:68:E1:E9, 00:23:D4:6A:87:DE, wifi_network, false, fresh
13:31:26, 00:23:D4:68:E1:E9, 00:23:D4:6A:87:DE, bluetooth_network, false, fresh
13:31:26, 00:23:D4:68:E1:E9, 00:23:D4:6A:BB:92, wifi_network, false, fresh
13:31:31, 00:23:D4:68:E1:E9, 00:23:D4:6A:F5:43, bluetooth_network, false, fresh
13:31:31, 00:23:D4:68:E1:E9, 00:23:D4:6A:A4:E2, wifi_network, false, fresh
13:31:49, 00:23:D4:68:E1:E9, 00:23:D4:6A:B6:B9, bluetooth_network, false, fresh
13:31:49, 00:23:D4:68:E1:E9, 00:23:D4:6A:D1:B8, wifi_network, false, fresh
13:32:19, 00:23:D4:68:E1:E9, 00:23:D4:6A:B6:B9, bluetooth_network, false, fresh
13:32:20, 00:23:D4:68:E1:E9, 00:23:D4:6A:D1:B8, wifi_network, false, fresh
13:32:21, 00:23:D4:68:E1:E9, 00:23:D4:6A:F5:43, bluetooth_network, false, fresh
13:32:21, 00:23:D4:68:E1:E9, 00:23:D4:6A:A4:E2, wifi_network, false, fresh
13:32:24, 00:23:D4:68:E1:E9, 00:23:D4:6A:B6:B9, bluetooth_network, false, fresh
13:32:24, 00:23:D4:68:E1:E9, 00:23:D4:6A:D1:B8, wifi_network, false, fresh
13:32:26, 00:23:D4:68:E1:E9, 00:23:D4:6A:F5:43, bluetooth_network, false, fresh
13:32:26, 00:23:D4:68:E1:E9, 00:23:D4:6A:A4:E2, wifi_network, false, fresh
13:33:09, 00:23:D4:68:E1:E9, 00:23:D4:6A:87:DE, bluetooth_network, false, fresh
13:33:09, 00:23:D4:68:E1:E9, 00:23:D4:6A:BB:92, wifi_network, false, fresh
13:33:13, 00:23:D4:68:E1:E9, 00:23:D4:6A:A4:E2, bluetooth_network, false, fresh
13:33:13, 00:23:D4:68:E1:E9, 00:23:D4:6A:F5:43, wifi_network, false, fresh
13:38:35, 00:23:D4:68:E1:E9, 00:23:D4:6A:B6:B9, bluetooth_network, false, fresh
13:38:35, 00:23:D4:68:E1:E9, 00:23:D4:6A:D1:B8, wifi_network, false, fresh
13:39:12, 00:23:D4:68:E1:E9, 00:23:D4:6A:F5:43, bluetooth_network, false, fresh
13:39:12, 00:23:D4:68:E1:E9, 00:23:D4:6A:A4:E2, wifi_network, false, fresh
13:39:17, 00:23:D4:68:E1:E9, 00:23:D4:6A:F5:43, bluetooth_network, false, fresh
13:39:17, 00:23:D4:68:E1:E9, 00:23:D4:6A:A4:E2, wifi_network, false, fresh
13:40:03, 00:23:D4:68:E1:E9, 00:23:D4:6A:F5:43, bluetooth_network, false, fresh
13:40:03, 00:23:D4:68:E1:E9, 00:23:D4:6A:A4:E2, wifi_network, false, fresh
13:40:16, 00:23:D4:68:E1:E9, 00:23:D4:6A:BB:92, bluetooth_network, false, fresh
13:40:16, 00:23:D4:68:E1:E9, 00:23:D4:6A:87:DE, wifi_network, false, fresh
13:40:18, 00:23:D4:68:E1:E9, 00:23:D4:6A:B6:B9, bluetooth_network, false, fresh
13:40:18, 00:23:D4:68:E1:E9, 00:23:D4:6A:D1:B8, wifi_network, false, fresh
13:40:54, 00:23:D4:68:E1:E9, 00:23:D4:6A:F5:43, bluetooth_network, false, fresh
13:40:54, 00:23:D4:68:E1:E9, 00:23:D4:6A:A4:E2, wifi_network, false, fresh
13:41:39, 00:23:D4:68:E1:E9, 00:23:D4:6A:B6:B9, bluetooth_network, false, fresh
13:41:39, 00:23:D4:68:E1:E9, 00:23:D4:6A:D1:B8, wifi_network, false, fresh
13:46:55, 00:23:D4:68:E1:E9, 00:23:D4:6A:F5:43, bluetooth_network, false, fresh
13:46:55, 00:23:D4:68:E1:E9, 00:23:D4:6A:A4:E2, wifi_network, false, fresh
13:48:13, 00:23:D4:68:E1:E9, 00:23:D4:6A:BB:92, bluetooth_network, false, fresh
13:48:13, 00:23:D4:68:E1:E9, 00:23:D4:6A:87:DE, wifi_network, false, fresh
13:48:39, 00:23:D4:68:E1:E9, 00:23:D4:6A:F5:43, bluetooth_network, false, fresh
13:48:39, 00:23:D4:68:E1:E9, 00:23:D4:6A:A4:E2, wifi_network, false, fresh
13:48:49, 00:23:D4:68:E1:E9, 00:23:D4:6A:BB:92, bluetooth_network, false, fresh
13:48:49, 00:23:D4:68:E1:E9, 00:23:D4:6A:87:DE, wifi_network, false, fresh
13:49:29, 00:23:D4:68:E1:E9, 00:23:D4:6A:BB:92, bluetooth_network, false, fresh
13:49:29, 00:23:D4:68:E1:E9, 00:23:D4:6A:87:DE, wifi_network, false, fresh
13:49:30, 00:23:D4:68:E1:E9, 00:23:D4:6A:F5:43, bluetooth_network, false, fresh
13:49:30, 00:23:D4:68:E1:E9, 00:23:D4:6A:A4:E2, wifi_network, false, fresh
13:50:21, 00:23:D4:68:E1:E9, 00:23:D4:6A:B6:B9, bluetooth_network, false, fresh
13:50:21, 00:23:D4:68:E1:E9, 00:23:D4:6A:D1:B8, wifi_network, false, fresh
13:50:21, 00:23:D4:68:E1:E9, 00:23:D4:6A:BB:92, bluetooth_network, false, fresh
13:50:21, 00:23:D4:68:E1:E9, 00:23:D4:6A:87:DE, wifi_network, false, fresh
13:50:22, 00:23:D4:68:E1:E9, 00:23:D4:6A:A4:E2, bluetooth_network, false, fresh
13:50:22, 00:23:D4:68:E1:E9, 00:23:D4:6A:F5:43, wifi_network, false, fresh
13:50:36, 00:23:D4:68:E1:E9, 00:23:D4:6A:BB:92, bluetooth_network, false, fresh
13:50:36, 00:23:D4:68:E1:E9, 00:23:D4:6A:87:DE, wifi_network, false, fresh
13:50:37, 00:23:D4:68:E1:E9, 00:23:D4:6A:B6:B9, bluetooth_network, false, fresh
13:50:37, 00:23:D4:68:E1:E9, 00:23:D4:6A:D1:B8, wifi_network, false, fresh
13:50:37, 00:23:D4:68:E1:E9, 00:23:D4:6A:A4:E2, bluetooth_network, false, fresh
13:50:37, 00:23:D4:68:E1:E9, 00:23:D4:6A:F5:43, wifi_network, false, fresh
