12:51:38, 00:23:D4:69:79:1C, 00:23:D4:6A:B6:B9, bluetooth_network, false, fresh
12:52:30, 00:23:D4:69:79:1C, 00:23:D4:6A:22:09, bluetooth_network, false, fresh
12:53:01, 00:23:D4:69:79:1C, 00:23:D4:6A:B6:B9, bluetooth_network, false, fresh
12:53:21, 00:23:D4:69:79:1C, 00:23:D4:6A:A4:E2, bluetooth_network, false, fresh
12:53:22, 00:23:D4:69:79:1C, 00:23:D4:6A:B6:B9, bluetooth_network, false, fresh
12:54:33, 00:23:D4:69:79:1C, 00:23:D4:6A:A4:E2, bluetooth_network, false, fresh
12:55:04, 00:23:D4:69:79:1C, 00:23:D4:6A:22:09, bluetooth_network, false, fresh
12:55:06, 00:23:D4:69:79:1C, 00:23:D4:68:E1:E9, bluetooth_network, false, fresh
12:55:06, 00:23:D4:69:79:1C, 00:23:D4:6A:22:09, wifi_network, false, fresh
12:55:29, 00:23:D4:69:79:1C, 00:23:D4:6A:A4:E2, bluetooth_network, false, fresh
12:55:55, 00:23:D4:69:79:1C, 00:23:D4:6A:A4:E2, bluetooth_network, false, fresh
12:56:10, 00:23:D4:69:79:1C, 00:23:D4:6A:A4:E2, bluetooth_network, false, fresh
12:56:47, 00:23:D4:69:79:1C, 00:23:D4:6A:B6:B9, bluetooth_network, false, fresh
12:57:28, 00:23:D4:69:79:1C, 00:23:D4:6A:22:09, bluetooth_network, false, fresh
12:57:28, 00:23:D4:69:79:1C, 00:23:D4:68:E1:E9, wifi_network, false, fresh
12:57:30, 00:23:D4:69:79:1C, 00:23:D4:6A:D1:B8, bluetooth_network, false, fresh
12:57:30, 00:23:D4:69:79:1C, 00:23:D4:6A:B6:B9, wifi_network, false, fresh
12:57:38, 00:23:D4:69:79:1C, 00:23:D4:6A:A4:E2, bluetooth_network, false, fresh
12:57:38, 00:23:D4:69:79:1C, 00:23:D4:6A:B6:B9, bluetooth_network, false, fresh
12:57:39, 00:23:D4:69:79:1C, 00:23:D4:6A:87:DE, bluetooth_network, false, fresh
12:58:17, 00:23:D4:69:79:1C, 00:23:D4:6A:D1:B8, bluetooth_network, false, fresh
12:58:17, 00:23:D4:69:79:1C, 00:23:D4:6A:B6:B9, wifi_network, false, fresh
12:58:36, 00:23:D4:69:79:1C, 00:23:D4:6A:22:09, bluetooth_network, false, fresh
12:58:36, 00:23:D4:69:79:1C, 00:23:D4:68:E1:E9, wifi_network, false, fresh
12:59:23, 00:23:D4:69:79:1C, 00:23:D4:6A:BB:92, bluetooth_network, false, fresh
12:59:24, 00:23:D4:69:79:1C, 00:23:D4:6A:87:DE, wifi_network, false, fresh
12:59:49, 00:23:D4:69:79:1C, 00:23:D4:6A:BB:92, bluetooth_network, false, fresh
12:59:49, 00:23:D4:69:79:1C, 00:23:D4:6A:87:DE, wifi_network, false, fresh
13:00:39, 00:23:D4:69:79:1C, 00:23:D4:6A:22:09, bluetooth_network, false, fresh
13:00:39, 00:23:D4:69:79:1C, 00:23:D4:68:E1:E9, wifi_network, false, fresh
13:01:06, 00:23:D4:69:79:1C, 00:23:D4:6A:BB:92, bluetooth_network, false, fresh
13:01:06, 00:23:D4:69:79:1C, 00:23:D4:6A:87:DE, wifi_network, false, fresh
13:01:56, 00:23:D4:69:79:1C, 00:23:D4:6A:22:09, bluetooth_network, false, fresh
13:01:56, 00:23:D4:69:79:1C, 00:23:D4:68:E1:E9, wifi_network, false, fresh
13:02:34, 00:23:D4:69:79:1C, 00:23:D4:6A:D1:B8, bluetooth_network, false, fresh
13:02:34, 00:23:D4:69:79:1C, 00:23:D4:6A:B6:B9, wifi_network, false, fresh
13:04:28, 00:23:D4:69:79:1C, 00:23:D4:6A:A4:E2, bluetooth_network, false, fresh
13:04:28, 00:23:D4:69:79:1C, 00:23:D4:6A:F5:43, wifi_network, false, fresh
13:06:02, 00:23:D4:69:79:1C, 00:23:D4:6A:B6:B9, bluetooth_network, false, fresh
13:06:02, 00:23:D4:69:79:1C, 00:23:D4:6A:D1:B8, wifi_network, false, fresh
13:06:03, 00:23:D4:69:79:1C, 00:23:D4:68:E1:E9, bluetooth_network, false, fresh
13:06:03, 00:23:D4:69:79:1C, 00:23:D4:6A:22:09, wifi_network, false, fresh
13:08:38, 00:23:D4:69:79:1C, 00:23:D4:6A:22:09, bluetooth_network, false, fresh
13:08:38, 00:23:D4:69:79:1C, 00:23:D4:68:E1:E9, wifi_network, false, fresh
13:08:49, 00:23:D4:69:79:1C, 00:23:D4:6A:BB:92, bluetooth_network, false, fresh
13:08:49, 00:23:D4:69:79:1C, 00:23:D4:6A:87:DE, wifi_network, false, fresh
13:11:07, 00:23:D4:69:79:1C, 00:23:D4:6A:D1:B8, bluetooth_network, false, fresh
13:11:07, 00:23:D4:69:79:1C, 00:23:D4:6A:B6:B9, wifi_network, false, fresh
13:11:07, 00:23:D4:69:79:1C, 00:23:D4:6A:87:DE, bluetooth_network, false, fresh
13:11:07, 00:23:D4:69:79:1C, 00:23:D4:6A:BB:92, wifi_network, false, fresh
13:11:41, 00:23:D4:69:79:1C, 00:23:D4:6A:F5:43, bluetooth_network, false, fresh
13:11:41, 00:23:D4:69:79:1C, 00:23:D4:6A:A4:E2, wifi_network, false, fresh
13:11:42, 00:23:D4:69:79:1C, 00:23:D4:6A:22:09, bluetooth_network, false, fresh
13:11:43, 00:23:D4:69:79:1C, 00:23:D4:68:E1:E9, wifi_network, false, fresh
13:12:13, 00:23:D4:69:79:1C, 00:23:D4:6A:22:09, bluetooth_network, false, fresh
13:12:13, 00:23:D4:69:79:1C, 00:23:D4:68:E1:E9, wifi_network, false, fresh
13:12:50, 00:23:D4:69:79:1C, 00:23:D4:6A:B6:B9, bluetooth_network, false, fresh
13:12:50, 00:23:D4:69:79:1C, 00:23:D4:6A:D1:B8, wifi_network, false, fresh
13:14:37, 00:23:D4:69:79:1C, 00:23:D4:6A:B6:B9, bluetooth_network, false, fresh
13:14:37, 00:23:D4:69:79:1C, 00:23:D4:6A:D1:B8, wifi_network, false, fresh
13:14:47, 00:23:D4:69:79:1C, 00:23:D4:68:E1:E9, bluetooth_network, false, fresh
13:14:47, 00:23:D4:69:79:1C, 00:23:D4:6A:22:09, wifi_network, false, fresh
13:15:11, 00:23:D4:69:79:1C, 00:23:D4:6A:A4:E2, bluetooth_network, false, fresh
13:15:13, 00:23:D4:69:79:1C, 00:23:D4:68:E1:E9, bluetooth_network, false, fresh
13:15:13, 00:23:D4:69:79:1C, 00:23:D4:6A:22:09, wifi_network, false, fresh
13:15:39, 00:23:D4:69:79:1C, 00:23:D4:6A:B6:B9, bluetooth_network, false, fresh
13:15:40, 00:23:D4:69:79:1C, 00:23:D4:6A:D1:B8, wifi_network, false, fresh
13:16:20, 00:23:D4:69:79:1C, 00:23:D4:6A:B6:B9, bluetooth_network, false, fresh
13:16:20, 00:23:D4:69:79:1C, 00:23:D4:6A:D1:B8, wifi_network, false, fresh
13:16:31, 00:23:D4:69:79:1C, 00:23:D4:6A:BB:92, bluetooth_network, false, fresh
13:16:31, 00:23:D4:69:79:1C, 00:23:D4:6A:87:DE, wifi_network, false, fresh
13:16:46, 00:23:D4:69:79:1C, 00:23:D4:68:E1:E9, bluetooth_network, false, fresh
13:16:46, 00:23:D4:69:79:1C, 00:23:D4:6A:22:09, wifi_network, false, fresh
13:17:47, 00:23:D4:69:79:1C, 00:23:D4:6A:22:09, bluetooth_network, false, fresh
13:17:48, 00:23:D4:69:79:1C, 00:23:D4:68:E1:E9, wifi_network, false, fresh
13:17:48, 00:23:D4:69:79:1C, 00:23:D4:6A:BB:92, bluetooth_network, false, fresh
13:17:48, 00:23:D4:69:79:1C, 00:23:D4:6A:87:DE, wifi_network, false, fresh
13:17:49, 00:23:D4:69:79:1C, 00:23:D4:6A:A4:E2, bluetooth_network, false, fresh
13:17:49, 00:23:D4:69:79:1C, 00:23:D4:6A:F5:43, wifi_network, false, fresh
13:18:14, 00:23:D4:69:79:1C, 00:23:D4:6A:BB:92, bluetooth_network, false, fresh
13:18:14, 00:23:D4:69:79:1C, 00:23:D4:6A:87:DE, wifi_network, false, fresh
13:18:15, 00:23:D4:69:79:1C, 00:23:D4:6A:A4:E2, bluetooth_network, false, fresh
13:18:15, 00:23:D4:69:79:1C, 00:23:D4:6A:F5:43, wifi_network, false, fresh
13:19:29, 00:23:D4:69:79:1C, 00:23:D4:6A:22:09, bluetooth_network, false, fresh
13:19:29, 00:23:D4:69:79:1C, 00:23:D4:68:E1:E9, wifi_network, false, fresh
13:20:27, 00:23:D4:69:79:1C, 00:23:D4:6A:87:DE, bluetooth_network, false, fresh
13:20:27, 00:23:D4:69:79:1C, 00:23:D4:6A:BB:92, wifi_network, false, fresh
13:20:47, 00:23:D4:69:79:1C, 00:23:D4:6A:22:09, bluetooth_network, false, fresh
13:20:47, 00:23:D4:69:79:1C, 00:23:D4:68:E1:E9, wifi_network, false, fresh
13:20:50, 00:23:D4:69:79:1C, 00:23:D4:6A:D1:B8, bluetooth_network, false, fresh
13:20:50, 00:23:D4:69:79:1C, 00:23:D4:6A:B6:B9, wifi_network, false, fresh
13:22:30, 00:23:D4:69:79:1C, 00:23:D4:68:E1:E9, bluetooth_network, false, fresh
13:22:30, 00:23:D4:69:79:1C, 00:23:D4:6A:22:09, wifi_network, false, fresh
13:23:23, 00:23:D4:69:79:1C, 00:23:D4:6A:F5:43, bluetooth_network, false, fresh
13:23:23, 00:23:D4:69:79:1C, 00:23:D4:6A:A4:E2, wifi_network, false, fresh
13:24:00, 00:23:D4:69:79:1C, 00:23:D4:6A:B6:B9, bluetooth_network, false, fresh
13:24:00, 00:23:D4:69:79:1C, 00:23:D4:6A:D1:B8, wifi_network, false, fresh
13:24:14, 00:23:D4:69:79:1C, 00:23:D4:6A:87:DE, bluetooth_network, false, fresh
13:24:14, 00:23:D4:69:79:1C, 00:23:D4:6A:BB:92, wifi_network, false, fresh
13:24:15, 00:23:D4:69:79:1C, 00:23:D4:6A:F5:43, bluetooth_network, false, fresh
13:24:15, 00:23:D4:69:79:1C, 00:23:D4:6A:A4:E2, wifi_network, false, fresh
13:24:16, 00:23:D4:69:79:1C, 00:23:D4:6A:B6:B9, bluetooth_network, false, fresh
13:24:16, 00:23:D4:69:79:1C, 00:23:D4:6A:D1:B8, wifi_network, false, fresh
13:25:25, 00:23:D4:69:79:1C, 00:23:D4:6A:22:09, bluetooth_network, false, fresh
13:25:25, 00:23:D4:69:79:1C, 00:23:D4:68:E1:E9, wifi_network, false, fresh
13:26:50, 00:23:D4:69:79:1C, 00:23:D4:6A:D1:B8, bluetooth_network, false, fresh
13:26:50, 00:23:D4:69:79:1C, 00:23:D4:6A:B6:B9, wifi_network, false, fresh
13:27:07, 00:23:D4:69:79:1C, 00:23:D4:6A:A4:E2, bluetooth_network, false, fresh
13:27:07, 00:23:D4:69:79:1C, 00:23:D4:6A:F5:43, wifi_network, false, fresh
13:27:39, 00:23:D4:69:79:1C, 00:23:D4:6A:BB:92, bluetooth_network, false, fresh
13:27:39, 00:23:D4:69:79:1C, 00:23:D4:6A:87:DE, wifi_network, false, fresh
13:27:44, 00:23:D4:69:79:1C, 00:23:D4:6A:22:09, bluetooth_network, false, fresh
13:27:44, 00:23:D4:69:79:1C, 00:23:D4:68:E1:E9, wifi_network, false, fresh
13:28:32, 00:23:D4:69:79:1C, 00:23:D4:6A:D1:B8, bluetooth_network, false, fresh
13:28:32, 00:23:D4:69:79:1C, 00:23:D4:6A:B6:B9, wifi_network, false, fresh
13:29:22, 00:23:D4:69:79:1C, 00:23:D4:6A:BB:92, bluetooth_network, false, fresh
13:29:22, 00:23:D4:69:79:1C, 00:23:D4:6A:87:DE, wifi_network, false, fresh
13:29:23, 00:23:D4:69:79:1C, 00:23:D4:6A:D1:B8, bluetooth_network, false, fresh
13:29:23, 00:23:D4:69:79:1C, 00:23:D4:6A:B6:B9, wifi_network, false, fresh
13:29:43, 00:23:D4:69:79:1C, 00:23:D4:68:E1:E9, bluetooth_network, false, fresh
13:29:43, 00:23:D4:69:79:1C, 00:23:D4:6A:22:09, wifi_network, false, fresh
13:30:37, 00:23:D4:69:79:1C, 00:23:D4:6A:F5:43, bluetooth_network, false, fresh
13:30:37, 00:23:D4:69:79:1C, 00:23:D4:6A:A4:E2, wifi_network, false, fresh
13:30:39, 00:23:D4:69:79:1C, 00:23:D4:68:E1:E9, bluetooth_network, false, fresh
13:30:39, 00:23:D4:69:79:1C, 00:23:D4:6A:22:09, wifi_network, false, fresh
13:31:04, 00:23:D4:69:79:1C, 00:23:D4:6A:F5:43, bluetooth_network, false, fresh
13:31:04, 00:23:D4:69:79:1C, 00:23:D4:6A:A4:E2, wifi_network, false, fresh
13:32:50, 00:23:D4:69:79:1C, 00:23:D4:6A:B6:B9, bluetooth_network, false, fresh
13:32:50, 00:23:D4:69:79:1C, 00:23:D4:6A:D1:B8, wifi_network, false, fresh
13:33:31, 00:23:D4:69:79:1C, 00:23:D4:6A:B6:B9, bluetooth_network, false, fresh
13:33:31, 00:23:D4:69:79:1C, 00:23:D4:6A:D1:B8, wifi_network, false, fresh
13:34:22, 00:23:D4:69:79:1C, 00:23:D4:6A:D1:B8, bluetooth_network, false, fresh
13:34:22, 00:23:D4:69:79:1C, 00:23:D4:6A:B6:B9, wifi_network, false, fresh
13:35:23, 00:23:D4:69:79:1C, 00:23:D4:6A:22:09, bluetooth_network, false, fresh
13:35:23, 00:23:D4:69:79:1C, 00:23:D4:68:E1:E9, wifi_network, false, fresh
13:35:30, 00:23:D4:69:79:1C, 00:23:D4:6A:A4:E2, bluetooth_network, false, fresh
13:35:30, 00:23:D4:69:79:1C, 00:23:D4:6A:F5:43, wifi_network, false, fresh
13:38:37, 00:23:D4:69:79:1C, 00:23:D4:68:E1:E9, bluetooth_network, false, fresh
13:38:37, 00:23:D4:69:79:1C, 00:23:D4:6A:22:09, wifi_network, false, fresh
13:38:39, 00:23:D4:69:79:1C, 00:23:D4:6A:B6:B9, bluetooth_network, false, fresh
13:38:39, 00:23:D4:69:79:1C, 00:23:D4:6A:D1:B8, wifi_network, false, fresh
13:40:22, 00:23:D4:69:79:1C, 00:23:D4:6A:B6:B9, bluetooth_network, false, fresh
13:40:22, 00:23:D4:69:79:1C, 00:23:D4:6A:D1:B8, wifi_network, false, fresh
13:40:46, 00:23:D4:69:79:1C, 00:23:D4:6A:BB:92, bluetooth_network, false, fresh
13:40:46, 00:23:D4:69:79:1C, 00:23:D4:6A:87:DE, wifi_network, false, fresh
13:42:09, 00:23:D4:69:79:1C, 00:23:D4:6A:B6:B9, bluetooth_network, false, fresh
13:42:09, 00:23:D4:69:79:1C, 00:23:D4:6A:D1:B8, wifi_network, false, fresh
13:42:12, 00:23:D4:69:79:1C, 00:23:D4:68:E1:E9, bluetooth_network, false, fresh
13:42:12, 00:23:D4:69:79:1C, 00:23:D4:6A:22:09, wifi_network, false, fresh
13:42:17, 00:23:D4:69:79:1C, 00:23:D4:68:E1:E9, bluetooth_network, false, fresh
13:42:17, 00:23:D4:69:79:1C, 00:23:D4:6A:22:09, wifi_network, false, fresh
13:43:04, 00:23:D4:69:79:1C, 00:23:D4:6A:BB:92, bluetooth_network, false, fresh
13:43:04, 00:23:D4:69:79:1C, 00:23:D4:6A:87:DE, wifi_network, false, fresh
13:43:05, 00:23:D4:69:79:1C, 00:23:D4:6A:22:09, bluetooth_network, false, fresh
13:43:05, 00:23:D4:69:79:1C, 00:23:D4:68:E1:E9, wifi_network, false, fresh
13:43:32, 00:23:D4:69:79:1C, 00:23:D4:6A:A4:E2, bluetooth_network, false, fresh
13:43:32, 00:23:D4:69:79:1C, 00:23:D4:6A:F5:43, wifi_network, false, fresh
13:43:36, 00:23:D4:69:79:1C, 00:23:D4:6A:D1:B8, bluetooth_network, false, fresh
13:43:36, 00:23:D4:69:79:1C, 00:23:D4:6A:B6:B9, wifi_network, false, fresh
13:43:56, 00:23:D4:69:79:1C, 00:23:D4:6A:22:09, bluetooth_network, false, fresh
13:43:56, 00:23:D4:69:79:1C, 00:23:D4:68:E1:E9, wifi_network, false, fresh
13:44:20, 00:23:D4:69:79:1C, 00:23:D4:6A:A4:E2, bluetooth_network, false, fresh
13:44:20, 00:23:D4:69:79:1C, 00:23:D4:6A:F5:43, wifi_network, false, fresh
13:45:24, 00:23:D4:69:79:1C, 00:23:D4:6A:D1:B8, bluetooth_network, false, fresh
13:45:24, 00:23:D4:69:79:1C, 00:23:D4:6A:B6:B9, wifi_network, false, fresh
13:45:28, 00:23:D4:69:79:1C, 00:23:D4:6A:87:DE, bluetooth_network, false, fresh
13:45:28, 00:23:D4:69:79:1C, 00:23:D4:6A:BB:92, wifi_network, false, fresh
13:45:35, 00:23:D4:69:79:1C, 00:23:D4:6A:22:09, bluetooth_network, false, fresh
13:45:35, 00:23:D4:69:79:1C, 00:23:D4:68:E1:E9, wifi_network, false, fresh
13:46:07, 00:23:D4:69:79:1C, 00:23:D4:6A:F5:43, bluetooth_network, false, fresh
13:46:07, 00:23:D4:69:79:1C, 00:23:D4:6A:A4:E2, wifi_network, false, fresh
13:46:10, 00:23:D4:69:79:1C, 00:23:D4:6A:87:DE, bluetooth_network, false, fresh
13:46:10, 00:23:D4:69:79:1C, 00:23:D4:6A:BB:92, wifi_network, false, fresh
13:46:29, 00:23:D4:69:79:1C, 00:23:D4:6A:87:DE, bluetooth_network, false, fresh
13:46:29, 00:23:D4:69:79:1C, 00:23:D4:6A:BB:92, wifi_network, false, fresh
13:46:54, 00:23:D4:69:79:1C, 00:23:D4:6A:F5:43, bluetooth_network, false, fresh
13:46:54, 00:23:D4:69:79:1C, 00:23:D4:6A:A4:E2, wifi_network, false, fresh
13:48:10, 00:23:D4:69:79:1C, 00:23:D4:68:E1:E9, bluetooth_network, false, fresh
13:48:10, 00:23:D4:69:79:1C, 00:23:D4:6A:22:09, wifi_network, false, fresh
13:48:12, 00:23:D4:69:79:1C, 00:23:D4:6A:BB:92, bluetooth_network, false, fresh
13:48:12, 00:23:D4:69:79:1C, 00:23:D4:6A:87:DE, wifi_network, false, fresh
13:48:27, 00:23:D4:69:79:1C, 00:23:D4:6A:F5:43, bluetooth_network, false, fresh
13:48:27, 00:23:D4:69:79:1C, 00:23:D4:6A:A4:E2, wifi_network, false, fresh
13:49:29, 00:23:D4:69:79:1C, 00:23:D4:6A:BB:92, bluetooth_network, false, fresh
13:49:29, 00:23:D4:69:79:1C, 00:23:D4:6A:87:DE, wifi_network, false, fresh
13:49:29, 00:23:D4:69:79:1C, 00:23:D4:6A:F5:43, bluetooth_network, false, fresh
13:49:29, 00:23:D4:69:79:1C, 00:23:D4:6A:A4:E2, wifi_network, false, fresh
13:49:53, 00:23:D4:69:79:1C, 00:23:D4:68:E1:E9, bluetooth_network, false, fresh
13:49:53, 00:23:D4:69:79:1C, 00:23:D4:6A:22:09, wifi_network, false, fresh
13:51:12, 00:23:D4:69:79:1C, 00:23:D4:6A:B6:B9, bluetooth_network, false, fresh
13:51:12, 00:23:D4:69:79:1C, 00:23:D4:6A:D1:B8, wifi_network, false, fresh
13:52:34, 00:23:D4:69:79:1C, 00:23:D4:6A:22:09, bluetooth_network, false, fresh
13:52:34, 00:23:D4:69:79:1C, 00:23:D4:68:E1:E9, wifi_network, false, fresh
13:54:06, 00:23:D4:69:79:1C, 00:23:D4:6A:A4:E2, bluetooth_network, false, fresh
13:54:06, 00:23:D4:69:79:1C, 00:23:D4:6A:F5:43, wifi_network, false, fresh
13:54:07, 00:23:D4:69:79:1C, 00:23:D4:6A:87:DE, bluetooth_network, false, fresh
13:54:07, 00:23:D4:69:79:1C, 00:23:D4:6A:BB:92, wifi_network, false, fresh
