03:47:59, 00:23:D4:69:79:1C, 00:23:D4:6A:F5:43, bluetooth_network, false, fresh
03:48:02, 00:23:D4:69:79:1C, 00:23:D4:6A:A4:E2, bluetooth_network, false, fresh
03:48:07, 00:23:D4:69:79:1C, 00:23:D4:6A:A4:E2, bluetooth_network, false, fresh
03:48:08, 00:23:D4:69:79:1C, 00:23:D4:6A:B6:B9, bluetooth_network, false, fresh
03:48:54, 00:23:D4:69:79:1C, 00:23:D4:6A:B6:B9, bluetooth_network, false, fresh
03:48:54, 00:23:D4:69:79:1C, 00:23:D4:6A:D1:B8, wifi_network, false, fresh
03:49:00, 00:23:D4:69:79:1C, 00:23:D4:6A:87:DE, bluetooth_network, false, fresh
03:49:00, 00:23:D4:69:79:1C, 00:23:D4:6A:BB:92, wifi_network, false, fresh
03:49:46, 00:23:D4:69:79:1C, 00:23:D4:6A:BB:92, bluetooth_network, false, fresh
03:49:46, 00:23:D4:69:79:1C, 00:23:D4:6A:87:DE, wifi_network, false, fresh
03:50:38, 00:23:D4:69:79:1C, 00:23:D4:6A:F5:43, bluetooth_network, false, fresh
03:50:39, 00:23:D4:69:79:1C, 00:23:D4:6A:22:09, bluetooth_network, false, fresh
03:50:39, 00:23:D4:69:79:1C, 00:23:D4:68:E1:E9, wifi_network, false, fresh
03:51:21, 00:23:D4:69:79:1C, 00:23:D4:6A:22:09, bluetooth_network, false, fresh
03:51:21, 00:23:D4:69:79:1C, 00:23:D4:68:E1:E9, wifi_network, false, fresh
03:51:27, 00:23:D4:69:79:1C, 00:23:D4:6A:87:DE, bluetooth_network, false, fresh
03:51:27, 00:23:D4:69:79:1C, 00:23:D4:6A:BB:92, wifi_network, false, fresh
03:52:08, 00:23:D4:69:79:1C, 00:23:D4:6A:87:DE, bluetooth_network, false, fresh
03:52:08, 00:23:D4:69:79:1C, 00:23:D4:6A:BB:92, wifi_network, false, fresh
03:53:04, 00:23:D4:69:79:1C, 00:23:D4:6A:D1:B8, bluetooth_network, false, fresh
03:53:04, 00:23:D4:69:79:1C, 00:23:D4:6A:B6:B9, wifi_network, false, fresh
03:53:07, 00:23:D4:69:79:1C, 00:23:D4:6A:F5:43, bluetooth_network, false, fresh
03:53:07, 00:23:D4:69:79:1C, 00:23:D4:6A:A4:E2, wifi_network, false, fresh
03:53:45, 00:23:D4:69:79:1C, 00:23:D4:6A:87:DE, bluetooth_network, false, fresh
03:53:45, 00:23:D4:69:79:1C, 00:23:D4:6A:BB:92, wifi_network, false, fresh
03:54:52, 00:23:D4:69:79:1C, 00:23:D4:6A:D1:B8, bluetooth_network, false, fresh
03:54:52, 00:23:D4:69:79:1C, 00:23:D4:6A:B6:B9, wifi_network, false, fresh
03:54:54, 00:23:D4:69:79:1C, 00:23:D4:6A:22:09, bluetooth_network, false, fresh
03:54:54, 00:23:D4:69:79:1C, 00:23:D4:68:E1:E9, wifi_network, false, fresh
03:55:24, 00:23:D4:69:79:1C, 00:23:D4:6A:BB:92, bluetooth_network, false, fresh
03:55:24, 00:23:D4:69:79:1C, 00:23:D4:6A:87:DE, wifi_network, false, fresh
03:56:13, 00:23:D4:69:79:1C, 00:23:D4:6A:D1:B8, bluetooth_network, false, fresh
03:56:13, 00:23:D4:69:79:1C, 00:23:D4:6A:B6:B9, wifi_network, false, fresh
03:56:34, 00:23:D4:69:79:1C, 00:23:D4:6A:A4:E2, bluetooth_network, false, fresh
03:56:34, 00:23:D4:69:79:1C, 00:23:D4:6A:F5:43, wifi_network, false, fresh
03:56:34, 00:23:D4:69:79:1C, 00:23:D4:6A:D1:B8, bluetooth_network, false, fresh
03:56:34, 00:23:D4:69:79:1C, 00:23:D4:6A:B6:B9, wifi_network, false, fresh
03:57:11, 00:23:D4:69:79:1C, 00:23:D4:6A:BB:92, bluetooth_network, false, fresh
03:57:11, 00:23:D4:69:79:1C, 00:23:D4:6A:87:DE, wifi_network, false, fresh
03:57:26, 00:23:D4:69:79:1C, 00:23:D4:6A:A4:E2, bluetooth_network, false, fresh
03:57:26, 00:23:D4:69:79:1C, 00:23:D4:6A:F5:43, wifi_network, false, fresh
03:58:18, 00:23:D4:69:79:1C, 00:23:D4:6A:B6:B9, bluetooth_network, false, fresh
03:58:18, 00:23:D4:69:79:1C, 00:23:D4:6A:D1:B8, wifi_network, false, fresh
03:59:03, 00:23:D4:69:79:1C, 00:23:D4:6A:F5:43, bluetooth_network, false, fresh
03:59:03, 00:23:D4:69:79:1C, 00:23:D4:6A:A4:E2, wifi_network, false, fresh
03:59:08, 00:23:D4:69:79:1C, 00:23:D4:6A:F5:43, bluetooth_network, false, fresh
03:59:08, 00:23:D4:69:79:1C, 00:23:D4:6A:A4:E2, wifi_network, false, fresh
03:59:45, 00:23:D4:69:79:1C, 00:23:D4:6A:B6:B9, bluetooth_network, false, fresh
03:59:45, 00:23:D4:69:79:1C, 00:23:D4:6A:D1:B8, wifi_network, false, fresh
04:00:25, 00:23:D4:69:79:1C, 00:23:D4:6A:F5:43, bluetooth_network, false, fresh
04:00:25, 00:23:D4:69:79:1C, 00:23:D4:6A:A4:E2, wifi_network, false, fresh
04:00:26, 00:23:D4:69:79:1C, 00:23:D4:6A:B6:B9, bluetooth_network, false, fresh
04:00:26, 00:23:D4:69:79:1C, 00:23:D4:6A:D1:B8, wifi_network, false, fresh
04:00:51, 00:23:D4:69:79:1C, 00:23:D4:6A:F5:43, bluetooth_network, false, fresh
04:00:51, 00:23:D4:69:79:1C, 00:23:D4:6A:A4:E2, wifi_network, false, fresh
04:01:43, 00:23:D4:69:79:1C, 00:23:D4:6A:F5:43, bluetooth_network, false, fresh
04:01:43, 00:23:D4:69:79:1C, 00:23:D4:6A:A4:E2, wifi_network, false, fresh
04:01:44, 00:23:D4:69:79:1C, 00:23:D4:68:E1:E9, bluetooth_network, false, fresh
04:02:35, 00:23:D4:69:79:1C, 00:23:D4:6A:F5:43, bluetooth_network, false, fresh
04:02:35, 00:23:D4:69:79:1C, 00:23:D4:6A:A4:E2, wifi_network, false, fresh
04:04:19, 00:23:D4:69:79:1C, 00:23:D4:6A:A4:E2, bluetooth_network, false, fresh
04:04:19, 00:23:D4:69:79:1C, 00:23:D4:6A:F5:43, wifi_network, false, fresh
04:04:58, 00:23:D4:69:79:1C, 00:23:D4:6A:D1:B8, bluetooth_network, false, fresh
04:04:58, 00:23:D4:69:79:1C, 00:23:D4:6A:B6:B9, wifi_network, false, fresh
04:05:11, 00:23:D4:69:79:1C, 00:23:D4:6A:A4:E2, bluetooth_network, false, fresh
04:05:11, 00:23:D4:69:79:1C, 00:23:D4:6A:F5:43, wifi_network, false, fresh
04:05:39, 00:23:D4:69:79:1C, 00:23:D4:6A:D1:B8, bluetooth_network, false, fresh
04:05:39, 00:23:D4:69:79:1C, 00:23:D4:6A:B6:B9, wifi_network, false, fresh
04:05:40, 00:23:D4:69:79:1C, 00:23:D4:6A:87:DE, bluetooth_network, false, fresh
04:05:40, 00:23:D4:69:79:1C, 00:23:D4:6A:BB:92, wifi_network, false, fresh
04:06:02, 00:23:D4:69:79:1C, 00:23:D4:6A:A4:E2, bluetooth_network, false, fresh
04:06:02, 00:23:D4:69:79:1C, 00:23:D4:6A:F5:43, wifi_network, false, fresh
04:06:54, 00:23:D4:69:79:1C, 00:23:D4:6A:A4:E2, bluetooth_network, false, fresh
04:06:54, 00:23:D4:69:79:1C, 00:23:D4:6A:F5:43, wifi_network, false, fresh
04:07:43, 00:23:D4:69:79:1C, 00:23:D4:6A:87:DE, bluetooth_network, false, fresh
04:07:43, 00:23:D4:69:79:1C, 00:23:D4:6A:BB:92, wifi_network, false, fresh
04:07:44, 00:23:D4:69:79:1C, 00:23:D4:6A:F5:43, bluetooth_network, false, fresh
04:07:44, 00:23:D4:69:79:1C, 00:23:D4:6A:A4:E2, wifi_network, false, fresh
04:08:23, 00:23:D4:69:79:1C, 00:23:D4:6A:22:09, bluetooth_network, false, fresh
04:08:23, 00:23:D4:69:79:1C, 00:23:D4:68:E1:E9, wifi_network, false, fresh
04:08:37, 00:23:D4:69:79:1C, 00:23:D4:6A:B6:B9, bluetooth_network, false, fresh
04:08:37, 00:23:D4:69:79:1C, 00:23:D4:6A:D1:B8, wifi_network, false, fresh
04:09:27, 00:23:D4:69:79:1C, 00:23:D4:6A:F5:43, bluetooth_network, false, fresh
04:09:27, 00:23:D4:69:79:1C, 00:23:D4:6A:A4:E2, wifi_network, false, fresh
04:10:18, 00:23:D4:69:79:1C, 00:23:D4:6A:F5:43, bluetooth_network, false, fresh
04:10:18, 00:23:D4:69:79:1C, 00:23:D4:6A:A4:E2, wifi_network, false, fresh
04:10:37, 00:23:D4:69:79:1C, 00:23:D4:6A:B6:B9, bluetooth_network, false, fresh
04:11:40, 00:23:D4:69:79:1C, 00:23:D4:6A:BB:92, bluetooth_network, false, fresh
04:11:40, 00:23:D4:69:79:1C, 00:23:D4:6A:87:DE, wifi_network, false, fresh
04:12:30, 00:23:D4:69:79:1C, 00:23:D4:6A:B6:B9, bluetooth_network, false, fresh
04:12:30, 00:23:D4:69:79:1C, 00:23:D4:6A:D1:B8, wifi_network, false, fresh
04:13:47, 00:23:D4:69:79:1C, 00:23:D4:6A:B6:B9, bluetooth_network, false, fresh
04:13:47, 00:23:D4:69:79:1C, 00:23:D4:6A:D1:B8, wifi_network, false, fresh
04:15:00, 00:23:D4:69:79:1C, 00:23:D4:6A:A4:E2, bluetooth_network, false, fresh
04:15:00, 00:23:D4:69:79:1C, 00:23:D4:6A:F5:43, wifi_network, false, fresh
04:15:43, 00:23:D4:69:79:1C, 00:23:D4:6A:22:09, bluetooth_network, false, fresh
04:15:43, 00:23:D4:69:79:1C, 00:23:D4:68:E1:E9, wifi_network, false, fresh
04:16:20, 00:23:D4:69:79:1C, 00:23:D4:6A:F5:43, bluetooth_network, false, fresh
04:16:20, 00:23:D4:69:79:1C, 00:23:D4:6A:A4:E2, wifi_network, false, fresh
04:16:24, 00:23:D4:69:79:1C, 00:23:D4:6A:22:09, bluetooth_network, false, fresh
04:16:24, 00:23:D4:69:79:1C, 00:23:D4:68:E1:E9, wifi_network, false, fresh
04:17:10, 00:23:D4:69:79:1C, 00:23:D4:6A:22:09, bluetooth_network, false, fresh
04:17:10, 00:23:D4:69:79:1C, 00:23:D4:68:E1:E9, wifi_network, false, fresh
04:17:11, 00:23:D4:69:79:1C, 00:23:D4:6A:F5:43, bluetooth_network, false, fresh
04:17:11, 00:23:D4:69:79:1C, 00:23:D4:6A:A4:E2, wifi_network, false, fresh
04:17:32, 00:23:D4:69:79:1C, 00:23:D4:6A:F5:43, bluetooth_network, false, fresh
04:17:32, 00:23:D4:69:79:1C, 00:23:D4:6A:A4:E2, wifi_network, false, fresh
04:18:03, 00:23:D4:69:79:1C, 00:23:D4:6A:F5:43, bluetooth_network, false, fresh
04:18:03, 00:23:D4:69:79:1C, 00:23:D4:6A:A4:E2, wifi_network, false, fresh
04:18:23, 00:23:D4:69:79:1C, 00:23:D4:6A:F5:43, bluetooth_network, false, fresh
04:18:23, 00:23:D4:69:79:1C, 00:23:D4:6A:A4:E2, wifi_network, false, fresh
04:18:24, 00:23:D4:69:79:1C, 00:23:D4:6A:D1:B8, bluetooth_network, false, fresh
04:18:24, 00:23:D4:69:79:1C, 00:23:D4:6A:B6:B9, wifi_network, false, fresh
04:18:53, 00:23:D4:69:79:1C, 00:23:D4:6A:22:09, bluetooth_network, false, fresh
04:18:53, 00:23:D4:69:79:1C, 00:23:D4:68:E1:E9, wifi_network, false, fresh
04:19:21, 00:23:D4:69:79:1C, 00:23:D4:6A:D1:B8, bluetooth_network, false, fresh
04:19:21, 00:23:D4:69:79:1C, 00:23:D4:6A:B6:B9, wifi_network, false, fresh
04:22:03, 00:23:D4:69:79:1C, 00:23:D4:68:E1:E9, bluetooth_network, false, fresh
04:22:03, 00:23:D4:69:79:1C, 00:23:D4:6A:22:09, wifi_network, false, fresh
04:22:06, 00:23:D4:69:79:1C, 00:23:D4:6A:F5:43, bluetooth_network, false, fresh
04:22:06, 00:23:D4:69:79:1C, 00:23:D4:6A:A4:E2, wifi_network, false, fresh
04:23:02, 00:23:D4:69:79:1C, 00:23:D4:6A:F5:43, bluetooth_network, false, fresh
04:23:02, 00:23:D4:69:79:1C, 00:23:D4:6A:A4:E2, wifi_network, false, fresh
04:23:09, 00:23:D4:69:79:1C, 00:23:D4:68:E1:E9, bluetooth_network, false, fresh
04:23:09, 00:23:D4:69:79:1C, 00:23:D4:6A:22:09, wifi_network, false, fresh
04:23:10, 00:23:D4:69:79:1C, 00:23:D4:6A:B6:B9, bluetooth_network, false, fresh
04:23:11, 00:23:D4:69:79:1C, 00:23:D4:6A:D1:B8, wifi_network, false, fresh
04:24:56, 00:23:D4:69:79:1C, 00:23:D4:6A:22:09, bluetooth_network, false, fresh
04:24:56, 00:23:D4:69:79:1C, 00:23:D4:68:E1:E9, wifi_network, false, fresh
04:24:56, 00:23:D4:69:79:1C, 00:23:D4:6A:A4:E2, bluetooth_network, false, fresh
04:24:56, 00:23:D4:69:79:1C, 00:23:D4:6A:F5:43, wifi_network, false, fresh
04:25:01, 00:23:D4:69:79:1C, 00:23:D4:6A:22:09, bluetooth_network, false, fresh
04:25:01, 00:23:D4:69:79:1C, 00:23:D4:68:E1:E9, wifi_network, false, fresh
04:25:43, 00:23:D4:69:79:1C, 00:23:D4:6A:D1:B8, bluetooth_network, false, fresh
04:25:43, 00:23:D4:69:79:1C, 00:23:D4:6A:B6:B9, wifi_network, false, fresh
04:25:54, 00:23:D4:69:79:1C, 00:23:D4:6A:D1:B8, bluetooth_network, false, fresh
04:25:54, 00:23:D4:69:79:1C, 00:23:D4:6A:B6:B9, wifi_network, false, fresh
04:25:54, 00:23:D4:69:79:1C, 00:23:D4:6A:BB:92, bluetooth_network, false, fresh
04:25:54, 00:23:D4:69:79:1C, 00:23:D4:6A:87:DE, wifi_network, false, fresh
04:27:00, 00:23:D4:69:79:1C, 00:23:D4:6A:D1:B8, bluetooth_network, false, fresh
04:27:00, 00:23:D4:69:79:1C, 00:23:D4:6A:B6:B9, wifi_network, false, fresh
04:28:17, 00:23:D4:69:79:1C, 00:23:D4:6A:D1:B8, bluetooth_network, false, fresh
04:28:17, 00:23:D4:69:79:1C, 00:23:D4:6A:B6:B9, wifi_network, false, fresh
04:28:37, 00:23:D4:69:79:1C, 00:23:D4:6A:A4:E2, bluetooth_network, false, fresh
04:28:38, 00:23:D4:69:79:1C, 00:23:D4:6A:F5:43, wifi_network, false, fresh
04:28:42, 00:23:D4:69:79:1C, 00:23:D4:6A:A4:E2, bluetooth_network, false, fresh
04:28:42, 00:23:D4:69:79:1C, 00:23:D4:6A:F5:43, wifi_network, false, fresh
04:29:13, 00:23:D4:69:79:1C, 00:23:D4:68:E1:E9, bluetooth_network, false, fresh
04:29:13, 00:23:D4:69:79:1C, 00:23:D4:6A:22:09, wifi_network, false, fresh
04:29:29, 00:23:D4:69:79:1C, 00:23:D4:6A:BB:92, bluetooth_network, false, fresh
04:29:29, 00:23:D4:69:79:1C, 00:23:D4:6A:87:DE, wifi_network, false, fresh
04:30:31, 00:23:D4:69:79:1C, 00:23:D4:6A:F5:43, bluetooth_network, false, fresh
04:30:31, 00:23:D4:69:79:1C, 00:23:D4:6A:A4:E2, wifi_network, false, fresh
04:30:33, 00:23:D4:69:79:1C, 00:23:D4:6A:87:DE, bluetooth_network, false, fresh
04:30:33, 00:23:D4:69:79:1C, 00:23:D4:6A:BB:92, wifi_network, false, fresh
04:31:02, 00:23:D4:69:79:1C, 00:23:D4:6A:B6:B9, bluetooth_network, false, fresh
04:31:02, 00:23:D4:69:79:1C, 00:23:D4:6A:D1:B8, wifi_network, false, fresh
04:31:04, 00:23:D4:69:79:1C, 00:23:D4:6A:87:DE, bluetooth_network, false, fresh
04:31:04, 00:23:D4:69:79:1C, 00:23:D4:6A:BB:92, wifi_network, false, fresh
04:31:05, 00:23:D4:69:79:1C, 00:23:D4:68:E1:E9, bluetooth_network, false, fresh
04:31:05, 00:23:D4:69:79:1C, 00:23:D4:6A:22:09, wifi_network, false, fresh
04:31:06, 00:23:D4:69:79:1C, 00:23:D4:6A:B6:B9, bluetooth_network, false, fresh
04:31:06, 00:23:D4:69:79:1C, 00:23:D4:6A:D1:B8, wifi_network, false, fresh
04:32:38, 00:23:D4:69:79:1C, 00:23:D4:6A:22:09, bluetooth_network, false, fresh
04:32:38, 00:23:D4:69:79:1C, 00:23:D4:68:E1:E9, wifi_network, false, fresh
04:33:28, 00:23:D4:69:79:1C, 00:23:D4:6A:87:DE, bluetooth_network, false, fresh
04:33:28, 00:23:D4:69:79:1C, 00:23:D4:6A:BB:92, wifi_network, false, fresh
04:35:10, 00:23:D4:69:79:1C, 00:23:D4:6A:A4:E2, bluetooth_network, false, fresh
04:35:10, 00:23:D4:69:79:1C, 00:23:D4:6A:F5:43, wifi_network, false, fresh
04:35:12, 00:23:D4:69:79:1C, 00:23:D4:6A:BB:92, bluetooth_network, false, fresh
04:35:12, 00:23:D4:69:79:1C, 00:23:D4:6A:87:DE, wifi_network, false, fresh
04:35:52, 00:23:D4:69:79:1C, 00:23:D4:6A:A4:E2, bluetooth_network, false, fresh
04:35:52, 00:23:D4:69:79:1C, 00:23:D4:6A:F5:43, wifi_network, false, fresh
04:36:10, 00:23:D4:69:79:1C, 00:23:D4:68:E1:E9, bluetooth_network, false, fresh
04:36:10, 00:23:D4:69:79:1C, 00:23:D4:6A:22:09, wifi_network, false, fresh
04:36:57, 00:23:D4:69:79:1C, 00:23:D4:68:E1:E9, bluetooth_network, false, fresh
04:36:57, 00:23:D4:69:79:1C, 00:23:D4:6A:22:09, wifi_network, false, fresh
04:37:35, 00:23:D4:69:79:1C, 00:23:D4:6A:F5:43, bluetooth_network, false, fresh
04:37:35, 00:23:D4:69:79:1C, 00:23:D4:6A:A4:E2, wifi_network, false, fresh
04:38:06, 00:23:D4:69:79:1C, 00:23:D4:6A:BB:92, bluetooth_network, false, fresh
04:38:06, 00:23:D4:69:79:1C, 00:23:D4:6A:87:DE, wifi_network, false, fresh
04:38:43, 00:23:D4:69:79:1C, 00:23:D4:68:E1:E9, bluetooth_network, false, fresh
04:38:43, 00:23:D4:69:79:1C, 00:23:D4:6A:22:09, wifi_network, false, fresh
04:38:45, 00:23:D4:69:79:1C, 00:23:D4:6A:B6:B9, bluetooth_network, false, fresh
04:38:45, 00:23:D4:69:79:1C, 00:23:D4:6A:D1:B8, wifi_network, false, fresh
04:40:04, 00:23:D4:69:79:1C, 00:23:D4:6A:F5:43, bluetooth_network, false, fresh
04:40:04, 00:23:D4:69:79:1C, 00:23:D4:6A:A4:E2, wifi_network, false, fresh
04:40:05, 00:23:D4:69:79:1C, 00:23:D4:6A:87:DE, bluetooth_network, false, fresh
04:40:05, 00:23:D4:69:79:1C, 00:23:D4:6A:BB:92, wifi_network, false, fresh
04:40:31, 00:23:D4:69:79:1C, 00:23:D4:6A:87:DE, bluetooth_network, false, fresh
04:40:31, 00:23:D4:69:79:1C, 00:23:D4:6A:BB:92, wifi_network, false, fresh
04:40:33, 00:23:D4:69:79:1C, 00:23:D4:6A:B6:B9, bluetooth_network, false, fresh
04:40:33, 00:23:D4:69:79:1C, 00:23:D4:6A:D1:B8, wifi_network, false, fresh
04:41:13, 00:23:D4:69:79:1C, 00:23:D4:6A:B6:B9, bluetooth_network, false, fresh
04:41:13, 00:23:D4:69:79:1C, 00:23:D4:6A:D1:B8, wifi_network, false, fresh
04:41:51, 00:23:D4:69:79:1C, 00:23:D4:6A:D1:B8, bluetooth_network, false, fresh
04:41:51, 00:23:D4:69:79:1C, 00:23:D4:6A:B6:B9, wifi_network, false, fresh
04:41:51, 00:23:D4:69:79:1C, 00:23:D4:6A:A4:E2, bluetooth_network, false, fresh
04:41:51, 00:23:D4:69:79:1C, 00:23:D4:6A:F5:43, wifi_network, false, fresh
04:41:54, 00:23:D4:69:79:1C, 00:23:D4:6A:22:09, bluetooth_network, false, fresh
04:41:54, 00:23:D4:69:79:1C, 00:23:D4:68:E1:E9, wifi_network, false, fresh
04:42:03, 00:23:D4:69:79:1C, 00:23:D4:6A:87:DE, bluetooth_network, false, fresh
04:42:03, 00:23:D4:69:79:1C, 00:23:D4:6A:BB:92, wifi_network, false, fresh
04:42:40, 00:23:D4:69:79:1C, 00:23:D4:6A:BB:92, bluetooth_network, false, fresh
04:42:40, 00:23:D4:69:79:1C, 00:23:D4:6A:87:DE, wifi_network, false, fresh
04:43:47, 00:23:D4:69:79:1C, 00:23:D4:6A:22:09, bluetooth_network, false, fresh
04:43:47, 00:23:D4:69:79:1C, 00:23:D4:68:E1:E9, wifi_network, false, fresh
04:44:10, 00:23:D4:69:79:1C, 00:23:D4:6A:D1:B8, bluetooth_network, false, fresh
04:44:10, 00:23:D4:69:79:1C, 00:23:D4:6A:B6:B9, wifi_network, false, fresh
04:44:12, 00:23:D4:69:79:1C, 00:23:D4:6A:BB:92, bluetooth_network, false, fresh
04:44:12, 00:23:D4:69:79:1C, 00:23:D4:6A:87:DE, wifi_network, false, fresh
04:44:14, 00:23:D4:69:79:1C, 00:23:D4:6A:22:09, bluetooth_network, false, fresh
04:44:14, 00:23:D4:69:79:1C, 00:23:D4:68:E1:E9, wifi_network, false, fresh
04:44:46, 00:23:D4:69:79:1C, 00:23:D4:6A:D1:B8, bluetooth_network, false, fresh
04:44:46, 00:23:D4:69:79:1C, 00:23:D4:6A:B6:B9, wifi_network, false, fresh
04:44:49, 00:23:D4:69:79:1C, 00:23:D4:68:E1:E9, bluetooth_network, false, fresh
04:44:49, 00:23:D4:69:79:1C, 00:23:D4:6A:22:09, wifi_network, false, fresh
04:44:51, 00:23:D4:69:79:1C, 00:23:D4:6A:D1:B8, bluetooth_network, false, fresh
04:44:51, 00:23:D4:69:79:1C, 00:23:D4:6A:B6:B9, wifi_network, false, fresh
04:45:55, 00:23:D4:69:79:1C, 00:23:D4:6A:BB:92, bluetooth_network, false, fresh
04:45:55, 00:23:D4:69:79:1C, 00:23:D4:6A:87:DE, wifi_network, false, fresh
04:46:51, 00:23:D4:69:79:1C, 00:23:D4:6A:BB:92, bluetooth_network, false, fresh
04:46:51, 00:23:D4:69:79:1C, 00:23:D4:6A:87:DE, wifi_network, false, fresh
04:47:10, 00:23:D4:69:79:1C, 00:23:D4:6A:87:DE, bluetooth_network, false, fresh
04:47:10, 00:23:D4:69:79:1C, 00:23:D4:6A:BB:92, wifi_network, false, fresh
04:48:02, 00:23:D4:69:79:1C, 00:23:D4:6A:87:DE, bluetooth_network, false, fresh
04:48:02, 00:23:D4:69:79:1C, 00:23:D4:6A:BB:92, wifi_network, false, fresh
04:48:16, 00:23:D4:69:79:1C, 00:23:D4:6A:B6:B9, bluetooth_network, false, fresh
04:48:16, 00:23:D4:69:79:1C, 00:23:D4:6A:D1:B8, wifi_network, false, fresh
04:48:57, 00:23:D4:69:79:1C, 00:23:D4:6A:B6:B9, bluetooth_network, false, fresh
04:48:57, 00:23:D4:69:79:1C, 00:23:D4:6A:D1:B8, wifi_network, false, fresh
04:49:33, 00:23:D4:69:79:1C, 00:23:D4:6A:22:09, bluetooth_network, false, fresh
04:49:33, 00:23:D4:69:79:1C, 00:23:D4:68:E1:E9, wifi_network, false, fresh
04:49:34, 00:23:D4:69:79:1C, 00:23:D4:6A:87:DE, bluetooth_network, false, fresh
04:49:34, 00:23:D4:69:79:1C, 00:23:D4:6A:BB:92, wifi_network, false, fresh
04:51:36, 00:23:D4:69:79:1C, 00:23:D4:6A:22:09, bluetooth_network, false, fresh
04:51:36, 00:23:D4:69:79:1C, 00:23:D4:68:E1:E9, wifi_network, false, fresh
04:52:29, 00:23:D4:69:79:1C, 00:23:D4:6A:D1:B8, bluetooth_network, false, fresh
04:52:29, 00:23:D4:69:79:1C, 00:23:D4:6A:B6:B9, wifi_network, false, fresh
04:52:33, 00:23:D4:69:79:1C, 00:23:D4:6A:D1:B8, bluetooth_network, false, fresh
04:52:33, 00:23:D4:69:79:1C, 00:23:D4:6A:B6:B9, wifi_network, false, fresh
04:53:13, 00:23:D4:69:79:1C, 00:23:D4:6A:22:09, bluetooth_network, false, fresh
04:53:13, 00:23:D4:69:79:1C, 00:23:D4:68:E1:E9, wifi_network, false, fresh
04:54:48, 00:23:D4:69:79:1C, 00:23:D4:68:E1:E9, bluetooth_network, false, fresh
04:54:48, 00:23:D4:69:79:1C, 00:23:D4:6A:22:09, wifi_network, false, fresh
04:55:18, 00:23:D4:69:79:1C, 00:23:D4:6A:B6:B9, bluetooth_network, false, fresh
04:55:18, 00:23:D4:69:79:1C, 00:23:D4:6A:D1:B8, wifi_network, false, fresh
04:56:34, 00:23:D4:69:79:1C, 00:23:D4:6A:B6:B9, bluetooth_network, false, fresh
04:56:34, 00:23:D4:69:79:1C, 00:23:D4:6A:D1:B8, wifi_network, false, fresh
04:56:50, 00:23:D4:69:79:1C, 00:23:D4:6A:B6:B9, bluetooth_network, false, fresh
04:56:50, 00:23:D4:69:79:1C, 00:23:D4:6A:D1:B8, wifi_network, false, fresh
04:56:52, 00:23:D4:69:79:1C, 00:23:D4:68:E1:E9, bluetooth_network, false, fresh
04:56:52, 00:23:D4:69:79:1C, 00:23:D4:6A:22:09, wifi_network, false, fresh
04:58:06, 00:23:D4:69:79:1C, 00:23:D4:6A:87:DE, bluetooth_network, false, fresh
04:58:06, 00:23:D4:69:79:1C, 00:23:D4:6A:BB:92, wifi_network, false, fresh
04:58:53, 00:23:D4:69:79:1C, 00:23:D4:6A:87:DE, bluetooth_network, false, fresh
04:58:53, 00:23:D4:69:79:1C, 00:23:D4:6A:BB:92, wifi_network, false, fresh
04:59:10, 00:23:D4:69:79:1C, 00:23:D4:6A:22:09, bluetooth_network, false, fresh
04:59:10, 00:23:D4:69:79:1C, 00:23:D4:68:E1:E9, wifi_network, false, fresh
05:00:01, 00:23:D4:69:79:1C, 00:23:D4:6A:BB:92, bluetooth_network, false, fresh
05:00:01, 00:23:D4:69:79:1C, 00:23:D4:6A:87:DE, wifi_network, false, fresh
05:00:17, 00:23:D4:69:79:1C, 00:23:D4:6A:D1:B8, bluetooth_network, false, fresh
05:00:17, 00:23:D4:69:79:1C, 00:23:D4:6A:B6:B9, wifi_network, false, fresh
05:01:14, 00:23:D4:69:79:1C, 00:23:D4:6A:D1:B8, bluetooth_network, false, fresh
05:01:14, 00:23:D4:69:79:1C, 00:23:D4:6A:B6:B9, wifi_network, false, fresh
05:01:44, 00:23:D4:69:79:1C, 00:23:D4:6A:BB:92, bluetooth_network, false, fresh
05:01:44, 00:23:D4:69:79:1C, 00:23:D4:6A:87:DE, wifi_network, false, fresh
05:02:20, 00:23:D4:69:79:1C, 00:23:D4:6A:BB:92, bluetooth_network, false, fresh
05:02:20, 00:23:D4:69:79:1C, 00:23:D4:6A:87:DE, wifi_network, false, fresh
05:02:21, 00:23:D4:69:79:1C, 00:23:D4:6A:D1:B8, bluetooth_network, false, fresh
05:02:21, 00:23:D4:69:79:1C, 00:23:D4:6A:B6:B9, wifi_network, false, fresh
05:02:35, 00:23:D4:69:79:1C, 00:23:D4:6A:BB:92, bluetooth_network, false, fresh
05:02:35, 00:23:D4:69:79:1C, 00:23:D4:6A:87:DE, wifi_network, false, fresh
05:02:51, 00:23:D4:69:79:1C, 00:23:D4:6A:B6:B9, bluetooth_network, false, fresh
05:02:51, 00:23:D4:69:79:1C, 00:23:D4:6A:D1:B8, wifi_network, false, fresh
05:03:41, 00:23:D4:69:79:1C, 00:23:D4:68:E1:E9, bluetooth_network, false, fresh
05:03:41, 00:23:D4:69:79:1C, 00:23:D4:6A:22:09, wifi_network, false, fresh
05:04:29, 00:23:D4:69:79:1C, 00:23:D4:6A:B6:B9, bluetooth_network, false, fresh
05:04:29, 00:23:D4:69:79:1C, 00:23:D4:6A:D1:B8, wifi_network, false, fresh
05:04:32, 00:23:D4:69:79:1C, 00:23:D4:6A:87:DE, bluetooth_network, false, fresh
05:04:32, 00:23:D4:69:79:1C, 00:23:D4:6A:BB:92, wifi_network, false, fresh
05:05:10, 00:23:D4:69:79:1C, 00:23:D4:6A:B6:B9, bluetooth_network, false, fresh
05:05:10, 00:23:D4:69:79:1C, 00:23:D4:6A:D1:B8, wifi_network, false, fresh
05:05:44, 00:23:D4:69:79:1C, 00:23:D4:68:E1:E9, bluetooth_network, false, fresh
05:05:44, 00:23:D4:69:79:1C, 00:23:D4:6A:22:09, wifi_network, false, fresh
05:05:45, 00:23:D4:69:79:1C, 00:23:D4:6A:87:DE, bluetooth_network, false, fresh
05:05:45, 00:23:D4:69:79:1C, 00:23:D4:6A:BB:92, wifi_network, false, fresh
05:06:48, 00:23:D4:69:79:1C, 00:23:D4:6A:B6:B9, bluetooth_network, false, fresh
05:06:48, 00:23:D4:69:79:1C, 00:23:D4:6A:D1:B8, wifi_network, false, fresh
05:06:52, 00:23:D4:69:79:1C, 00:23:D4:6A:87:DE, bluetooth_network, false, fresh
05:06:52, 00:23:D4:69:79:1C, 00:23:D4:6A:BB:92, wifi_network, false, fresh
05:06:53, 00:23:D4:69:79:1C, 00:23:D4:6A:B6:B9, bluetooth_network, false, fresh
05:06:53, 00:23:D4:69:79:1C, 00:23:D4:6A:D1:B8, wifi_network, false, fresh
05:07:37, 00:23:D4:69:79:1C, 00:23:D4:6A:22:09, bluetooth_network, false, fresh
05:07:37, 00:23:D4:69:79:1C, 00:23:D4:68:E1:E9, wifi_network, false, fresh
05:07:44, 00:23:D4:69:79:1C, 00:23:D4:6A:87:DE, bluetooth_network, false, fresh
05:07:44, 00:23:D4:69:79:1C, 00:23:D4:6A:BB:92, wifi_network, false, fresh
05:08:19, 00:23:D4:69:79:1C, 00:23:D4:6A:BB:92, bluetooth_network, false, fresh
05:08:19, 00:23:D4:69:79:1C, 00:23:D4:6A:87:DE, wifi_network, false, fresh
05:10:01, 00:23:D4:69:79:1C, 00:23:D4:6A:BB:92, bluetooth_network, false, fresh
05:10:01, 00:23:D4:69:79:1C, 00:23:D4:6A:87:DE, wifi_network, false, fresh
05:10:03, 00:23:D4:69:79:1C, 00:23:D4:6A:D1:B8, bluetooth_network, false, fresh
05:10:03, 00:23:D4:69:79:1C, 00:23:D4:6A:B6:B9, wifi_network, false, fresh
05:10:34, 00:23:D4:69:79:1C, 00:23:D4:6A:D1:B8, bluetooth_network, false, fresh
05:10:34, 00:23:D4:69:79:1C, 00:23:D4:6A:B6:B9, wifi_network, false, fresh
05:11:09, 00:23:D4:69:79:1C, 00:23:D4:6A:BB:92, bluetooth_network, false, fresh
05:11:09, 00:23:D4:69:79:1C, 00:23:D4:6A:87:DE, wifi_network, false, fresh
05:11:44, 00:23:D4:69:79:1C, 00:23:D4:6A:BB:92, bluetooth_network, false, fresh
05:11:44, 00:23:D4:69:79:1C, 00:23:D4:6A:87:DE, wifi_network, false, fresh
05:12:52, 00:23:D4:69:79:1C, 00:23:D4:6A:87:DE, bluetooth_network, false, fresh
05:12:52, 00:23:D4:69:79:1C, 00:23:D4:6A:BB:92, wifi_network, false, fresh
05:13:43, 00:23:D4:69:79:1C, 00:23:D4:68:E1:E9, bluetooth_network, false, fresh
05:13:43, 00:23:D4:69:79:1C, 00:23:D4:6A:22:09, wifi_network, false, fresh
05:15:37, 00:23:D4:69:79:1C, 00:23:D4:6A:87:DE, bluetooth_network, false, fresh
05:15:37, 00:23:D4:69:79:1C, 00:23:D4:6A:BB:92, wifi_network, false, fresh
05:15:37, 00:23:D4:69:79:1C, 00:23:D4:6A:D1:B8, bluetooth_network, false, fresh
05:15:37, 00:23:D4:69:79:1C, 00:23:D4:6A:B6:B9, wifi_network, false, fresh
05:16:18, 00:23:D4:69:79:1C, 00:23:D4:6A:87:DE, bluetooth_network, false, fresh
05:16:18, 00:23:D4:69:79:1C, 00:23:D4:6A:BB:92, wifi_network, false, fresh
05:18:01, 00:23:D4:69:79:1C, 00:23:D4:6A:D1:B8, bluetooth_network, false, fresh
05:18:01, 00:23:D4:69:79:1C, 00:23:D4:6A:B6:B9, wifi_network, false, fresh
05:18:33, 00:23:D4:69:79:1C, 00:23:D4:6A:BB:92, bluetooth_network, false, fresh
05:18:33, 00:23:D4:69:79:1C, 00:23:D4:6A:87:DE, wifi_network, false, fresh
05:19:03, 00:23:D4:69:79:1C, 00:23:D4:6A:D1:B8, bluetooth_network, false, fresh
05:19:03, 00:23:D4:69:79:1C, 00:23:D4:6A:B6:B9, wifi_network, false, fresh
05:19:06, 00:23:D4:69:79:1C, 00:23:D4:68:E1:E9, bluetooth_network, false, fresh
05:19:06, 00:23:D4:69:79:1C, 00:23:D4:6A:22:09, wifi_network, false, fresh
05:20:09, 00:23:D4:69:79:1C, 00:23:D4:68:E1:E9, bluetooth_network, false, fresh
05:20:09, 00:23:D4:69:79:1C, 00:23:D4:6A:22:09, wifi_network, false, fresh
05:20:45, 00:23:D4:69:79:1C, 00:23:D4:68:E1:E9, bluetooth_network, false, fresh
05:20:45, 00:23:D4:69:79:1C, 00:23:D4:6A:22:09, wifi_network, false, fresh
05:22:18, 00:23:D4:69:79:1C, 00:23:D4:6A:B6:B9, bluetooth_network, false, fresh
05:22:18, 00:23:D4:69:79:1C, 00:23:D4:6A:D1:B8, wifi_network, false, fresh
05:22:20, 00:23:D4:69:79:1C, 00:23:D4:6A:87:DE, bluetooth_network, false, fresh
05:22:20, 00:23:D4:69:79:1C, 00:23:D4:6A:BB:92, wifi_network, false, fresh
05:22:24, 00:23:D4:69:79:1C, 00:23:D4:6A:87:DE, bluetooth_network, false, fresh
05:22:24, 00:23:D4:69:79:1C, 00:23:D4:6A:BB:92, wifi_network, false, fresh
05:24:01, 00:23:D4:69:79:1C, 00:23:D4:6A:B6:B9, bluetooth_network, false, fresh
05:24:01, 00:23:D4:69:79:1C, 00:23:D4:6A:D1:B8, wifi_network, false, fresh
05:25:07, 00:23:D4:69:79:1C, 00:23:D4:6A:22:09, bluetooth_network, false, fresh
05:25:07, 00:23:D4:69:79:1C, 00:23:D4:68:E1:E9, wifi_network, false, fresh
05:26:11, 00:23:D4:69:79:1C, 00:23:D4:6A:D1:B8, bluetooth_network, false, fresh
05:26:11, 00:23:D4:69:79:1C, 00:23:D4:6A:B6:B9, wifi_network, false, fresh
05:27:35, 00:23:D4:69:79:1C, 00:23:D4:68:E1:E9, bluetooth_network, false, fresh
05:27:35, 00:23:D4:69:79:1C, 00:23:D4:6A:22:09, wifi_network, false, fresh
05:28:19, 00:23:D4:69:79:1C, 00:23:D4:6A:D1:B8, bluetooth_network, false, fresh
05:28:19, 00:23:D4:69:79:1C, 00:23:D4:6A:B6:B9, wifi_network, false, fresh
05:31:52, 00:23:D4:69:79:1C, 00:23:D4:6A:22:09, bluetooth_network, false, fresh
05:31:52, 00:23:D4:69:79:1C, 00:23:D4:68:E1:E9, wifi_network, false, fresh
05:33:40, 00:23:D4:69:79:1C, 00:23:D4:6A:22:09, bluetooth_network, false, fresh
05:33:40, 00:23:D4:69:79:1C, 00:23:D4:68:E1:E9, wifi_network, false, fresh
05:34:21, 00:23:D4:69:79:1C, 00:23:D4:6A:22:09, bluetooth_network, false, fresh
05:34:21, 00:23:D4:69:79:1C, 00:23:D4:68:E1:E9, wifi_network, false, fresh
05:35:27, 00:23:D4:69:79:1C, 00:23:D4:6A:D1:B8, bluetooth_network, false, fresh
05:35:27, 00:23:D4:69:79:1C, 00:23:D4:6A:B6:B9, wifi_network, false, fresh
05:36:12, 00:23:D4:69:79:1C, 00:23:D4:6A:D1:B8, bluetooth_network, false, fresh
05:36:12, 00:23:D4:69:79:1C, 00:23:D4:6A:B6:B9, wifi_network, false, fresh
05:36:13, 00:23:D4:69:79:1C, 00:23:D4:68:E1:E9, bluetooth_network, false, fresh
05:36:13, 00:23:D4:69:79:1C, 00:23:D4:6A:22:09, wifi_network, false, fresh
05:38:12, 00:23:D4:69:79:1C, 00:23:D4:6A:B6:B9, bluetooth_network, false, fresh
05:38:12, 00:23:D4:69:79:1C, 00:23:D4:6A:D1:B8, wifi_network, false, fresh
05:38:15, 00:23:D4:69:79:1C, 00:23:D4:6A:BB:92, bluetooth_network, false, fresh
05:38:15, 00:23:D4:69:79:1C, 00:23:D4:6A:87:DE, wifi_network, false, fresh
05:38:53, 00:23:D4:69:79:1C, 00:23:D4:6A:B6:B9, bluetooth_network, false, fresh
05:38:53, 00:23:D4:69:79:1C, 00:23:D4:6A:D1:B8, wifi_network, false, fresh
05:41:02, 00:23:D4:69:79:1C, 00:23:D4:6A:B6:B9, bluetooth_network, false, fresh
05:41:02, 00:23:D4:69:79:1C, 00:23:D4:6A:D1:B8, wifi_network, false, fresh
05:41:26, 00:23:D4:69:79:1C, 00:23:D4:6A:D1:B8, bluetooth_network, false, fresh
05:41:26, 00:23:D4:69:79:1C, 00:23:D4:6A:B6:B9, wifi_network, false, fresh
05:42:58, 00:23:D4:69:79:1C, 00:23:D4:6A:D1:B8, bluetooth_network, false, fresh
05:42:58, 00:23:D4:69:79:1C, 00:23:D4:6A:B6:B9, wifi_network, false, fresh
05:43:45, 00:23:D4:69:79:1C, 00:23:D4:6A:D1:B8, bluetooth_network, false, fresh
05:43:45, 00:23:D4:69:79:1C, 00:23:D4:6A:B6:B9, wifi_network, false, fresh
05:45:44, 00:23:D4:69:79:1C, 00:23:D4:6A:B6:B9, bluetooth_network, false, fresh
05:45:44, 00:23:D4:69:79:1C, 00:23:D4:6A:D1:B8, wifi_network, false, fresh
05:47:58, 00:23:D4:69:79:1C, 00:23:D4:6A:BB:92, bluetooth_network, false, fresh
05:47:58, 00:23:D4:69:79:1C, 00:23:D4:6A:87:DE, wifi_network, false, fresh
05:48:19, 00:23:D4:69:79:1C, 00:23:D4:6A:B6:B9, bluetooth_network, false, fresh
05:48:19, 00:23:D4:69:79:1C, 00:23:D4:6A:D1:B8, wifi_network, false, fresh
05:49:26, 00:23:D4:69:79:1C, 00:23:D4:6A:BB:92, bluetooth_network, false, fresh
05:49:26, 00:23:D4:69:79:1C, 00:23:D4:6A:87:DE, wifi_network, false, fresh
05:49:26, 00:23:D4:69:79:1C, 00:23:D4:6A:B6:B9, bluetooth_network, false, fresh
05:49:26, 00:23:D4:69:79:1C, 00:23:D4:6A:D1:B8, wifi_network, false, fresh
05:50:22, 00:23:D4:69:79:1C, 00:23:D4:6A:BB:92, bluetooth_network, false, fresh
05:50:22, 00:23:D4:69:79:1C, 00:23:D4:6A:87:DE, wifi_network, false, fresh
05:53:43, 00:23:D4:69:79:1C, 00:23:D4:6A:87:DE, bluetooth_network, false, fresh
05:53:43, 00:23:D4:69:79:1C, 00:23:D4:6A:BB:92, wifi_network, false, fresh
05:54:01, 00:23:D4:69:79:1C, 00:23:D4:6A:D1:B8, bluetooth_network, false, fresh
05:54:01, 00:23:D4:69:79:1C, 00:23:D4:6A:B6:B9, wifi_network, false, fresh
05:56:52, 00:23:D4:69:79:1C, 00:23:D4:6A:B6:B9, bluetooth_network, false, fresh
05:56:52, 00:23:D4:69:79:1C, 00:23:D4:6A:D1:B8, wifi_network, false, fresh
05:57:23, 00:23:D4:69:79:1C, 00:23:D4:6A:B6:B9, bluetooth_network, false, fresh
05:57:23, 00:23:D4:69:79:1C, 00:23:D4:6A:D1:B8, wifi_network, false, fresh
05:57:23, 00:23:D4:69:79:1C, 00:23:D4:6A:BB:92, bluetooth_network, false, fresh
05:57:23, 00:23:D4:69:79:1C, 00:23:D4:6A:87:DE, wifi_network, false, fresh
05:57:38, 00:23:D4:69:79:1C, 00:23:D4:6A:B6:B9, bluetooth_network, false, fresh
05:57:39, 00:23:D4:69:79:1C, 00:23:D4:6A:D1:B8, wifi_network, false, fresh
05:59:20, 00:23:D4:69:79:1C, 00:23:D4:6A:D1:B8, bluetooth_network, false, fresh
05:59:20, 00:23:D4:69:79:1C, 00:23:D4:6A:B6:B9, wifi_network, false, fresh
06:00:00, 00:23:D4:69:79:1C, 00:23:D4:6A:D1:B8, bluetooth_network, false, fresh
06:00:00, 00:23:D4:69:79:1C, 00:23:D4:6A:B6:B9, wifi_network, false, fresh
06:01:04, 00:23:D4:69:79:1C, 00:23:D4:6A:D1:B8, bluetooth_network, false, fresh
06:01:04, 00:23:D4:69:79:1C, 00:23:D4:6A:B6:B9, wifi_network, false, fresh
06:01:08, 00:23:D4:69:79:1C, 00:23:D4:6A:D1:B8, bluetooth_network, false, fresh
06:01:08, 00:23:D4:69:79:1C, 00:23:D4:6A:B6:B9, wifi_network, false, fresh
06:02:15, 00:23:D4:69:79:1C, 00:23:D4:6A:87:DE, bluetooth_network, false, fresh
06:02:15, 00:23:D4:69:79:1C, 00:23:D4:6A:BB:92, wifi_network, false, fresh
06:02:36, 00:23:D4:69:79:1C, 00:23:D4:6A:87:DE, bluetooth_network, false, fresh
06:02:36, 00:23:D4:69:79:1C, 00:23:D4:6A:BB:92, wifi_network, false, fresh
06:03:23, 00:23:D4:69:79:1C, 00:23:D4:6A:87:DE, bluetooth_network, false, fresh
06:03:23, 00:23:D4:69:79:1C, 00:23:D4:6A:BB:92, wifi_network, false, fresh
06:06:12, 00:23:D4:69:79:1C, 00:23:D4:6A:B6:B9, bluetooth_network, false, fresh
06:06:12, 00:23:D4:69:79:1C, 00:23:D4:6A:D1:B8, wifi_network, false, fresh
06:06:48, 00:23:D4:69:79:1C, 00:23:D4:6A:B6:B9, bluetooth_network, false, fresh
06:06:48, 00:23:D4:69:79:1C, 00:23:D4:6A:D1:B8, wifi_network, false, fresh
06:07:25, 00:23:D4:69:79:1C, 00:23:D4:6A:BB:92, bluetooth_network, false, fresh
06:07:25, 00:23:D4:69:79:1C, 00:23:D4:6A:87:DE, wifi_network, false, fresh
06:11:25, 00:23:D4:69:79:1C, 00:23:D4:6A:B6:B9, bluetooth_network, false, fresh
06:11:25, 00:23:D4:69:79:1C, 00:23:D4:6A:D1:B8, wifi_network, false, fresh
06:12:21, 00:23:D4:69:79:1C, 00:23:D4:6A:87:DE, bluetooth_network, false, fresh
06:12:21, 00:23:D4:69:79:1C, 00:23:D4:6A:BB:92, wifi_network, false, fresh
06:13:13, 00:23:D4:69:79:1C, 00:23:D4:6A:BB:92, bluetooth_network, false, fresh
06:13:13, 00:23:D4:69:79:1C, 00:23:D4:6A:87:DE, wifi_network, false, fresh
06:14:16, 00:23:D4:69:79:1C, 00:23:D4:6A:B6:B9, bluetooth_network, false, fresh
06:14:16, 00:23:D4:69:79:1C, 00:23:D4:6A:D1:B8, wifi_network, false, fresh
06:14:20, 00:23:D4:69:79:1C, 00:23:D4:6A:BB:92, bluetooth_network, false, fresh
06:14:20, 00:23:D4:69:79:1C, 00:23:D4:6A:87:DE, wifi_network, false, fresh
06:15:27, 00:23:D4:69:79:1C, 00:23:D4:6A:B6:B9, bluetooth_network, false, fresh
06:15:27, 00:23:D4:69:79:1C, 00:23:D4:6A:D1:B8, wifi_network, false, fresh
06:17:19, 00:23:D4:69:79:1C, 00:23:D4:6A:D1:B8, bluetooth_network, false, fresh
06:17:19, 00:23:D4:69:79:1C, 00:23:D4:6A:B6:B9, wifi_network, false, fresh
06:18:52, 00:23:D4:69:79:1C, 00:23:D4:6A:D1:B8, bluetooth_network, false, fresh
06:18:52, 00:23:D4:69:79:1C, 00:23:D4:6A:B6:B9, wifi_network, false, fresh
06:22:14, 00:23:D4:69:79:1C, 00:23:D4:6A:B6:B9, bluetooth_network, false, fresh
06:22:14, 00:23:D4:69:79:1C, 00:23:D4:6A:D1:B8, wifi_network, false, fresh
06:22:14, 00:23:D4:69:79:1C, 00:23:D4:6A:87:DE, bluetooth_network, false, fresh
06:22:14, 00:23:D4:69:79:1C, 00:23:D4:6A:BB:92, wifi_network, false, fresh
06:24:43, 00:23:D4:69:79:1C, 00:23:D4:6A:D1:B8, bluetooth_network, false, fresh
06:24:43, 00:23:D4:69:79:1C, 00:23:D4:6A:B6:B9, wifi_network, false, fresh
06:24:48, 00:23:D4:69:79:1C, 00:23:D4:6A:D1:B8, bluetooth_network, false, fresh
06:24:48, 00:23:D4:69:79:1C, 00:23:D4:6A:B6:B9, wifi_network, false, fresh
06:25:15, 00:23:D4:69:79:1C, 00:23:D4:6A:D1:B8, bluetooth_network, false, fresh
06:25:15, 00:23:D4:69:79:1C, 00:23:D4:6A:B6:B9, wifi_network, false, fresh
06:26:47, 00:23:D4:69:79:1C, 00:23:D4:6A:D1:B8, bluetooth_network, false, fresh
06:26:47, 00:23:D4:69:79:1C, 00:23:D4:6A:B6:B9, wifi_network, false, fresh
06:27:27, 00:23:D4:69:79:1C, 00:23:D4:6A:BB:92, bluetooth_network, false, fresh
06:27:27, 00:23:D4:69:79:1C, 00:23:D4:6A:87:DE, wifi_network, false, fresh
06:27:57, 00:23:D4:69:79:1C, 00:23:D4:6A:BB:92, bluetooth_network, false, fresh
06:27:57, 00:23:D4:69:79:1C, 00:23:D4:6A:87:DE, wifi_network, false, fresh
06:28:15, 00:23:D4:69:79:1C, 00:23:D4:6A:D1:B8, bluetooth_network, false, fresh
06:28:15, 00:23:D4:69:79:1C, 00:23:D4:6A:B6:B9, wifi_network, false, fresh
06:28:49, 00:23:D4:69:79:1C, 00:23:D4:6A:BB:92, bluetooth_network, false, fresh
06:28:49, 00:23:D4:69:79:1C, 00:23:D4:6A:87:DE, wifi_network, false, fresh
06:32:18, 00:23:D4:69:79:1C, 00:23:D4:6A:B6:B9, bluetooth_network, false, fresh
06:32:18, 00:23:D4:69:79:1C, 00:23:D4:6A:D1:B8, wifi_network, false, fresh
06:33:02, 00:23:D4:69:79:1C, 00:23:D4:6A:87:DE, bluetooth_network, false, fresh
06:33:02, 00:23:D4:69:79:1C, 00:23:D4:6A:BB:92, wifi_network, false, fresh
06:33:39, 00:23:D4:69:79:1C, 00:23:D4:6A:D1:B8, bluetooth_network, false, fresh
06:33:40, 00:23:D4:69:79:1C, 00:23:D4:6A:B6:B9, wifi_network, false, fresh
06:35:17, 00:23:D4:69:79:1C, 00:23:D4:6A:BB:92, bluetooth_network, false, fresh
06:35:17, 00:23:D4:69:79:1C, 00:23:D4:6A:87:DE, wifi_network, false, fresh
06:35:57, 00:23:D4:69:79:1C, 00:23:D4:6A:BB:92, bluetooth_network, false, fresh
06:35:57, 00:23:D4:69:79:1C, 00:23:D4:6A:87:DE, wifi_network, false, fresh
06:36:09, 00:23:D4:69:79:1C, 00:23:D4:6A:BB:92, bluetooth_network, false, fresh
06:36:09, 00:23:D4:69:79:1C, 00:23:D4:6A:87:DE, wifi_network, false, fresh
06:37:31, 00:23:D4:69:79:1C, 00:23:D4:6A:BB:92, bluetooth_network, false, fresh
06:37:31, 00:23:D4:69:79:1C, 00:23:D4:6A:87:DE, wifi_network, false, fresh
06:38:06, 00:23:D4:69:79:1C, 00:23:D4:6A:B6:B9, bluetooth_network, false, fresh
06:38:06, 00:23:D4:69:79:1C, 00:23:D4:6A:D1:B8, wifi_network, false, fresh
06:39:23, 00:23:D4:69:79:1C, 00:23:D4:6A:B6:B9, bluetooth_network, false, fresh
06:39:23, 00:23:D4:69:79:1C, 00:23:D4:6A:D1:B8, wifi_network, false, fresh
06:40:46, 00:23:D4:69:79:1C, 00:23:D4:6A:87:DE, bluetooth_network, false, fresh
06:40:46, 00:23:D4:69:79:1C, 00:23:D4:6A:BB:92, wifi_network, false, fresh
06:42:14, 00:23:D4:69:79:1C, 00:23:D4:6A:BB:92, bluetooth_network, false, fresh
06:42:14, 00:23:D4:69:79:1C, 00:23:D4:6A:87:DE, wifi_network, false, fresh
06:43:40, 00:23:D4:69:79:1C, 00:23:D4:6A:D1:B8, bluetooth_network, false, fresh
06:43:40, 00:23:D4:69:79:1C, 00:23:D4:6A:B6:B9, wifi_network, false, fresh
06:51:39, 00:23:D4:69:79:1C, 00:23:D4:6A:D1:B8, bluetooth_network, false, fresh
06:51:39, 00:23:D4:69:79:1C, 00:23:D4:6A:B6:B9, wifi_network, false, fresh
06:51:40, 00:23:D4:69:79:1C, 00:23:D4:6A:BB:92, bluetooth_network, false, fresh
06:51:40, 00:23:D4:69:79:1C, 00:23:D4:6A:87:DE, wifi_network, false, fresh
06:53:02, 00:23:D4:69:79:1C, 00:23:D4:6A:BB:92, bluetooth_network, false, fresh
06:53:02, 00:23:D4:69:79:1C, 00:23:D4:6A:87:DE, wifi_network, false, fresh
06:53:07, 00:23:D4:69:79:1C, 00:23:D4:6A:BB:92, bluetooth_network, false, fresh
06:53:07, 00:23:D4:69:79:1C, 00:23:D4:6A:87:DE, wifi_network, false, fresh
06:53:11, 00:23:D4:69:79:1C, 00:23:D4:6A:D1:B8, bluetooth_network, false, fresh
06:53:11, 00:23:D4:69:79:1C, 00:23:D4:6A:B6:B9, wifi_network, false, fresh
06:55:09, 00:23:D4:69:79:1C, 00:23:D4:6A:B6:B9, bluetooth_network, false, fresh
06:55:09, 00:23:D4:69:79:1C, 00:23:D4:6A:D1:B8, wifi_network, false, fresh
06:56:31, 00:23:D4:69:79:1C, 00:23:D4:6A:B6:B9, bluetooth_network, false, fresh
06:56:31, 00:23:D4:69:79:1C, 00:23:D4:6A:D1:B8, wifi_network, false, fresh
06:58:17, 00:23:D4:69:79:1C, 00:23:D4:6A:87:DE, bluetooth_network, false, fresh
06:58:17, 00:23:D4:69:79:1C, 00:23:D4:6A:BB:92, wifi_network, false, fresh
06:59:05, 00:23:D4:69:79:1C, 00:23:D4:6A:D1:B8, bluetooth_network, false, fresh
06:59:05, 00:23:D4:69:79:1C, 00:23:D4:6A:B6:B9, wifi_network, false, fresh
06:59:08, 00:23:D4:69:79:1C, 00:23:D4:6A:87:DE, bluetooth_network, false, fresh
06:59:08, 00:23:D4:69:79:1C, 00:23:D4:6A:BB:92, wifi_network, false, fresh
07:01:07, 00:23:D4:69:79:1C, 00:23:D4:6A:D1:B8, bluetooth_network, false, fresh
07:01:07, 00:23:D4:69:79:1C, 00:23:D4:6A:B6:B9, wifi_network, false, fresh
07:03:01, 00:23:D4:69:79:1C, 00:23:D4:6A:BB:92, bluetooth_network, false, fresh
07:03:01, 00:23:D4:69:79:1C, 00:23:D4:6A:87:DE, wifi_network, false, fresh
07:05:24, 00:23:D4:69:79:1C, 00:23:D4:6A:B6:B9, bluetooth_network, false, fresh
07:05:24, 00:23:D4:69:79:1C, 00:23:D4:6A:D1:B8, wifi_network, false, fresh
07:05:29, 00:23:D4:69:79:1C, 00:23:D4:6A:87:DE, bluetooth_network, false, fresh
07:05:29, 00:23:D4:69:79:1C, 00:23:D4:6A:BB:92, wifi_network, false, fresh
07:05:29, 00:23:D4:69:79:1C, 00:23:D4:6A:B6:B9, bluetooth_network, false, fresh
07:05:29, 00:23:D4:69:79:1C, 00:23:D4:6A:D1:B8, wifi_network, false, fresh
07:06:15, 00:23:D4:69:79:1C, 00:23:D4:6A:87:DE, bluetooth_network, false, fresh
07:06:15, 00:23:D4:69:79:1C, 00:23:D4:6A:BB:92, wifi_network, false, fresh
07:06:15, 00:23:D4:69:79:1C, 00:23:D4:6A:B6:B9, bluetooth_network, false, fresh
07:06:15, 00:23:D4:69:79:1C, 00:23:D4:6A:D1:B8, wifi_network, false, fresh
07:06:51, 00:23:D4:69:79:1C, 00:23:D4:6A:87:DE, bluetooth_network, false, fresh
07:06:51, 00:23:D4:69:79:1C, 00:23:D4:6A:BB:92, wifi_network, false, fresh
07:06:51, 00:23:D4:69:79:1C, 00:23:D4:6A:B6:B9, bluetooth_network, false, fresh
07:06:51, 00:23:D4:69:79:1C, 00:23:D4:6A:D1:B8, wifi_network, false, fresh
07:07:42, 00:23:D4:69:79:1C, 00:23:D4:6A:87:DE, bluetooth_network, false, fresh
07:07:42, 00:23:D4:69:79:1C, 00:23:D4:6A:BB:92, wifi_network, false, fresh
07:07:48, 00:23:D4:69:79:1C, 00:23:D4:6A:D1:B8, bluetooth_network, false, fresh
07:07:48, 00:23:D4:69:79:1C, 00:23:D4:6A:B6:B9, wifi_network, false, fresh
07:11:55, 00:23:D4:69:79:1C, 00:23:D4:6A:BB:92, bluetooth_network, false, fresh
07:11:55, 00:23:D4:69:79:1C, 00:23:D4:6A:87:DE, wifi_network, false, fresh
07:12:00, 00:23:D4:69:79:1C, 00:23:D4:6A:BB:92, bluetooth_network, false, fresh
07:12:00, 00:23:D4:69:79:1C, 00:23:D4:6A:87:DE, wifi_network, false, fresh
07:12:51, 00:23:D4:69:79:1C, 00:23:D4:6A:B6:B9, bluetooth_network, false, fresh
07:12:51, 00:23:D4:69:79:1C, 00:23:D4:6A:D1:B8, wifi_network, false, fresh
07:14:04, 00:23:D4:69:79:1C, 00:23:D4:6A:B6:B9, bluetooth_network, false, fresh
07:14:04, 00:23:D4:69:79:1C, 00:23:D4:6A:D1:B8, wifi_network, false, fresh
07:14:08, 00:23:D4:69:79:1C, 00:23:D4:6A:87:DE, bluetooth_network, false, fresh
07:14:08, 00:23:D4:69:79:1C, 00:23:D4:6A:BB:92, wifi_network, false, fresh
07:16:13, 00:23:D4:69:79:1C, 00:23:D4:6A:D1:B8, bluetooth_network, false, fresh
07:16:13, 00:23:D4:69:79:1C, 00:23:D4:6A:B6:B9, wifi_network, false, fresh
07:17:34, 00:23:D4:69:79:1C, 00:23:D4:6A:BB:92, bluetooth_network, false, fresh
07:17:34, 00:23:D4:69:79:1C, 00:23:D4:6A:87:DE, wifi_network, false, fresh
07:18:13, 00:23:D4:69:79:1C, 00:23:D4:6A:D1:B8, bluetooth_network, false, fresh
07:18:13, 00:23:D4:69:79:1C, 00:23:D4:6A:B6:B9, wifi_network, false, fresh
07:21:16, 00:23:D4:69:79:1C, 00:23:D4:6A:87:DE, bluetooth_network, false, fresh
07:21:16, 00:23:D4:69:79:1C, 00:23:D4:6A:BB:92, wifi_network, false, fresh
07:21:17, 00:23:D4:69:79:1C, 00:23:D4:6A:B6:B9, bluetooth_network, false, fresh
07:21:17, 00:23:D4:69:79:1C, 00:23:D4:6A:D1:B8, wifi_network, false, fresh
07:22:29, 00:23:D4:69:79:1C, 00:23:D4:6A:87:DE, bluetooth_network, false, fresh
07:22:29, 00:23:D4:69:79:1C, 00:23:D4:6A:BB:92, wifi_network, false, fresh
07:22:29, 00:23:D4:69:79:1C, 00:23:D4:6A:B6:B9, bluetooth_network, false, fresh
07:22:29, 00:23:D4:69:79:1C, 00:23:D4:6A:D1:B8, wifi_network, false, fresh
07:23:25, 00:23:D4:69:79:1C, 00:23:D4:6A:87:DE, bluetooth_network, false, fresh
07:23:25, 00:23:D4:69:79:1C, 00:23:D4:6A:BB:92, wifi_network, false, fresh
07:23:26, 00:23:D4:69:79:1C, 00:23:D4:6A:B6:B9, bluetooth_network, false, fresh
07:23:26, 00:23:D4:69:79:1C, 00:23:D4:6A:D1:B8, wifi_network, false, fresh
07:25:38, 00:23:D4:69:79:1C, 00:23:D4:6A:BB:92, bluetooth_network, false, fresh
07:25:38, 00:23:D4:69:79:1C, 00:23:D4:6A:87:DE, wifi_network, false, fresh
07:25:59, 00:23:D4:69:79:1C, 00:23:D4:6A:D1:B8, bluetooth_network, false, fresh
07:25:59, 00:23:D4:69:79:1C, 00:23:D4:6A:B6:B9, wifi_network, false, fresh
07:29:05, 00:23:D4:69:79:1C, 00:23:D4:6A:BB:92, bluetooth_network, false, fresh
07:29:05, 00:23:D4:69:79:1C, 00:23:D4:6A:87:DE, wifi_network, false, fresh
07:29:10, 00:23:D4:69:79:1C, 00:23:D4:6A:BB:92, bluetooth_network, false, fresh
07:29:10, 00:23:D4:69:79:1C, 00:23:D4:6A:87:DE, wifi_network, false, fresh
07:30:46, 00:23:D4:69:79:1C, 00:23:D4:6A:B6:B9, bluetooth_network, false, fresh
07:30:46, 00:23:D4:69:79:1C, 00:23:D4:6A:D1:B8, wifi_network, false, fresh
07:31:18, 00:23:D4:69:79:1C, 00:23:D4:6A:B6:B9, bluetooth_network, false, fresh
07:31:18, 00:23:D4:69:79:1C, 00:23:D4:6A:D1:B8, wifi_network, false, fresh
07:32:29, 00:23:D4:69:79:1C, 00:23:D4:6A:87:DE, bluetooth_network, false, fresh
07:32:29, 00:23:D4:69:79:1C, 00:23:D4:6A:BB:92, wifi_network, false, fresh
07:33:06, 00:23:D4:69:79:1C, 00:23:D4:6A:87:DE, bluetooth_network, false, fresh
07:33:06, 00:23:D4:69:79:1C, 00:23:D4:6A:BB:92, wifi_network, false, fresh
07:39:19, 00:23:D4:69:79:1C, 00:23:D4:6A:87:DE, bluetooth_network, false, fresh
07:39:19, 00:23:D4:69:79:1C, 00:23:D4:6A:BB:92, wifi_network, false, fresh
07:39:19, 00:23:D4:69:79:1C, 00:23:D4:6A:B6:B9, bluetooth_network, false, fresh
07:39:19, 00:23:D4:69:79:1C, 00:23:D4:6A:D1:B8, wifi_network, false, fresh
07:40:11, 00:23:D4:69:79:1C, 00:23:D4:6A:87:DE, bluetooth_network, false, fresh
07:40:11, 00:23:D4:69:79:1C, 00:23:D4:6A:BB:92, wifi_network, false, fresh
07:40:57, 00:23:D4:69:79:1C, 00:23:D4:6A:87:DE, bluetooth_network, false, fresh
07:40:57, 00:23:D4:69:79:1C, 00:23:D4:6A:BB:92, wifi_network, false, fresh
07:41:02, 00:23:D4:69:79:1C, 00:23:D4:6A:87:DE, bluetooth_network, false, fresh
07:41:02, 00:23:D4:69:79:1C, 00:23:D4:6A:BB:92, wifi_network, false, fresh
07:44:08, 00:23:D4:69:79:1C, 00:23:D4:6A:BB:92, bluetooth_network, false, fresh
07:44:08, 00:23:D4:69:79:1C, 00:23:D4:6A:87:DE, wifi_network, false, fresh
07:48:46, 00:23:D4:69:79:1C, 00:23:D4:6A:B6:B9, bluetooth_network, false, fresh
07:48:46, 00:23:D4:69:79:1C, 00:23:D4:6A:D1:B8, wifi_network, false, fresh
07:48:47, 00:23:D4:69:79:1C, 00:23:D4:6A:87:DE, bluetooth_network, false, fresh
07:48:47, 00:23:D4:69:79:1C, 00:23:D4:6A:BB:92, wifi_network, false, fresh
07:48:51, 00:23:D4:69:79:1C, 00:23:D4:6A:B6:B9, bluetooth_network, false, fresh
07:48:51, 00:23:D4:69:79:1C, 00:23:D4:6A:D1:B8, wifi_network, false, fresh
07:48:52, 00:23:D4:69:79:1C, 00:23:D4:6A:87:DE, bluetooth_network, false, fresh
07:48:52, 00:23:D4:69:79:1C, 00:23:D4:6A:BB:92, wifi_network, false, fresh
07:49:38, 00:23:D4:69:79:1C, 00:23:D4:6A:87:DE, bluetooth_network, false, fresh
07:49:38, 00:23:D4:69:79:1C, 00:23:D4:6A:BB:92, wifi_network, false, fresh
07:52:47, 00:23:D4:69:79:1C, 00:23:D4:6A:D1:B8, bluetooth_network, false, fresh
07:52:47, 00:23:D4:69:79:1C, 00:23:D4:6A:B6:B9, wifi_network, false, fresh
07:54:21, 00:23:D4:69:79:1C, 00:23:D4:6A:BB:92, bluetooth_network, false, fresh
07:54:21, 00:23:D4:69:79:1C, 00:23:D4:6A:87:DE, wifi_network, false, fresh
07:54:55, 00:23:D4:69:79:1C, 00:23:D4:6A:B6:B9, bluetooth_network, false, fresh
07:54:55, 00:23:D4:69:79:1C, 00:23:D4:6A:D1:B8, wifi_network, false, fresh
07:56:28, 00:23:D4:69:79:1C, 00:23:D4:6A:B6:B9, bluetooth_network, false, fresh
07:56:28, 00:23:D4:69:79:1C, 00:23:D4:6A:D1:B8, wifi_network, false, fresh
07:59:26, 00:23:D4:69:79:1C, 00:23:D4:6A:BB:92, bluetooth_network, false, fresh
07:59:26, 00:23:D4:69:79:1C, 00:23:D4:6A:87:DE, wifi_network, false, fresh
08:00:44, 00:23:D4:69:79:1C, 00:23:D4:6A:D1:B8, bluetooth_network, false, fresh
08:00:44, 00:23:D4:69:79:1C, 00:23:D4:6A:B6:B9, wifi_network, false, fresh
08:01:04, 00:23:D4:69:79:1C, 00:23:D4:6A:BB:92, bluetooth_network, false, fresh
08:01:04, 00:23:D4:69:79:1C, 00:23:D4:6A:87:DE, wifi_network, false, fresh
08:04:05, 00:23:D4:69:79:1C, 00:23:D4:6A:B6:B9, bluetooth_network, false, fresh
08:04:05, 00:23:D4:69:79:1C, 00:23:D4:6A:D1:B8, wifi_network, false, fresh
08:04:10, 00:23:D4:69:79:1C, 00:23:D4:6A:B6:B9, bluetooth_network, false, fresh
08:04:10, 00:23:D4:69:79:1C, 00:23:D4:6A:D1:B8, wifi_network, false, fresh
08:05:01, 00:23:D4:69:79:1C, 00:23:D4:6A:B6:B9, bluetooth_network, false, fresh
08:05:01, 00:23:D4:69:79:1C, 00:23:D4:6A:D1:B8, wifi_network, false, fresh
08:05:03, 00:23:D4:69:79:1C, 00:23:D4:6A:87:DE, bluetooth_network, false, fresh
08:05:03, 00:23:D4:69:79:1C, 00:23:D4:6A:BB:92, wifi_network, false, fresh
08:08:17, 00:23:D4:69:79:1C, 00:23:D4:6A:D1:B8, bluetooth_network, false, fresh
08:08:17, 00:23:D4:69:79:1C, 00:23:D4:6A:B6:B9, wifi_network, false, fresh
08:08:20, 00:23:D4:69:79:1C, 00:23:D4:6A:BB:92, bluetooth_network, false, fresh
08:08:20, 00:23:D4:69:79:1C, 00:23:D4:6A:87:DE, wifi_network, false, fresh
08:08:56, 00:23:D4:69:79:1C, 00:23:D4:6A:BB:92, bluetooth_network, false, fresh
08:08:56, 00:23:D4:69:79:1C, 00:23:D4:6A:87:DE, wifi_network, false, fresh
08:09:42, 00:23:D4:69:79:1C, 00:23:D4:6A:BB:92, bluetooth_network, false, fresh
08:09:42, 00:23:D4:69:79:1C, 00:23:D4:6A:87:DE, wifi_network, false, fresh
08:10:13, 00:23:D4:69:79:1C, 00:23:D4:6A:BB:92, bluetooth_network, false, fresh
08:10:13, 00:23:D4:69:79:1C, 00:23:D4:6A:87:DE, wifi_network, false, fresh
08:11:06, 00:23:D4:69:79:1C, 00:23:D4:6A:D1:B8, bluetooth_network, false, fresh
08:11:06, 00:23:D4:69:79:1C, 00:23:D4:6A:B6:B9, wifi_network, false, fresh
08:11:30, 00:23:D4:69:79:1C, 00:23:D4:6A:BB:92, bluetooth_network, false, fresh
08:11:30, 00:23:D4:69:79:1C, 00:23:D4:6A:87:DE, wifi_network, false, fresh
08:15:39, 00:23:D4:69:79:1C, 00:23:D4:6A:D1:B8, bluetooth_network, false, fresh
08:15:39, 00:23:D4:69:79:1C, 00:23:D4:6A:B6:B9, wifi_network, false, fresh
08:16:14, 00:23:D4:69:79:1C, 00:23:D4:6A:87:DE, bluetooth_network, false, fresh
08:16:14, 00:23:D4:69:79:1C, 00:23:D4:6A:BB:92, wifi_network, false, fresh
08:17:06, 00:23:D4:69:79:1C, 00:23:D4:6A:BB:92, bluetooth_network, false, fresh
08:17:06, 00:23:D4:69:79:1C, 00:23:D4:6A:87:DE, wifi_network, false, fresh
08:17:10, 00:23:D4:69:79:1C, 00:23:D4:6A:D1:B8, bluetooth_network, false, fresh
08:17:10, 00:23:D4:69:79:1C, 00:23:D4:6A:B6:B9, wifi_network, false, fresh
08:19:36, 00:23:D4:69:79:1C, 00:23:D4:6A:BB:92, bluetooth_network, false, fresh
08:19:36, 00:23:D4:69:79:1C, 00:23:D4:6A:87:DE, wifi_network, false, fresh
08:19:39, 00:23:D4:69:79:1C, 00:23:D4:6A:D1:B8, bluetooth_network, false, fresh
08:19:39, 00:23:D4:69:79:1C, 00:23:D4:6A:B6:B9, wifi_network, false, fresh
08:19:50, 00:23:D4:69:79:1C, 00:23:D4:6A:B6:B9, bluetooth_network, false, fresh
08:19:50, 00:23:D4:69:79:1C, 00:23:D4:6A:D1:B8, wifi_network, false, fresh
08:23:20, 00:23:D4:69:79:1C, 00:23:D4:6A:B6:B9, bluetooth_network, false, fresh
08:23:20, 00:23:D4:69:79:1C, 00:23:D4:6A:D1:B8, wifi_network, false, fresh
08:23:56, 00:23:D4:69:79:1C, 00:23:D4:6A:B6:B9, bluetooth_network, false, fresh
08:23:56, 00:23:D4:69:79:1C, 00:23:D4:6A:D1:B8, wifi_network, false, fresh
08:24:04, 00:23:D4:69:79:1C, 00:23:D4:6A:87:DE, bluetooth_network, false, fresh
08:24:04, 00:23:D4:69:79:1C, 00:23:D4:6A:BB:92, wifi_network, false, fresh
08:24:08, 00:23:D4:69:79:1C, 00:23:D4:6A:D1:B8, bluetooth_network, false, fresh
08:24:08, 00:23:D4:69:79:1C, 00:23:D4:6A:B6:B9, wifi_network, false, fresh
08:27:33, 00:23:D4:69:79:1C, 00:23:D4:6A:D1:B8, bluetooth_network, false, fresh
08:27:33, 00:23:D4:69:79:1C, 00:23:D4:6A:B6:B9, wifi_network, false, fresh
08:28:17, 00:23:D4:69:79:1C, 00:23:D4:6A:BB:92, bluetooth_network, false, fresh
08:28:18, 00:23:D4:69:79:1C, 00:23:D4:6A:87:DE, wifi_network, false, fresh
08:29:14, 00:23:D4:69:79:1C, 00:23:D4:6A:BB:92, bluetooth_network, false, fresh
08:29:14, 00:23:D4:69:79:1C, 00:23:D4:6A:87:DE, wifi_network, false, fresh
08:30:00, 00:23:D4:69:79:1C, 00:23:D4:6A:87:DE, bluetooth_network, false, fresh
08:30:00, 00:23:D4:69:79:1C, 00:23:D4:6A:BB:92, wifi_network, false, fresh
08:31:39, 00:23:D4:69:79:1C, 00:23:D4:6A:87:DE, bluetooth_network, false, fresh
08:31:39, 00:23:D4:69:79:1C, 00:23:D4:6A:BB:92, wifi_network, false, fresh
08:31:50, 00:23:D4:69:79:1C, 00:23:D4:6A:B6:B9, bluetooth_network, false, fresh
08:31:50, 00:23:D4:69:79:1C, 00:23:D4:6A:D1:B8, wifi_network, false, fresh
08:32:30, 00:23:D4:69:79:1C, 00:23:D4:6A:87:DE, bluetooth_network, false, fresh
08:32:30, 00:23:D4:69:79:1C, 00:23:D4:6A:BB:92, wifi_network, false, fresh
08:36:03, 00:23:D4:69:79:1C, 00:23:D4:6A:D1:B8, bluetooth_network, false, fresh
08:36:03, 00:23:D4:69:79:1C, 00:23:D4:6A:B6:B9, wifi_network, false, fresh
08:36:49, 00:23:D4:69:79:1C, 00:23:D4:6A:D1:B8, bluetooth_network, false, fresh
08:36:49, 00:23:D4:69:79:1C, 00:23:D4:6A:B6:B9, wifi_network, false, fresh
08:37:31, 00:23:D4:69:79:1C, 00:23:D4:6A:B6:B9, bluetooth_network, false, fresh
08:37:31, 00:23:D4:69:79:1C, 00:23:D4:6A:D1:B8, wifi_network, false, fresh
08:39:19, 00:23:D4:69:79:1C, 00:23:D4:6A:B6:B9, bluetooth_network, false, fresh
08:39:19, 00:23:D4:69:79:1C, 00:23:D4:6A:D1:B8, wifi_network, false, fresh
08:39:48, 00:23:D4:69:79:1C, 00:23:D4:6A:87:DE, bluetooth_network, false, fresh
08:39:48, 00:23:D4:69:79:1C, 00:23:D4:6A:BB:92, wifi_network, false, fresh
08:41:01, 00:23:D4:69:79:1C, 00:23:D4:6A:87:DE, bluetooth_network, false, fresh
08:41:01, 00:23:D4:69:79:1C, 00:23:D4:6A:BB:92, wifi_network, false, fresh
08:42:03, 00:23:D4:69:79:1C, 00:23:D4:6A:D1:B8, bluetooth_network, false, fresh
08:42:03, 00:23:D4:69:79:1C, 00:23:D4:6A:B6:B9, wifi_network, false, fresh
08:44:11, 00:23:D4:69:79:1C, 00:23:D4:6A:BB:92, bluetooth_network, false, fresh
08:44:11, 00:23:D4:69:79:1C, 00:23:D4:6A:87:DE, wifi_network, false, fresh
08:44:31, 00:23:D4:69:79:1C, 00:23:D4:6A:BB:92, bluetooth_network, false, fresh
08:44:31, 00:23:D4:69:79:1C, 00:23:D4:6A:87:DE, wifi_network, false, fresh
08:44:53, 00:23:D4:69:79:1C, 00:23:D4:6A:D1:B8, bluetooth_network, false, fresh
08:44:53, 00:23:D4:69:79:1C, 00:23:D4:6A:B6:B9, wifi_network, false, fresh
08:47:42, 00:23:D4:69:79:1C, 00:23:D4:6A:B6:B9, bluetooth_network, false, fresh
08:47:42, 00:23:D4:69:79:1C, 00:23:D4:6A:D1:B8, wifi_network, false, fresh
08:50:28, 00:23:D4:69:79:1C, 00:23:D4:6A:87:DE, bluetooth_network, false, fresh
08:50:28, 00:23:D4:69:79:1C, 00:23:D4:6A:BB:92, wifi_network, false, fresh
08:51:37, 00:23:D4:69:79:1C, 00:23:D4:6A:D1:B8, bluetooth_network, false, fresh
08:51:37, 00:23:D4:69:79:1C, 00:23:D4:6A:B6:B9, wifi_network, false, fresh
08:55:18, 00:23:D4:69:79:1C, 00:23:D4:6A:87:DE, bluetooth_network, false, fresh
08:55:18, 00:23:D4:69:79:1C, 00:23:D4:6A:BB:92, wifi_network, false, fresh
08:55:50, 00:23:D4:69:79:1C, 00:23:D4:6A:B6:B9, bluetooth_network, false, fresh
08:55:50, 00:23:D4:69:79:1C, 00:23:D4:6A:D1:B8, wifi_network, false, fresh
08:59:05, 00:23:D4:69:79:1C, 00:23:D4:6A:87:DE, bluetooth_network, false, fresh
08:59:05, 00:23:D4:69:79:1C, 00:23:D4:6A:BB:92, wifi_network, false, fresh
09:00:37, 00:23:D4:69:79:1C, 00:23:D4:6A:D1:B8, bluetooth_network, false, fresh
09:00:37, 00:23:D4:69:79:1C, 00:23:D4:6A:B6:B9, wifi_network, false, fresh
09:01:39, 00:23:D4:69:79:1C, 00:23:D4:6A:D1:B8, bluetooth_network, false, fresh
09:01:39, 00:23:D4:69:79:1C, 00:23:D4:6A:B6:B9, wifi_network, false, fresh
09:02:16, 00:23:D4:69:79:1C, 00:23:D4:6A:BB:92, bluetooth_network, false, fresh
09:02:16, 00:23:D4:69:79:1C, 00:23:D4:6A:87:DE, wifi_network, false, fresh
09:07:12, 00:23:D4:69:79:1C, 00:23:D4:6A:D1:B8, bluetooth_network, false, fresh
09:07:12, 00:23:D4:69:79:1C, 00:23:D4:6A:B6:B9, wifi_network, false, fresh
09:07:14, 00:23:D4:69:79:1C, 00:23:D4:6A:87:DE, bluetooth_network, false, fresh
09:07:14, 00:23:D4:69:79:1C, 00:23:D4:6A:BB:92, wifi_network, false, fresh
09:08:13, 00:23:D4:69:79:1C, 00:23:D4:6A:BB:92, bluetooth_network, false, fresh
09:08:13, 00:23:D4:69:79:1C, 00:23:D4:6A:87:DE, wifi_network, false, fresh
09:08:28, 00:23:D4:69:79:1C, 00:23:D4:6A:BB:92, bluetooth_network, false, fresh
09:08:29, 00:23:D4:69:79:1C, 00:23:D4:6A:87:DE, wifi_network, false, fresh
09:08:29, 00:23:D4:69:79:1C, 00:23:D4:6A:D1:B8, bluetooth_network, false, fresh
09:08:29, 00:23:D4:69:79:1C, 00:23:D4:6A:B6:B9, wifi_network, false, fresh
09:09:09, 00:23:D4:69:79:1C, 00:23:D4:6A:BB:92, bluetooth_network, false, fresh
09:09:09, 00:23:D4:69:79:1C, 00:23:D4:6A:87:DE, wifi_network, false, fresh
09:11:04, 00:23:D4:69:79:1C, 00:23:D4:6A:D1:B8, bluetooth_network, false, fresh
09:11:04, 00:23:D4:69:79:1C, 00:23:D4:6A:B6:B9, wifi_network, false, fresh
09:13:38, 00:23:D4:69:79:1C, 00:23:D4:6A:87:DE, bluetooth_network, false, fresh
09:13:38, 00:23:D4:69:79:1C, 00:23:D4:6A:BB:92, wifi_network, false, fresh
09:13:50, 00:23:D4:69:79:1C, 00:23:D4:6A:B6:B9, bluetooth_network, false, fresh
09:13:50, 00:23:D4:69:79:1C, 00:23:D4:6A:D1:B8, wifi_network, false, fresh
09:14:35, 00:23:D4:69:79:1C, 00:23:D4:6A:87:DE, bluetooth_network, false, fresh
09:14:35, 00:23:D4:69:79:1C, 00:23:D4:6A:BB:92, wifi_network, false, fresh
09:15:17, 00:23:D4:69:79:1C, 00:23:D4:6A:B6:B9, bluetooth_network, false, fresh
09:15:17, 00:23:D4:69:79:1C, 00:23:D4:6A:D1:B8, wifi_network, false, fresh
09:15:22, 00:23:D4:69:79:1C, 00:23:D4:6A:B6:B9, bluetooth_network, false, fresh
09:15:22, 00:23:D4:69:79:1C, 00:23:D4:6A:D1:B8, wifi_network, false, fresh
09:17:24, 00:23:D4:69:79:1C, 00:23:D4:6A:D1:B8, bluetooth_network, false, fresh
09:17:24, 00:23:D4:69:79:1C, 00:23:D4:6A:B6:B9, wifi_network, false, fresh
09:18:26, 00:23:D4:69:79:1C, 00:23:D4:6A:D1:B8, bluetooth_network, false, fresh
09:18:26, 00:23:D4:69:79:1C, 00:23:D4:6A:B6:B9, wifi_network, false, fresh
09:19:14, 00:23:D4:69:79:1C, 00:23:D4:6A:BB:92, bluetooth_network, false, fresh
09:19:14, 00:23:D4:69:79:1C, 00:23:D4:6A:87:DE, wifi_network, false, fresh
09:20:51, 00:23:D4:69:79:1C, 00:23:D4:6A:BB:92, bluetooth_network, false, fresh
09:20:51, 00:23:D4:69:79:1C, 00:23:D4:6A:87:DE, wifi_network, false, fresh
09:22:03, 00:23:D4:69:79:1C, 00:23:D4:6A:87:DE, bluetooth_network, false, fresh
09:22:03, 00:23:D4:69:79:1C, 00:23:D4:6A:BB:92, wifi_network, false, fresh
09:22:08, 00:23:D4:69:79:1C, 00:23:D4:6A:87:DE, bluetooth_network, false, fresh
09:22:08, 00:23:D4:69:79:1C, 00:23:D4:6A:BB:92, wifi_network, false, fresh
09:24:11, 00:23:D4:69:79:1C, 00:23:D4:6A:87:DE, bluetooth_network, false, fresh
09:24:11, 00:23:D4:69:79:1C, 00:23:D4:6A:BB:92, wifi_network, false, fresh
09:32:15, 00:23:D4:69:79:1C, 00:23:D4:6A:87:DE, bluetooth_network, false, fresh
09:32:15, 00:23:D4:69:79:1C, 00:23:D4:6A:BB:92, wifi_network, false, fresh
09:34:12, 00:23:D4:69:79:1C, 00:23:D4:6A:BB:92, bluetooth_network, false, fresh
09:34:12, 00:23:D4:69:79:1C, 00:23:D4:6A:87:DE, wifi_network, false, fresh
