03:48:06, 00:23:D4:6A:A4:E2, 00:23:D4:69:79:1C, bluetooth_network, false, fresh
03:48:12, 00:23:D4:6A:A4:E2, 00:23:D4:6A:F5:43, bluetooth_network, true, fresh
03:48:48, 00:23:D4:6A:A4:E2, 00:23:D4:6A:F5:43, bluetooth_network, true, update
03:55:25, 00:23:D4:6A:A4:E2, 00:23:D4:69:79:1C, bluetooth_network, false, fresh
03:55:44, 00:23:D4:6A:A4:E2, 00:23:D4:6A:22:09, bluetooth_network, false, fresh
03:55:44, 00:23:D4:6A:A4:E2, 00:23:D4:68:E1:E9, wifi_network, false, fresh
03:56:05, 00:23:D4:6A:A4:E2, 00:23:D4:6A:22:09, bluetooth_network, false, fresh
03:56:05, 00:23:D4:6A:A4:E2, 00:23:D4:68:E1:E9, wifi_network, false, fresh
03:57:26, 00:23:D4:6A:A4:E2, 00:23:D4:6A:BB:92, bluetooth_network, false, fresh
03:57:26, 00:23:D4:6A:A4:E2, 00:23:D4:6A:87:DE, wifi_network, false, fresh
03:58:16, 00:23:D4:6A:A4:E2, 00:23:D4:68:E1:E9, bluetooth_network, false, fresh
03:58:16, 00:23:D4:6A:A4:E2, 00:23:D4:6A:22:09, wifi_network, false, fresh
04:03:29, 00:23:D4:6A:A4:E2, 00:23:D4:69:79:1C, bluetooth_network, false, fresh
04:03:46, 00:23:D4:6A:A4:E2, 00:23:D4:68:E1:E9, bluetooth_network, false, fresh
04:03:46, 00:23:D4:6A:A4:E2, 00:23:D4:6A:22:09, wifi_network, false, fresh
04:03:49, 00:23:D4:6A:A4:E2, 00:23:D4:69:79:1C, bluetooth_network, false, fresh
04:04:20, 00:23:D4:6A:A4:E2, 00:23:D4:6A:D1:B8, bluetooth_network, false, fresh
04:04:20, 00:23:D4:6A:A4:E2, 00:23:D4:6A:B6:B9, wifi_network, false, fresh
04:04:22, 00:23:D4:6A:A4:E2, 00:23:D4:68:E1:E9, bluetooth_network, false, fresh
04:04:22, 00:23:D4:6A:A4:E2, 00:23:D4:6A:22:09, wifi_network, false, fresh
04:06:04, 00:23:D4:6A:A4:E2, 00:23:D4:69:79:1C, bluetooth_network, false, fresh
04:06:29, 00:23:D4:6A:A4:E2, 00:23:D4:6A:87:DE, bluetooth_network, false, fresh
04:06:29, 00:23:D4:6A:A4:E2, 00:23:D4:6A:BB:92, wifi_network, false, fresh
04:06:54, 00:23:D4:6A:A4:E2, 00:23:D4:6A:22:09, bluetooth_network, false, fresh
04:06:54, 00:23:D4:6A:A4:E2, 00:23:D4:68:E1:E9, wifi_network, false, fresh
04:06:55, 00:23:D4:6A:A4:E2, 00:23:D4:69:79:1C, bluetooth_network, false, fresh
04:07:09, 00:23:D4:6A:A4:E2, 00:23:D4:6A:22:09, bluetooth_network, false, fresh
04:07:09, 00:23:D4:6A:A4:E2, 00:23:D4:68:E1:E9, wifi_network, false, fresh
04:07:10, 00:23:D4:6A:A4:E2, 00:23:D4:6A:87:DE, bluetooth_network, false, fresh
04:07:10, 00:23:D4:6A:A4:E2, 00:23:D4:6A:BB:92, wifi_network, false, fresh
04:12:53, 00:23:D4:6A:A4:E2, 00:23:D4:68:E1:E9, bluetooth_network, false, fresh
04:12:53, 00:23:D4:6A:A4:E2, 00:23:D4:6A:22:09, wifi_network, false, fresh
04:13:27, 00:23:D4:6A:A4:E2, 00:23:D4:6A:87:DE, bluetooth_network, false, fresh
04:13:27, 00:23:D4:6A:A4:E2, 00:23:D4:6A:BB:92, wifi_network, false, fresh
04:13:29, 00:23:D4:6A:A4:E2, 00:23:D4:68:E1:E9, bluetooth_network, false, fresh
04:13:29, 00:23:D4:6A:A4:E2, 00:23:D4:6A:22:09, wifi_network, false, fresh
04:13:45, 00:23:D4:6A:A4:E2, 00:23:D4:6A:B6:B9, bluetooth_network, false, fresh
04:13:45, 00:23:D4:6A:A4:E2, 00:23:D4:6A:D1:B8, wifi_network, false, fresh
04:14:00, 00:23:D4:6A:A4:E2, 00:23:D4:68:E1:E9, bluetooth_network, false, fresh
04:14:00, 00:23:D4:6A:A4:E2, 00:23:D4:6A:22:09, wifi_network, false, fresh
04:15:04, 00:23:D4:6A:A4:E2, 00:23:D4:69:79:1C, bluetooth_network, false, fresh
04:15:26, 00:23:D4:6A:A4:E2, 00:23:D4:6A:87:DE, bluetooth_network, false, fresh
04:15:26, 00:23:D4:6A:A4:E2, 00:23:D4:6A:BB:92, wifi_network, false, fresh
04:16:06, 00:23:D4:6A:A4:E2, 00:23:D4:6A:87:DE, bluetooth_network, false, fresh
04:16:06, 00:23:D4:6A:A4:E2, 00:23:D4:6A:BB:92, wifi_network, false, fresh
04:24:46, 00:23:D4:6A:A4:E2, 00:23:D4:6A:87:DE, bluetooth_network, false, fresh
04:24:46, 00:23:D4:6A:A4:E2, 00:23:D4:6A:BB:92, wifi_network, false, fresh
04:25:47, 00:23:D4:6A:A4:E2, 00:23:D4:6A:D1:B8, bluetooth_network, false, fresh
04:25:47, 00:23:D4:6A:A4:E2, 00:23:D4:6A:B6:B9, wifi_network, false, fresh
04:27:44, 00:23:D4:6A:A4:E2, 00:23:D4:68:E1:E9, bluetooth_network, false, fresh
04:27:44, 00:23:D4:6A:A4:E2, 00:23:D4:6A:22:09, wifi_network, false, fresh
04:27:45, 00:23:D4:6A:A4:E2, 00:23:D4:6A:D1:B8, bluetooth_network, false, fresh
04:27:45, 00:23:D4:6A:A4:E2, 00:23:D4:6A:B6:B9, wifi_network, false, fresh
04:28:10, 00:23:D4:6A:A4:E2, 00:23:D4:69:79:1C, bluetooth_network, false, fresh
04:28:11, 00:23:D4:6A:A4:E2, 00:23:D4:6A:BB:92, bluetooth_network, false, fresh
04:28:11, 00:23:D4:6A:A4:E2, 00:23:D4:6A:87:DE, wifi_network, false, fresh
04:28:41, 00:23:D4:6A:A4:E2, 00:23:D4:69:79:1C, bluetooth_network, false, fresh
04:33:24, 00:23:D4:6A:A4:E2, 00:23:D4:69:79:1C, bluetooth_network, false, fresh
04:34:41, 00:23:D4:6A:A4:E2, 00:23:D4:6A:22:09, bluetooth_network, false, fresh
04:34:41, 00:23:D4:6A:A4:E2, 00:23:D4:68:E1:E9, wifi_network, false, fresh
04:36:15, 00:23:D4:6A:A4:E2, 00:23:D4:69:79:1C, bluetooth_network, false, fresh
04:36:15, 00:23:D4:6A:A4:E2, 00:23:D4:6A:D1:B8, bluetooth_network, false, fresh
04:36:15, 00:23:D4:6A:A4:E2, 00:23:D4:6A:B6:B9, wifi_network, false, fresh
04:36:19, 00:23:D4:6A:A4:E2, 00:23:D4:68:E1:E9, bluetooth_network, false, fresh
04:36:19, 00:23:D4:6A:A4:E2, 00:23:D4:6A:22:09, wifi_network, false, fresh
04:37:22, 00:23:D4:6A:A4:E2, 00:23:D4:6A:B6:B9, bluetooth_network, false, fresh
04:37:22, 00:23:D4:6A:A4:E2, 00:23:D4:6A:D1:B8, wifi_network, false, fresh
04:41:54, 00:23:D4:6A:A4:E2, 00:23:D4:6A:D1:B8, bluetooth_network, false, fresh
04:41:54, 00:23:D4:6A:A4:E2, 00:23:D4:6A:B6:B9, wifi_network, false, fresh
04:41:54, 00:23:D4:6A:A4:E2, 00:23:D4:6A:F5:43, bluetooth_network, true, update
04:41:55, 00:23:D4:6A:A4:E2, 00:23:D4:6A:A4:E2, wifi_network, false, fresh
