03:47:01, 00:23:D4:6A:BB:92, 00:23:D4:6A:87:DE, bluetooth_network, true, fresh
03:48:15, 00:23:D4:6A:BB:92, 00:23:D4:68:E1:E9, bluetooth_network, false, fresh
03:48:15, 00:23:D4:6A:BB:92, 00:23:D4:6A:22:09, wifi_network, false, fresh
03:48:36, 00:23:D4:6A:BB:92, 00:23:D4:6A:87:DE, bluetooth_network, true, update
03:49:22, 00:23:D4:6A:BB:92, 00:23:D4:6A:F5:43, bluetooth_network, false, fresh
03:49:27, 00:23:D4:6A:BB:92, 00:23:D4:6A:87:DE, bluetooth_network, true, update
03:49:27, 00:23:D4:6A:BB:92, 00:23:D4:6A:BB:92, wifi_network, false, fresh
03:49:27, 00:23:D4:6A:BB:92, 00:23:D4:6A:F5:43, bluetooth_network, false, fresh
03:49:27, 00:23:D4:6A:BB:92, 00:23:D4:6A:87:DE, bluetooth_network, true, update
03:49:27, 00:23:D4:6A:BB:92, 00:23:D4:6A:BB:92, wifi_network, false, fresh
03:49:43, 00:23:D4:6A:BB:92, 00:23:D4:6A:F5:43, bluetooth_network, false, fresh
03:49:46, 00:23:D4:6A:BB:92, 00:23:D4:69:79:1C, bluetooth_network, false, fresh
03:50:18, 00:23:D4:6A:BB:92, 00:23:D4:6A:B6:B9, bluetooth_network, false, fresh
03:50:18, 00:23:D4:6A:BB:92, 00:23:D4:6A:D1:B8, wifi_network, false, fresh
03:50:44, 00:23:D4:6A:BB:92, 00:23:D4:6A:B6:B9, bluetooth_network, false, fresh
03:50:44, 00:23:D4:6A:BB:92, 00:23:D4:6A:D1:B8, wifi_network, false, fresh
03:50:46, 00:23:D4:6A:BB:92, 00:23:D4:6A:22:09, bluetooth_network, false, fresh
03:50:46, 00:23:D4:6A:BB:92, 00:23:D4:68:E1:E9, wifi_network, false, fresh
03:55:26, 00:23:D4:6A:BB:92, 00:23:D4:6A:D1:B8, bluetooth_network, false, fresh
03:55:26, 00:23:D4:6A:BB:92, 00:23:D4:6A:B6:B9, wifi_network, false, fresh
03:55:28, 00:23:D4:6A:BB:92, 00:23:D4:69:79:1C, bluetooth_network, false, fresh
03:55:29, 00:23:D4:6A:BB:92, 00:23:D4:6A:D1:B8, bluetooth_network, false, fresh
03:55:29, 00:23:D4:6A:BB:92, 00:23:D4:6A:B6:B9, wifi_network, false, fresh
03:56:08, 00:23:D4:6A:BB:92, 00:23:D4:6A:22:09, bluetooth_network, false, fresh
03:56:08, 00:23:D4:6A:BB:92, 00:23:D4:68:E1:E9, wifi_network, false, fresh
03:56:20, 00:23:D4:6A:BB:92, 00:23:D4:6A:D1:B8, bluetooth_network, false, fresh
03:56:20, 00:23:D4:6A:BB:92, 00:23:D4:6A:B6:B9, wifi_network, false, fresh
03:57:11, 00:23:D4:6A:BB:92, 00:23:D4:69:79:1C, bluetooth_network, false, fresh
03:57:22, 00:23:D4:6A:BB:92, 00:23:D4:6A:A4:E2, bluetooth_network, false, fresh
03:57:22, 00:23:D4:6A:BB:92, 00:23:D4:6A:F5:43, wifi_network, false, fresh
03:58:04, 00:23:D4:6A:BB:92, 00:23:D4:6A:B6:B9, bluetooth_network, false, fresh
03:58:04, 00:23:D4:6A:BB:92, 00:23:D4:6A:D1:B8, wifi_network, false, fresh
03:58:04, 00:23:D4:6A:BB:92, 00:23:D4:6A:B6:B9, bluetooth_network, false, fresh
03:58:04, 00:23:D4:6A:BB:92, 00:23:D4:6A:D1:B8, wifi_network, false, fresh
03:58:50, 00:23:D4:6A:BB:92, 00:23:D4:6A:B6:B9, bluetooth_network, false, fresh
03:58:51, 00:23:D4:6A:BB:92, 00:23:D4:6A:D1:B8, wifi_network, false, fresh
03:59:15, 00:23:D4:6A:BB:92, 00:23:D4:68:E1:E9, bluetooth_network, false, fresh
03:59:15, 00:23:D4:6A:BB:92, 00:23:D4:6A:22:09, wifi_network, false, fresh
03:59:16, 00:23:D4:6A:BB:92, 00:23:D4:6A:B6:B9, bluetooth_network, false, fresh
03:59:16, 00:23:D4:6A:BB:92, 00:23:D4:6A:D1:B8, wifi_network, false, fresh
03:59:43, 00:23:D4:6A:BB:92, 00:23:D4:6A:87:DE, bluetooth_network, true, update
04:00:19, 00:23:D4:6A:BB:92, 00:23:D4:68:E1:E9, bluetooth_network, false, fresh
04:00:19, 00:23:D4:6A:BB:92, 00:23:D4:6A:22:09, wifi_network, false, fresh
04:00:34, 00:23:D4:6A:BB:92, 00:23:D4:68:E1:E9, bluetooth_network, false, fresh
04:00:37, 00:23:D4:6A:BB:92, 00:23:D4:69:79:1C, bluetooth_network, false, fresh
04:01:25, 00:23:D4:6A:BB:92, 00:23:D4:6A:D1:B8, bluetooth_network, false, fresh
04:01:25, 00:23:D4:6A:BB:92, 00:23:D4:6A:B6:B9, wifi_network, false, fresh
04:02:10, 00:23:D4:6A:BB:92, 00:23:D4:6A:F5:43, bluetooth_network, false, fresh
04:02:10, 00:23:D4:6A:BB:92, 00:23:D4:6A:A4:E2, wifi_network, false, fresh
04:02:11, 00:23:D4:6A:BB:92, 00:23:D4:6A:D1:B8, bluetooth_network, false, fresh
04:02:11, 00:23:D4:6A:BB:92, 00:23:D4:6A:B6:B9, wifi_network, false, fresh
04:02:15, 00:23:D4:6A:BB:92, 00:23:D4:6A:F5:43, bluetooth_network, false, fresh
04:02:15, 00:23:D4:6A:BB:92, 00:23:D4:6A:A4:E2, wifi_network, false, fresh
04:02:16, 00:23:D4:6A:BB:92, 00:23:D4:6A:D1:B8, bluetooth_network, false, fresh
04:02:16, 00:23:D4:6A:BB:92, 00:23:D4:6A:B6:B9, wifi_network, false, fresh
04:09:09, 00:23:D4:6A:BB:92, 00:23:D4:6A:B6:B9, bluetooth_network, false, fresh
04:09:09, 00:23:D4:6A:BB:92, 00:23:D4:6A:D1:B8, wifi_network, false, fresh
04:09:54, 00:23:D4:6A:BB:92, 00:23:D4:69:79:1C, bluetooth_network, false, fresh
04:09:56, 00:23:D4:6A:BB:92, 00:23:D4:6A:B6:B9, bluetooth_network, false, fresh
04:09:56, 00:23:D4:6A:BB:92, 00:23:D4:6A:D1:B8, wifi_network, false, fresh
04:10:01, 00:23:D4:6A:BB:92, 00:23:D4:6A:B6:B9, bluetooth_network, false, fresh
04:10:01, 00:23:D4:6A:BB:92, 00:23:D4:6A:D1:B8, wifi_network, false, fresh
04:10:02, 00:23:D4:6A:BB:92, 00:23:D4:6A:22:09, bluetooth_network, false, fresh
04:10:02, 00:23:D4:6A:BB:92, 00:23:D4:68:E1:E9, wifi_network, false, fresh
04:10:48, 00:23:D4:6A:BB:92, 00:23:D4:68:E1:E9, bluetooth_network, false, fresh
04:10:48, 00:23:D4:6A:BB:92, 00:23:D4:6A:22:09, wifi_network, false, fresh
04:11:07, 00:23:D4:6A:BB:92, 00:23:D4:6A:F5:43, bluetooth_network, false, fresh
04:11:07, 00:23:D4:6A:BB:92, 00:23:D4:6A:A4:E2, wifi_network, false, fresh
04:11:42, 00:23:D4:6A:BB:92, 00:23:D4:69:79:1C, bluetooth_network, false, fresh
04:12:15, 00:23:D4:6A:BB:92, 00:23:D4:68:E1:E9, bluetooth_network, false, fresh
04:12:15, 00:23:D4:6A:BB:92, 00:23:D4:6A:22:09, wifi_network, false, fresh
04:12:16, 00:23:D4:6A:BB:92, 00:23:D4:6A:B6:B9, bluetooth_network, false, fresh
04:12:16, 00:23:D4:6A:BB:92, 00:23:D4:6A:D1:B8, wifi_network, false, fresh
04:17:22, 00:23:D4:6A:BB:92, 00:23:D4:6A:22:09, bluetooth_network, false, fresh
04:17:22, 00:23:D4:6A:BB:92, 00:23:D4:68:E1:E9, wifi_network, false, fresh
04:17:25, 00:23:D4:6A:BB:92, 00:23:D4:6A:D1:B8, bluetooth_network, false, fresh
04:17:25, 00:23:D4:6A:BB:92, 00:23:D4:6A:B6:B9, wifi_network, false, fresh
04:19:33, 00:23:D4:6A:BB:92, 00:23:D4:6A:F5:43, bluetooth_network, false, fresh
04:20:16, 00:23:D4:6A:BB:92, 00:23:D4:68:E1:E9, bluetooth_network, false, fresh
04:20:16, 00:23:D4:6A:BB:92, 00:23:D4:6A:22:09, wifi_network, false, fresh
04:20:48, 00:23:D4:6A:BB:92, 00:23:D4:6A:B6:B9, bluetooth_network, false, fresh
04:20:48, 00:23:D4:6A:BB:92, 00:23:D4:6A:D1:B8, wifi_network, false, fresh
04:25:28, 00:23:D4:6A:BB:92, 00:23:D4:6A:22:09, bluetooth_network, false, fresh
04:25:28, 00:23:D4:6A:BB:92, 00:23:D4:68:E1:E9, wifi_network, false, fresh
04:25:54, 00:23:D4:6A:BB:92, 00:23:D4:69:79:1C, bluetooth_network, false, fresh
04:25:54, 00:23:D4:6A:BB:92, 00:23:D4:69:79:1C, bluetooth_network, false, fresh
04:26:51, 00:23:D4:6A:BB:92, 00:23:D4:6A:22:09, bluetooth_network, false, fresh
04:26:51, 00:23:D4:6A:BB:92, 00:23:D4:68:E1:E9, wifi_network, false, fresh
04:28:08, 00:23:D4:6A:BB:92, 00:23:D4:69:79:1C, bluetooth_network, false, fresh
04:29:25, 00:23:D4:6A:BB:92, 00:23:D4:6A:B6:B9, bluetooth_network, false, fresh
04:29:25, 00:23:D4:6A:BB:92, 00:23:D4:6A:D1:B8, wifi_network, false, fresh
04:34:03, 00:23:D4:6A:BB:92, 00:23:D4:6A:22:09, bluetooth_network, false, fresh
04:34:03, 00:23:D4:6A:BB:92, 00:23:D4:68:E1:E9, wifi_network, false, fresh
04:34:03, 00:23:D4:6A:BB:92, 00:23:D4:6A:A4:E2, bluetooth_network, false, fresh
04:34:04, 00:23:D4:6A:BB:92, 00:23:D4:6A:F5:43, wifi_network, false, fresh
04:34:45, 00:23:D4:6A:BB:92, 00:23:D4:69:79:1C, bluetooth_network, false, fresh
04:35:12, 00:23:D4:6A:BB:92, 00:23:D4:6A:A4:E2, bluetooth_network, false, fresh
04:35:12, 00:23:D4:6A:BB:92, 00:23:D4:6A:F5:43, wifi_network, false, fresh
04:38:06, 00:23:D4:6A:BB:92, 00:23:D4:69:79:1C, bluetooth_network, false, fresh
04:42:38, 00:23:D4:6A:BB:92, 00:23:D4:69:79:1C, bluetooth_network, false, fresh
04:43:15, 00:23:D4:6A:BB:92, 00:23:D4:69:79:1C, bluetooth_network, false, fresh
04:44:10, 00:23:D4:6A:BB:92, 00:23:D4:6A:22:09, bluetooth_network, false, fresh
04:44:10, 00:23:D4:6A:BB:92, 00:23:D4:68:E1:E9, wifi_network, false, fresh
04:44:11, 00:23:D4:6A:BB:92, 00:23:D4:69:79:1C, bluetooth_network, false, fresh
04:45:59, 00:23:D4:6A:BB:92, 00:23:D4:6A:B6:B9, bluetooth_network, false, fresh
04:45:59, 00:23:D4:6A:BB:92, 00:23:D4:6A:D1:B8, wifi_network, false, fresh
04:45:59, 00:23:D4:6A:BB:92, 00:23:D4:69:79:1C, bluetooth_network, false, fresh
04:46:51, 00:23:D4:6A:BB:92, 00:23:D4:69:79:1C, bluetooth_network, false, fresh
04:51:12, 00:23:D4:6A:BB:92, 00:23:D4:6A:22:09, bluetooth_network, false, fresh
04:51:13, 00:23:D4:6A:BB:92, 00:23:D4:68:E1:E9, wifi_network, false, fresh
04:52:56, 00:23:D4:6A:BB:92, 00:23:D4:6A:D1:B8, bluetooth_network, false, fresh
04:52:56, 00:23:D4:6A:BB:92, 00:23:D4:6A:B6:B9, wifi_network, false, fresh
04:54:12, 00:23:D4:6A:BB:92, 00:23:D4:6A:B6:B9, bluetooth_network, false, fresh
04:54:13, 00:23:D4:6A:BB:92, 00:23:D4:6A:D1:B8, wifi_network, false, fresh
04:54:58, 00:23:D4:6A:BB:92, 00:23:D4:69:79:1C, bluetooth_network, false, fresh
05:01:49, 00:23:D4:6A:BB:92, 00:23:D4:69:79:1C, bluetooth_network, false, fresh
05:02:36, 00:23:D4:6A:BB:92, 00:23:D4:69:79:1C, bluetooth_network, false, fresh
05:08:25, 00:23:D4:6A:BB:92, 00:23:D4:69:79:1C, bluetooth_network, false, fresh
05:10:03, 00:23:D4:6A:BB:92, 00:23:D4:69:79:1C, bluetooth_network, false, fresh
05:10:05, 00:23:D4:6A:BB:92, 00:23:D4:6A:D1:B8, bluetooth_network, false, fresh
05:10:05, 00:23:D4:6A:BB:92, 00:23:D4:6A:B6:B9, wifi_network, false, fresh
05:10:23, 00:23:D4:6A:BB:92, 00:23:D4:69:79:1C, bluetooth_network, false, fresh
05:11:46, 00:23:D4:6A:BB:92, 00:23:D4:69:79:1C, bluetooth_network, false, fresh
05:12:17, 00:23:D4:6A:BB:92, 00:23:D4:68:E1:E9, bluetooth_network, false, fresh
05:12:17, 00:23:D4:6A:BB:92, 00:23:D4:6A:22:09, wifi_network, false, fresh
05:12:17, 00:23:D4:6A:BB:92, 00:23:D4:6A:B6:B9, bluetooth_network, false, fresh
05:12:17, 00:23:D4:6A:BB:92, 00:23:D4:6A:D1:B8, wifi_network, false, fresh
05:17:01, 00:23:D4:6A:BB:92, 00:23:D4:6A:D1:B8, bluetooth_network, false, fresh
05:17:01, 00:23:D4:6A:BB:92, 00:23:D4:6A:B6:B9, wifi_network, false, fresh
05:19:10, 00:23:D4:6A:BB:92, 00:23:D4:69:79:1C, bluetooth_network, false, fresh
05:19:34, 00:23:D4:6A:BB:92, 00:23:D4:68:E1:E9, bluetooth_network, false, fresh
05:19:34, 00:23:D4:6A:BB:92, 00:23:D4:6A:22:09, wifi_network, false, fresh
05:19:56, 00:23:D4:6A:BB:92, 00:23:D4:6A:B6:B9, bluetooth_network, false, fresh
05:19:56, 00:23:D4:6A:BB:92, 00:23:D4:6A:D1:B8, wifi_network, false, fresh
05:21:04, 00:23:D4:6A:BB:92, 00:23:D4:6A:B6:B9, bluetooth_network, false, fresh
05:21:04, 00:23:D4:6A:BB:92, 00:23:D4:6A:D1:B8, wifi_network, false, fresh
05:29:44, 00:23:D4:6A:BB:92, 00:23:D4:6A:B6:B9, bluetooth_network, false, fresh
05:29:44, 00:23:D4:6A:BB:92, 00:23:D4:6A:D1:B8, wifi_network, false, fresh
05:29:45, 00:23:D4:6A:BB:92, 00:23:D4:68:E1:E9, bluetooth_network, false, fresh
05:29:45, 00:23:D4:6A:BB:92, 00:23:D4:6A:22:09, wifi_network, false, fresh
05:30:12, 00:23:D4:6A:BB:92, 00:23:D4:69:79:1C, bluetooth_network, false, fresh
05:30:57, 00:23:D4:6A:BB:92, 00:23:D4:68:E1:E9, bluetooth_network, false, fresh
05:30:57, 00:23:D4:6A:BB:92, 00:23:D4:6A:22:09, wifi_network, false, fresh
05:31:27, 00:23:D4:6A:BB:92, 00:23:D4:6A:B6:B9, bluetooth_network, false, fresh
05:31:27, 00:23:D4:6A:BB:92, 00:23:D4:6A:D1:B8, wifi_network, false, fresh
05:38:19, 00:23:D4:6A:BB:92, 00:23:D4:6A:B6:B9, bluetooth_network, false, fresh
05:38:19, 00:23:D4:6A:BB:92, 00:23:D4:6A:D1:B8, wifi_network, false, fresh
05:38:19, 00:23:D4:6A:BB:92, 00:23:D4:69:79:1C, bluetooth_network, false, fresh
05:41:24, 00:23:D4:6A:BB:92, 00:23:D4:69:79:1C, bluetooth_network, false, fresh
05:46:48, 00:23:D4:6A:BB:92, 00:23:D4:6A:B6:B9, bluetooth_network, false, fresh
05:46:48, 00:23:D4:6A:BB:92, 00:23:D4:6A:D1:B8, wifi_network, false, fresh
05:47:59, 00:23:D4:6A:BB:92, 00:23:D4:6A:B6:B9, bluetooth_network, false, fresh
05:47:59, 00:23:D4:6A:BB:92, 00:23:D4:6A:D1:B8, wifi_network, false, fresh
05:49:12, 00:23:D4:6A:BB:92, 00:23:D4:6A:B6:B9, bluetooth_network, false, fresh
05:49:12, 00:23:D4:6A:BB:92, 00:23:D4:6A:D1:B8, wifi_network, false, fresh
05:49:27, 00:23:D4:6A:BB:92, 00:23:D4:69:79:1C, bluetooth_network, false, fresh
05:49:47, 00:23:D4:6A:BB:92, 00:23:D4:69:79:1C, bluetooth_network, false, fresh
05:50:23, 00:23:D4:6A:BB:92, 00:23:D4:69:79:1C, bluetooth_network, false, fresh
05:57:24, 00:23:D4:6A:BB:92, 00:23:D4:6A:B6:B9, bluetooth_network, false, fresh
05:57:24, 00:23:D4:6A:BB:92, 00:23:D4:6A:D1:B8, wifi_network, false, fresh
05:58:21, 00:23:D4:6A:BB:92, 00:23:D4:69:79:1C, bluetooth_network, false, fresh
06:04:51, 00:23:D4:6A:BB:92, 00:23:D4:69:79:1C, bluetooth_network, false, fresh
06:05:23, 00:23:D4:6A:BB:92, 00:23:D4:6A:B6:B9, bluetooth_network, false, fresh
06:05:23, 00:23:D4:6A:BB:92, 00:23:D4:6A:D1:B8, wifi_network, false, fresh
06:07:25, 00:23:D4:6A:BB:92, 00:23:D4:69:79:1C, bluetooth_network, false, fresh
06:08:01, 00:23:D4:6A:BB:92, 00:23:D4:6A:D1:B8, bluetooth_network, false, fresh
06:08:01, 00:23:D4:6A:BB:92, 00:23:D4:6A:B6:B9, wifi_network, false, fresh
06:13:47, 00:23:D4:6A:BB:92, 00:23:D4:69:79:1C, bluetooth_network, false, fresh
06:14:12, 00:23:D4:6A:BB:92, 00:23:D4:6A:B6:B9, bluetooth_network, false, fresh
06:14:12, 00:23:D4:6A:BB:92, 00:23:D4:6A:D1:B8, wifi_network, false, fresh
06:14:17, 00:23:D4:6A:BB:92, 00:23:D4:6A:B6:B9, bluetooth_network, false, fresh
06:14:17, 00:23:D4:6A:BB:92, 00:23:D4:6A:D1:B8, wifi_network, false, fresh
06:14:18, 00:23:D4:6A:BB:92, 00:23:D4:69:79:1C, bluetooth_network, false, fresh
06:16:30, 00:23:D4:6A:BB:92, 00:23:D4:6A:87:DE, bluetooth_network, true, update
06:17:17, 00:23:D4:6A:BB:92, 00:23:D4:69:79:1C, bluetooth_network, false, fresh
06:17:21, 00:23:D4:6A:BB:92, 00:23:D4:6A:D1:B8, bluetooth_network, false, fresh
06:17:21, 00:23:D4:6A:BB:92, 00:23:D4:6A:B6:B9, wifi_network, false, fresh
06:17:51, 00:23:D4:6A:BB:92, 00:23:D4:6A:D1:B8, bluetooth_network, false, fresh
06:17:51, 00:23:D4:6A:BB:92, 00:23:D4:6A:B6:B9, wifi_network, false, fresh
06:18:13, 00:23:D4:6A:BB:92, 00:23:D4:6A:D1:B8, bluetooth_network, false, fresh
06:18:13, 00:23:D4:6A:BB:92, 00:23:D4:6A:B6:B9, wifi_network, false, fresh
06:18:50, 00:23:D4:6A:BB:92, 00:23:D4:69:79:1C, bluetooth_network, false, fresh
06:19:04, 00:23:D4:6A:BB:92, 00:23:D4:6A:D1:B8, bluetooth_network, false, fresh
06:19:04, 00:23:D4:6A:BB:92, 00:23:D4:6A:B6:B9, wifi_network, false, fresh
06:25:51, 00:23:D4:6A:BB:92, 00:23:D4:69:79:1C, bluetooth_network, false, fresh
06:27:29, 00:23:D4:6A:BB:92, 00:23:D4:69:79:1C, bluetooth_network, false, fresh
06:27:30, 00:23:D4:6A:BB:92, 00:23:D4:6A:D1:B8, bluetooth_network, false, fresh
06:27:30, 00:23:D4:6A:BB:92, 00:23:D4:6A:B6:B9, wifi_network, false, fresh
06:27:35, 00:23:D4:6A:BB:92, 00:23:D4:6A:D1:B8, bluetooth_network, false, fresh
06:27:35, 00:23:D4:6A:BB:92, 00:23:D4:6A:B6:B9, wifi_network, false, fresh
06:28:00, 00:23:D4:6A:BB:92, 00:23:D4:69:79:1C, bluetooth_network, false, fresh
06:28:52, 00:23:D4:6A:BB:92, 00:23:D4:69:79:1C, bluetooth_network, false, fresh
06:33:36, 00:23:D4:6A:BB:92, 00:23:D4:6A:D1:B8, bluetooth_network, false, fresh
06:33:36, 00:23:D4:6A:BB:92, 00:23:D4:6A:B6:B9, wifi_network, false, fresh
06:34:26, 00:23:D4:6A:BB:92, 00:23:D4:6A:D1:B8, bluetooth_network, false, fresh
06:34:26, 00:23:D4:6A:BB:92, 00:23:D4:6A:B6:B9, wifi_network, false, fresh
06:35:59, 00:23:D4:6A:BB:92, 00:23:D4:69:79:1C, bluetooth_network, false, fresh
06:36:09, 00:23:D4:6A:BB:92, 00:23:D4:6A:D1:B8, bluetooth_network, false, fresh
06:36:09, 00:23:D4:6A:BB:92, 00:23:D4:6A:B6:B9, wifi_network, false, fresh
06:36:09, 00:23:D4:6A:BB:92, 00:23:D4:69:79:1C, bluetooth_network, false, fresh
06:37:31, 00:23:D4:6A:BB:92, 00:23:D4:69:79:1C, bluetooth_network, false, fresh
06:43:06, 00:23:D4:6A:BB:92, 00:23:D4:6A:D1:B8, bluetooth_network, false, fresh
06:43:06, 00:23:D4:6A:BB:92, 00:23:D4:6A:B6:B9, wifi_network, false, fresh
06:43:11, 00:23:D4:6A:BB:92, 00:23:D4:6A:D1:B8, bluetooth_network, false, fresh
06:43:11, 00:23:D4:6A:BB:92, 00:23:D4:6A:B6:B9, wifi_network, false, fresh
06:44:33, 00:23:D4:6A:BB:92, 00:23:D4:69:79:1C, bluetooth_network, false, fresh
06:45:29, 00:23:D4:6A:BB:92, 00:23:D4:69:79:1C, bluetooth_network, false, fresh
06:51:40, 00:23:D4:6A:BB:92, 00:23:D4:6A:D1:B8, bluetooth_network, false, fresh
06:51:40, 00:23:D4:6A:BB:92, 00:23:D4:6A:B6:B9, wifi_network, false, fresh
06:52:33, 00:23:D4:6A:BB:92, 00:23:D4:6A:D1:B8, bluetooth_network, false, fresh
06:52:33, 00:23:D4:6A:BB:92, 00:23:D4:6A:B6:B9, wifi_network, false, fresh
06:53:49, 00:23:D4:6A:BB:92, 00:23:D4:6A:D1:B8, bluetooth_network, false, fresh
06:53:49, 00:23:D4:6A:BB:92, 00:23:D4:6A:B6:B9, wifi_network, false, fresh
06:54:14, 00:23:D4:6A:BB:92, 00:23:D4:6A:B6:B9, bluetooth_network, false, fresh
06:54:14, 00:23:D4:6A:BB:92, 00:23:D4:6A:D1:B8, wifi_network, false, fresh
07:00:07, 00:23:D4:6A:BB:92, 00:23:D4:69:79:1C, bluetooth_network, false, fresh
07:00:13, 00:23:D4:6A:BB:92, 00:23:D4:6A:D1:B8, bluetooth_network, false, fresh
07:00:13, 00:23:D4:6A:BB:92, 00:23:D4:6A:B6:B9, wifi_network, false, fresh
07:01:05, 00:23:D4:6A:BB:92, 00:23:D4:6A:D1:B8, bluetooth_network, false, fresh
07:01:05, 00:23:D4:6A:BB:92, 00:23:D4:6A:B6:B9, wifi_network, false, fresh
07:01:14, 00:23:D4:6A:BB:92, 00:23:D4:69:79:1C, bluetooth_network, false, fresh
07:01:56, 00:23:D4:6A:BB:92, 00:23:D4:6A:D1:B8, bluetooth_network, false, fresh
07:01:56, 00:23:D4:6A:BB:92, 00:23:D4:6A:B6:B9, wifi_network, false, fresh
07:02:47, 00:23:D4:6A:BB:92, 00:23:D4:6A:B6:B9, bluetooth_network, false, fresh
07:02:47, 00:23:D4:6A:BB:92, 00:23:D4:6A:D1:B8, wifi_network, false, fresh
07:10:19, 00:23:D4:6A:BB:92, 00:23:D4:6A:D1:B8, bluetooth_network, false, fresh
07:10:19, 00:23:D4:6A:BB:92, 00:23:D4:6A:B6:B9, wifi_network, false, fresh
07:10:20, 00:23:D4:6A:BB:92, 00:23:D4:69:79:1C, bluetooth_network, false, fresh
07:11:21, 00:23:D4:6A:BB:92, 00:23:D4:6A:B6:B9, bluetooth_network, false, fresh
07:11:21, 00:23:D4:6A:BB:92, 00:23:D4:6A:D1:B8, wifi_network, false, fresh
07:11:57, 00:23:D4:6A:BB:92, 00:23:D4:69:79:1C, bluetooth_network, false, fresh
07:16:31, 00:23:D4:6A:BB:92, 00:23:D4:6A:D1:B8, bluetooth_network, false, fresh
07:16:31, 00:23:D4:6A:BB:92, 00:23:D4:6A:B6:B9, wifi_network, false, fresh
07:17:22, 00:23:D4:6A:BB:92, 00:23:D4:6A:D1:B8, bluetooth_network, false, fresh
07:17:22, 00:23:D4:6A:BB:92, 00:23:D4:6A:B6:B9, wifi_network, false, fresh
07:18:13, 00:23:D4:6A:BB:92, 00:23:D4:69:79:1C, bluetooth_network, false, fresh
07:18:14, 00:23:D4:6A:BB:92, 00:23:D4:6A:D1:B8, bluetooth_network, false, fresh
07:18:14, 00:23:D4:6A:BB:92, 00:23:D4:6A:B6:B9, wifi_network, false, fresh
07:18:44, 00:23:D4:6A:BB:92, 00:23:D4:6A:D1:B8, bluetooth_network, false, fresh
07:18:44, 00:23:D4:6A:BB:92, 00:23:D4:6A:B6:B9, wifi_network, false, fresh
07:19:05, 00:23:D4:6A:BB:92, 00:23:D4:6A:D1:B8, bluetooth_network, false, fresh
07:19:05, 00:23:D4:6A:BB:92, 00:23:D4:6A:B6:B9, wifi_network, false, fresh
07:19:56, 00:23:D4:6A:BB:92, 00:23:D4:6A:B6:B9, bluetooth_network, false, fresh
07:19:56, 00:23:D4:6A:BB:92, 00:23:D4:6A:D1:B8, wifi_network, false, fresh
07:26:16, 00:23:D4:6A:BB:92, 00:23:D4:6A:D1:B8, bluetooth_network, false, fresh
07:26:16, 00:23:D4:6A:BB:92, 00:23:D4:6A:B6:B9, wifi_network, false, fresh
07:26:48, 00:23:D4:6A:BB:92, 00:23:D4:6A:D1:B8, bluetooth_network, false, fresh
07:26:48, 00:23:D4:6A:BB:92, 00:23:D4:6A:B6:B9, wifi_network, false, fresh
07:27:38, 00:23:D4:6A:BB:92, 00:23:D4:6A:D1:B8, bluetooth_network, false, fresh
07:27:38, 00:23:D4:6A:BB:92, 00:23:D4:6A:B6:B9, wifi_network, false, fresh
07:27:58, 00:23:D4:6A:BB:92, 00:23:D4:69:79:1C, bluetooth_network, false, fresh
07:29:09, 00:23:D4:6A:BB:92, 00:23:D4:69:79:1C, bluetooth_network, false, fresh
07:29:09, 00:23:D4:6A:BB:92, 00:23:D4:69:79:1C, bluetooth_network, false, fresh
07:34:29, 00:23:D4:6A:BB:92, 00:23:D4:6A:D1:B8, bluetooth_network, false, fresh
07:34:29, 00:23:D4:6A:BB:92, 00:23:D4:6A:B6:B9, wifi_network, false, fresh
07:34:34, 00:23:D4:6A:BB:92, 00:23:D4:6A:D1:B8, bluetooth_network, false, fresh
07:34:34, 00:23:D4:6A:BB:92, 00:23:D4:6A:B6:B9, wifi_network, false, fresh
07:35:21, 00:23:D4:6A:BB:92, 00:23:D4:6A:D1:B8, bluetooth_network, false, fresh
07:35:21, 00:23:D4:6A:BB:92, 00:23:D4:6A:B6:B9, wifi_network, false, fresh
07:36:11, 00:23:D4:6A:BB:92, 00:23:D4:6A:D1:B8, bluetooth_network, false, fresh
07:36:11, 00:23:D4:6A:BB:92, 00:23:D4:6A:B6:B9, wifi_network, false, fresh
07:37:03, 00:23:D4:6A:BB:92, 00:23:D4:6A:B6:B9, bluetooth_network, false, fresh
07:37:03, 00:23:D4:6A:BB:92, 00:23:D4:6A:D1:B8, wifi_network, false, fresh
07:43:05, 00:23:D4:6A:BB:92, 00:23:D4:69:79:1C, bluetooth_network, false, fresh
07:43:07, 00:23:D4:6A:BB:92, 00:23:D4:6A:D1:B8, bluetooth_network, false, fresh
07:43:07, 00:23:D4:6A:BB:92, 00:23:D4:6A:B6:B9, wifi_network, false, fresh
07:43:23, 00:23:D4:6A:BB:92, 00:23:D4:6A:D1:B8, bluetooth_network, false, fresh
07:43:23, 00:23:D4:6A:BB:92, 00:23:D4:6A:B6:B9, wifi_network, false, fresh
07:44:46, 00:23:D4:6A:BB:92, 00:23:D4:6A:D1:B8, bluetooth_network, false, fresh
07:44:46, 00:23:D4:6A:BB:92, 00:23:D4:6A:B6:B9, wifi_network, false, fresh
07:45:43, 00:23:D4:6A:BB:92, 00:23:D4:6A:B6:B9, bluetooth_network, false, fresh
07:45:43, 00:23:D4:6A:BB:92, 00:23:D4:6A:D1:B8, wifi_network, false, fresh
07:50:46, 00:23:D4:6A:BB:92, 00:23:D4:6A:D1:B8, bluetooth_network, false, fresh
07:50:46, 00:23:D4:6A:BB:92, 00:23:D4:6A:B6:B9, wifi_network, false, fresh
07:51:29, 00:23:D4:6A:BB:92, 00:23:D4:69:79:1C, bluetooth_network, false, fresh
07:52:34, 00:23:D4:6A:BB:92, 00:23:D4:6A:D1:B8, bluetooth_network, false, fresh
07:52:34, 00:23:D4:6A:BB:92, 00:23:D4:6A:B6:B9, wifi_network, false, fresh
07:52:54, 00:23:D4:6A:BB:92, 00:23:D4:6A:D1:B8, bluetooth_network, false, fresh
07:52:54, 00:23:D4:6A:BB:92, 00:23:D4:6A:B6:B9, wifi_network, false, fresh
07:53:38, 00:23:D4:6A:BB:92, 00:23:D4:69:79:1C, bluetooth_network, false, fresh
07:54:16, 00:23:D4:6A:BB:92, 00:23:D4:6A:B6:B9, bluetooth_network, false, fresh
07:54:16, 00:23:D4:6A:BB:92, 00:23:D4:6A:D1:B8, wifi_network, false, fresh
07:59:24, 00:23:D4:6A:BB:92, 00:23:D4:6A:D1:B8, bluetooth_network, false, fresh
07:59:24, 00:23:D4:6A:BB:92, 00:23:D4:6A:B6:B9, wifi_network, false, fresh
08:01:07, 00:23:D4:6A:BB:92, 00:23:D4:69:79:1C, bluetooth_network, false, fresh
08:01:58, 00:23:D4:6A:BB:92, 00:23:D4:6A:D1:B8, bluetooth_network, false, fresh
08:01:58, 00:23:D4:6A:BB:92, 00:23:D4:6A:B6:B9, wifi_network, false, fresh
08:09:46, 00:23:D4:6A:BB:92, 00:23:D4:69:79:1C, bluetooth_network, false, fresh
08:10:16, 00:23:D4:6A:BB:92, 00:23:D4:6A:D1:B8, bluetooth_network, false, fresh
08:10:16, 00:23:D4:6A:BB:92, 00:23:D4:6A:B6:B9, wifi_network, false, fresh
08:10:17, 00:23:D4:6A:BB:92, 00:23:D4:69:79:1C, bluetooth_network, false, fresh
08:11:29, 00:23:D4:6A:BB:92, 00:23:D4:69:79:1C, bluetooth_network, false, fresh
08:12:00, 00:23:D4:6A:BB:92, 00:23:D4:69:79:1C, bluetooth_network, false, fresh
08:18:24, 00:23:D4:6A:BB:92, 00:23:D4:6A:D1:B8, bluetooth_network, false, fresh
08:18:25, 00:23:D4:6A:BB:92, 00:23:D4:6A:B6:B9, wifi_network, false, fresh
08:19:37, 00:23:D4:6A:BB:92, 00:23:D4:69:79:1C, bluetooth_network, false, fresh
08:19:41, 00:23:D4:6A:BB:92, 00:23:D4:6A:D1:B8, bluetooth_network, false, fresh
08:19:41, 00:23:D4:6A:BB:92, 00:23:D4:6A:B6:B9, wifi_network, false, fresh
08:20:08, 00:23:D4:6A:BB:92, 00:23:D4:6A:B6:B9, bluetooth_network, false, fresh
08:20:08, 00:23:D4:6A:BB:92, 00:23:D4:6A:D1:B8, wifi_network, false, fresh
08:25:47, 00:23:D4:6A:BB:92, 00:23:D4:6A:D1:B8, bluetooth_network, false, fresh
08:25:47, 00:23:D4:6A:BB:92, 00:23:D4:6A:B6:B9, wifi_network, false, fresh
08:25:48, 00:23:D4:6A:BB:92, 00:23:D4:69:79:1C, bluetooth_network, false, fresh
08:26:44, 00:23:D4:6A:BB:92, 00:23:D4:6A:D1:B8, bluetooth_network, false, fresh
08:26:44, 00:23:D4:6A:BB:92, 00:23:D4:6A:B6:B9, wifi_network, false, fresh
08:34:06, 00:23:D4:6A:BB:92, 00:23:D4:6A:D1:B8, bluetooth_network, false, fresh
08:34:06, 00:23:D4:6A:BB:92, 00:23:D4:6A:B6:B9, wifi_network, false, fresh
08:34:43, 00:23:D4:6A:BB:92, 00:23:D4:6A:D1:B8, bluetooth_network, false, fresh
08:34:43, 00:23:D4:6A:BB:92, 00:23:D4:6A:B6:B9, wifi_network, false, fresh
08:44:08, 00:23:D4:6A:BB:92, 00:23:D4:69:79:1C, bluetooth_network, false, fresh
08:44:29, 00:23:D4:6A:BB:92, 00:23:D4:69:79:1C, bluetooth_network, false, fresh
08:45:00, 00:23:D4:6A:BB:92, 00:23:D4:69:79:1C, bluetooth_network, false, fresh
08:45:40, 00:23:D4:6A:BB:92, 00:23:D4:6A:B6:B9, bluetooth_network, false, fresh
08:45:40, 00:23:D4:6A:BB:92, 00:23:D4:6A:D1:B8, wifi_network, false, fresh
08:51:54, 00:23:D4:6A:BB:92, 00:23:D4:6A:D1:B8, bluetooth_network, false, fresh
08:51:54, 00:23:D4:6A:BB:92, 00:23:D4:6A:B6:B9, wifi_network, false, fresh
08:52:31, 00:23:D4:6A:BB:92, 00:23:D4:6A:D1:B8, bluetooth_network, false, fresh
08:52:31, 00:23:D4:6A:BB:92, 00:23:D4:6A:B6:B9, wifi_network, false, fresh
08:52:48, 00:23:D4:6A:BB:92, 00:23:D4:69:79:1C, bluetooth_network, false, fresh
08:53:16, 00:23:D4:6A:BB:92, 00:23:D4:6A:D1:B8, bluetooth_network, false, fresh
08:53:16, 00:23:D4:6A:BB:92, 00:23:D4:6A:B6:B9, wifi_network, false, fresh
09:00:47, 00:23:D4:6A:BB:92, 00:23:D4:69:79:1C, bluetooth_network, false, fresh
09:02:14, 00:23:D4:6A:BB:92, 00:23:D4:69:79:1C, bluetooth_network, false, fresh
09:02:47, 00:23:D4:6A:BB:92, 00:23:D4:6A:B6:B9, bluetooth_network, false, fresh
09:02:47, 00:23:D4:6A:BB:92, 00:23:D4:6A:D1:B8, wifi_network, false, fresh
09:08:18, 00:23:D4:6A:BB:92, 00:23:D4:69:79:1C, bluetooth_network, false, fresh
09:09:38, 00:23:D4:6A:BB:92, 00:23:D4:6A:D1:B8, bluetooth_network, false, fresh
09:09:38, 00:23:D4:6A:BB:92, 00:23:D4:6A:B6:B9, wifi_network, false, fresh
09:17:57, 00:23:D4:6A:BB:92, 00:23:D4:69:79:1C, bluetooth_network, false, fresh
09:19:15, 00:23:D4:6A:BB:92, 00:23:D4:69:79:1C, bluetooth_network, false, fresh
09:19:44, 00:23:D4:6A:BB:92, 00:23:D4:6A:D1:B8, bluetooth_network, false, fresh
09:19:44, 00:23:D4:6A:BB:92, 00:23:D4:6A:B6:B9, wifi_network, false, fresh
09:27:08, 00:23:D4:6A:BB:92, 00:23:D4:69:79:1C, bluetooth_network, false, fresh
09:34:10, 00:23:D4:6A:BB:92, 00:23:D4:69:79:1C, bluetooth_network, false, fresh
