03:52:49, 00:23:D4:6A:D1:B8, 00:23:D4:6A:87:DE, bluetooth_network, false, fresh
03:52:49, 00:23:D4:6A:D1:B8, 00:23:D4:6A:BB:92, wifi_network, false, fresh
03:52:50, 00:23:D4:6A:D1:B8, 00:23:D4:6A:B6:B9, bluetooth_network, false, fresh
03:52:50, 00:23:D4:6A:D1:B8, 00:23:D4:6A:D1:B8, wifi_network, false, fresh
03:52:55, 00:23:D4:6A:D1:B8, 00:23:D4:6A:B6:B9, bluetooth_network, true, fresh
03:53:03, 00:23:D4:6A:D1:B8, 00:23:D4:69:79:1C, bluetooth_network, false, fresh
03:53:40, 00:23:D4:6A:D1:B8, 00:23:D4:6A:87:DE, bluetooth_network, false, fresh
03:53:41, 00:23:D4:6A:D1:B8, 00:23:D4:6A:BB:92, wifi_network, false, fresh
03:54:32, 00:23:D4:6A:D1:B8, 00:23:D4:6A:87:DE, bluetooth_network, false, fresh
03:54:32, 00:23:D4:6A:D1:B8, 00:23:D4:6A:BB:92, wifi_network, false, fresh
03:54:34, 00:23:D4:6A:D1:B8, 00:23:D4:6A:F5:43, bluetooth_network, false, fresh
03:54:34, 00:23:D4:6A:D1:B8, 00:23:D4:6A:A4:E2, wifi_network, false, fresh
03:54:52, 00:23:D4:6A:D1:B8, 00:23:D4:6A:87:DE, bluetooth_network, false, fresh
03:54:53, 00:23:D4:6A:D1:B8, 00:23:D4:6A:BB:92, wifi_network, false, fresh
03:54:54, 00:23:D4:6A:D1:B8, 00:23:D4:6A:22:09, bluetooth_network, false, fresh
03:54:54, 00:23:D4:6A:D1:B8, 00:23:D4:68:E1:E9, wifi_network, false, fresh
03:54:55, 00:23:D4:6A:D1:B8, 00:23:D4:69:79:1C, bluetooth_network, false, fresh
03:55:24, 00:23:D4:6A:D1:B8, 00:23:D4:6A:BB:92, bluetooth_network, false, fresh
03:55:24, 00:23:D4:6A:D1:B8, 00:23:D4:6A:87:DE, wifi_network, false, fresh
03:55:26, 00:23:D4:6A:D1:B8, 00:23:D4:69:79:1C, bluetooth_network, false, fresh
03:55:31, 00:23:D4:6A:D1:B8, 00:23:D4:6A:A4:E2, bluetooth_network, false, fresh
03:55:31, 00:23:D4:6A:D1:B8, 00:23:D4:6A:F5:43, wifi_network, false, fresh
04:02:14, 00:23:D4:6A:D1:B8, 00:23:D4:6A:BB:92, bluetooth_network, false, fresh
04:02:14, 00:23:D4:6A:D1:B8, 00:23:D4:6A:87:DE, wifi_network, false, fresh
04:02:14, 00:23:D4:6A:D1:B8, 00:23:D4:6A:F5:43, bluetooth_network, false, fresh
04:02:14, 00:23:D4:6A:D1:B8, 00:23:D4:6A:A4:E2, wifi_network, false, fresh
04:02:19, 00:23:D4:6A:D1:B8, 00:23:D4:6A:BB:92, bluetooth_network, false, fresh
04:02:19, 00:23:D4:6A:D1:B8, 00:23:D4:6A:87:DE, wifi_network, false, fresh
04:03:05, 00:23:D4:6A:D1:B8, 00:23:D4:6A:F5:43, bluetooth_network, false, fresh
04:03:05, 00:23:D4:6A:D1:B8, 00:23:D4:6A:A4:E2, wifi_network, false, fresh
04:03:07, 00:23:D4:6A:D1:B8, 00:23:D4:68:E1:E9, bluetooth_network, false, fresh
04:03:07, 00:23:D4:6A:D1:B8, 00:23:D4:6A:22:09, wifi_network, false, fresh
04:03:51, 00:23:D4:6A:D1:B8, 00:23:D4:69:79:1C, bluetooth_network, false, fresh
04:03:53, 00:23:D4:6A:D1:B8, 00:23:D4:6A:A4:E2, bluetooth_network, false, fresh
04:03:53, 00:23:D4:6A:D1:B8, 00:23:D4:6A:F5:43, wifi_network, false, fresh
04:03:57, 00:23:D4:6A:D1:B8, 00:23:D4:6A:87:DE, bluetooth_network, false, fresh
04:03:57, 00:23:D4:6A:D1:B8, 00:23:D4:6A:BB:92, wifi_network, false, fresh
04:04:13, 00:23:D4:6A:D1:B8, 00:23:D4:68:E1:E9, bluetooth_network, false, fresh
04:04:13, 00:23:D4:6A:D1:B8, 00:23:D4:6A:22:09, wifi_network, false, fresh
04:04:48, 00:23:D4:6A:D1:B8, 00:23:D4:6A:87:DE, bluetooth_network, false, fresh
04:04:48, 00:23:D4:6A:D1:B8, 00:23:D4:6A:BB:92, wifi_network, false, fresh
04:05:40, 00:23:D4:6A:D1:B8, 00:23:D4:69:79:1C, bluetooth_network, false, fresh
04:16:43, 00:23:D4:6A:D1:B8, 00:23:D4:6A:87:DE, bluetooth_network, false, fresh
04:16:43, 00:23:D4:6A:D1:B8, 00:23:D4:6A:BB:92, wifi_network, false, fresh
04:17:25, 00:23:D4:6A:D1:B8, 00:23:D4:6A:BB:92, bluetooth_network, false, fresh
04:17:25, 00:23:D4:6A:D1:B8, 00:23:D4:6A:87:DE, wifi_network, false, fresh
04:17:25, 00:23:D4:6A:D1:B8, 00:23:D4:6A:22:09, bluetooth_network, false, fresh
04:17:25, 00:23:D4:6A:D1:B8, 00:23:D4:68:E1:E9, wifi_network, false, fresh
04:17:26, 00:23:D4:6A:D1:B8, 00:23:D4:6A:F5:43, bluetooth_network, false, fresh
04:17:27, 00:23:D4:6A:D1:B8, 00:23:D4:6A:A4:E2, wifi_network, false, fresh
04:17:29, 00:23:D4:6A:D1:B8, 00:23:D4:69:79:1C, bluetooth_network, false, fresh
04:17:32, 00:23:D4:6A:D1:B8, 00:23:D4:6A:F5:43, bluetooth_network, false, fresh
04:17:32, 00:23:D4:6A:D1:B8, 00:23:D4:6A:A4:E2, wifi_network, false, fresh
04:18:17, 00:23:D4:6A:D1:B8, 00:23:D4:6A:22:09, bluetooth_network, false, fresh
04:18:17, 00:23:D4:6A:D1:B8, 00:23:D4:68:E1:E9, wifi_network, false, fresh
04:18:21, 00:23:D4:6A:D1:B8, 00:23:D4:69:79:1C, bluetooth_network, false, fresh
04:18:23, 00:23:D4:6A:D1:B8, 00:23:D4:6A:F5:43, bluetooth_network, false, fresh
04:18:23, 00:23:D4:6A:D1:B8, 00:23:D4:6A:A4:E2, wifi_network, false, fresh
04:19:07, 00:23:D4:6A:D1:B8, 00:23:D4:68:E1:E9, bluetooth_network, false, fresh
04:19:07, 00:23:D4:6A:D1:B8, 00:23:D4:6A:22:09, wifi_network, false, fresh
04:19:17, 00:23:D4:6A:D1:B8, 00:23:D4:69:79:1C, bluetooth_network, false, fresh
04:24:15, 00:23:D4:6A:D1:B8, 00:23:D4:6A:22:09, bluetooth_network, false, fresh
04:24:15, 00:23:D4:6A:D1:B8, 00:23:D4:68:E1:E9, wifi_network, false, fresh
04:24:15, 00:23:D4:6A:D1:B8, 00:23:D4:6A:87:DE, bluetooth_network, false, fresh
04:24:15, 00:23:D4:6A:D1:B8, 00:23:D4:6A:BB:92, wifi_network, false, fresh
04:25:01, 00:23:D4:6A:D1:B8, 00:23:D4:6A:22:09, bluetooth_network, false, fresh
04:25:01, 00:23:D4:6A:D1:B8, 00:23:D4:68:E1:E9, wifi_network, false, fresh
04:25:01, 00:23:D4:6A:D1:B8, 00:23:D4:69:79:1C, bluetooth_network, false, fresh
04:25:06, 00:23:D4:6A:D1:B8, 00:23:D4:6A:22:09, bluetooth_network, false, fresh
04:25:06, 00:23:D4:6A:D1:B8, 00:23:D4:68:E1:E9, wifi_network, false, fresh
04:25:43, 00:23:D4:6A:D1:B8, 00:23:D4:6A:A4:E2, bluetooth_network, false, fresh
04:25:43, 00:23:D4:6A:D1:B8, 00:23:D4:6A:F5:43, wifi_network, false, fresh
04:25:54, 00:23:D4:6A:D1:B8, 00:23:D4:6A:BB:92, bluetooth_network, false, fresh
04:25:54, 00:23:D4:6A:D1:B8, 00:23:D4:6A:87:DE, wifi_network, false, fresh
04:25:57, 00:23:D4:6A:D1:B8, 00:23:D4:6A:22:09, bluetooth_network, false, fresh
04:25:58, 00:23:D4:6A:D1:B8, 00:23:D4:68:E1:E9, wifi_network, false, fresh
04:26:03, 00:23:D4:6A:D1:B8, 00:23:D4:69:79:1C, bluetooth_network, false, fresh
04:26:46, 00:23:D4:6A:D1:B8, 00:23:D4:6A:BB:92, bluetooth_network, false, fresh
04:26:46, 00:23:D4:6A:D1:B8, 00:23:D4:6A:87:DE, wifi_network, false, fresh
04:26:49, 00:23:D4:6A:D1:B8, 00:23:D4:6A:22:09, bluetooth_network, false, fresh
04:26:49, 00:23:D4:6A:D1:B8, 00:23:D4:68:E1:E9, wifi_network, false, fresh
04:27:05, 00:23:D4:6A:D1:B8, 00:23:D4:69:79:1C, bluetooth_network, false, fresh
04:27:40, 00:23:D4:6A:D1:B8, 00:23:D4:68:E1:E9, bluetooth_network, false, fresh
04:27:41, 00:23:D4:6A:D1:B8, 00:23:D4:6A:22:09, wifi_network, false, fresh
04:28:17, 00:23:D4:6A:D1:B8, 00:23:D4:69:79:1C, bluetooth_network, false, fresh
04:32:49, 00:23:D4:6A:D1:B8, 00:23:D4:6A:22:09, bluetooth_network, false, fresh
04:32:49, 00:23:D4:6A:D1:B8, 00:23:D4:68:E1:E9, wifi_network, false, fresh
04:34:32, 00:23:D4:6A:D1:B8, 00:23:D4:6A:22:09, bluetooth_network, false, fresh
04:34:32, 00:23:D4:6A:D1:B8, 00:23:D4:68:E1:E9, wifi_network, false, fresh
04:34:33, 00:23:D4:6A:D1:B8, 00:23:D4:6A:A4:E2, bluetooth_network, false, fresh
04:34:33, 00:23:D4:6A:D1:B8, 00:23:D4:6A:F5:43, wifi_network, false, fresh
04:35:22, 00:23:D4:6A:D1:B8, 00:23:D4:6A:22:09, bluetooth_network, false, fresh
04:35:22, 00:23:D4:6A:D1:B8, 00:23:D4:68:E1:E9, wifi_network, false, fresh
04:35:55, 00:23:D4:6A:D1:B8, 00:23:D4:69:79:1C, bluetooth_network, false, fresh
04:35:55, 00:23:D4:6A:D1:B8, 00:23:D4:6A:A4:E2, bluetooth_network, false, fresh
04:35:55, 00:23:D4:6A:D1:B8, 00:23:D4:6A:F5:43, wifi_network, false, fresh
04:41:23, 00:23:D4:6A:D1:B8, 00:23:D4:6A:22:09, bluetooth_network, false, fresh
04:41:23, 00:23:D4:6A:D1:B8, 00:23:D4:68:E1:E9, wifi_network, false, fresh
04:41:50, 00:23:D4:6A:D1:B8, 00:23:D4:69:79:1C, bluetooth_network, false, fresh
04:41:51, 00:23:D4:6A:D1:B8, 00:23:D4:6A:A4:E2, bluetooth_network, false, fresh
04:41:51, 00:23:D4:6A:D1:B8, 00:23:D4:6A:F5:43, wifi_network, false, fresh
04:41:51, 00:23:D4:6A:D1:B8, 00:23:D4:6A:F5:43, bluetooth_network, false, fresh
04:41:51, 00:23:D4:6A:D1:B8, 00:23:D4:6A:A4:E2, wifi_network, false, fresh
04:41:53, 00:23:D4:6A:D1:B8, 00:23:D4:6A:22:09, bluetooth_network, false, fresh
04:41:54, 00:23:D4:6A:D1:B8, 00:23:D4:68:E1:E9, wifi_network, false, fresh
04:43:03, 00:23:D4:6A:D1:B8, 00:23:D4:69:79:1C, bluetooth_network, false, fresh
04:43:06, 00:23:D4:6A:D1:B8, 00:23:D4:6A:22:09, bluetooth_network, false, fresh
04:43:06, 00:23:D4:6A:D1:B8, 00:23:D4:68:E1:E9, wifi_network, false, fresh
04:43:44, 00:23:D4:6A:D1:B8, 00:23:D4:69:79:1C, bluetooth_network, false, fresh
04:43:47, 00:23:D4:6A:D1:B8, 00:23:D4:6A:22:09, bluetooth_network, false, fresh
04:43:47, 00:23:D4:6A:D1:B8, 00:23:D4:68:E1:E9, wifi_network, false, fresh
04:43:58, 00:23:D4:6A:D1:B8, 00:23:D4:6A:22:09, bluetooth_network, false, fresh
04:43:58, 00:23:D4:6A:D1:B8, 00:23:D4:68:E1:E9, wifi_network, false, fresh
04:44:12, 00:23:D4:6A:D1:B8, 00:23:D4:6A:BB:92, bluetooth_network, false, fresh
04:44:12, 00:23:D4:6A:D1:B8, 00:23:D4:6A:87:DE, wifi_network, false, fresh
04:44:14, 00:23:D4:6A:D1:B8, 00:23:D4:6A:22:09, bluetooth_network, false, fresh
04:44:14, 00:23:D4:6A:D1:B8, 00:23:D4:68:E1:E9, wifi_network, false, fresh
04:44:46, 00:23:D4:6A:D1:B8, 00:23:D4:69:79:1C, bluetooth_network, false, fresh
04:50:25, 00:23:D4:6A:D1:B8, 00:23:D4:6A:22:09, bluetooth_network, false, fresh
04:50:25, 00:23:D4:6A:D1:B8, 00:23:D4:68:E1:E9, wifi_network, false, fresh
04:50:25, 00:23:D4:6A:D1:B8, 00:23:D4:6A:87:DE, bluetooth_network, false, fresh
04:50:25, 00:23:D4:6A:D1:B8, 00:23:D4:6A:BB:92, wifi_network, false, fresh
04:50:45, 00:23:D4:6A:D1:B8, 00:23:D4:6A:22:09, bluetooth_network, false, fresh
04:50:45, 00:23:D4:6A:D1:B8, 00:23:D4:68:E1:E9, wifi_network, false, fresh
04:51:36, 00:23:D4:6A:D1:B8, 00:23:D4:6A:22:09, bluetooth_network, false, fresh
04:51:36, 00:23:D4:6A:D1:B8, 00:23:D4:68:E1:E9, wifi_network, false, fresh
04:51:37, 00:23:D4:6A:D1:B8, 00:23:D4:69:79:1C, bluetooth_network, false, fresh
04:52:29, 00:23:D4:6A:D1:B8, 00:23:D4:69:79:1C, bluetooth_network, false, fresh
04:52:32, 00:23:D4:6A:D1:B8, 00:23:D4:6A:22:09, bluetooth_network, false, fresh
04:52:32, 00:23:D4:6A:D1:B8, 00:23:D4:68:E1:E9, wifi_network, false, fresh
04:53:21, 00:23:D4:6A:D1:B8, 00:23:D4:68:E1:E9, bluetooth_network, false, fresh
04:53:21, 00:23:D4:6A:D1:B8, 00:23:D4:6A:22:09, wifi_network, false, fresh
04:53:50, 00:23:D4:6A:D1:B8, 00:23:D4:6A:BB:92, bluetooth_network, false, fresh
04:53:50, 00:23:D4:6A:D1:B8, 00:23:D4:6A:87:DE, wifi_network, false, fresh
04:53:51, 00:23:D4:6A:D1:B8, 00:23:D4:68:E1:E9, bluetooth_network, false, fresh
04:53:51, 00:23:D4:6A:D1:B8, 00:23:D4:6A:22:09, wifi_network, false, fresh
04:58:32, 00:23:D4:6A:D1:B8, 00:23:D4:6A:87:DE, bluetooth_network, false, fresh
04:58:32, 00:23:D4:6A:D1:B8, 00:23:D4:6A:BB:92, wifi_network, false, fresh
05:00:12, 00:23:D4:6A:D1:B8, 00:23:D4:6A:22:09, bluetooth_network, false, fresh
05:00:12, 00:23:D4:6A:D1:B8, 00:23:D4:68:E1:E9, wifi_network, false, fresh
05:01:12, 00:23:D4:6A:D1:B8, 00:23:D4:69:79:1C, bluetooth_network, false, fresh
05:02:20, 00:23:D4:6A:D1:B8, 00:23:D4:6A:BB:92, bluetooth_network, false, fresh
05:02:20, 00:23:D4:6A:D1:B8, 00:23:D4:6A:87:DE, wifi_network, false, fresh
05:02:25, 00:23:D4:6A:D1:B8, 00:23:D4:6A:BB:92, bluetooth_network, false, fresh
05:02:25, 00:23:D4:6A:D1:B8, 00:23:D4:6A:87:DE, wifi_network, false, fresh
05:07:06, 00:23:D4:6A:D1:B8, 00:23:D4:6A:22:09, bluetooth_network, false, fresh
05:07:06, 00:23:D4:6A:D1:B8, 00:23:D4:68:E1:E9, wifi_network, false, fresh
05:07:28, 00:23:D4:6A:D1:B8, 00:23:D4:6A:87:DE, bluetooth_network, false, fresh
05:07:28, 00:23:D4:6A:D1:B8, 00:23:D4:6A:BB:92, wifi_network, false, fresh
05:08:44, 00:23:D4:6A:D1:B8, 00:23:D4:69:79:1C, bluetooth_network, false, fresh
05:08:49, 00:23:D4:6A:D1:B8, 00:23:D4:6A:22:09, bluetooth_network, false, fresh
05:08:49, 00:23:D4:6A:D1:B8, 00:23:D4:68:E1:E9, wifi_network, false, fresh
05:09:26, 00:23:D4:6A:D1:B8, 00:23:D4:69:79:1C, bluetooth_network, false, fresh
05:09:41, 00:23:D4:6A:D1:B8, 00:23:D4:6A:22:09, bluetooth_network, false, fresh
05:09:41, 00:23:D4:6A:D1:B8, 00:23:D4:68:E1:E9, wifi_network, false, fresh
05:10:06, 00:23:D4:6A:D1:B8, 00:23:D4:6A:BB:92, bluetooth_network, false, fresh
05:10:06, 00:23:D4:6A:D1:B8, 00:23:D4:6A:87:DE, wifi_network, false, fresh
05:10:06, 00:23:D4:6A:D1:B8, 00:23:D4:6A:22:09, bluetooth_network, false, fresh
05:10:06, 00:23:D4:6A:D1:B8, 00:23:D4:68:E1:E9, wifi_network, false, fresh
05:10:33, 00:23:D4:6A:D1:B8, 00:23:D4:69:79:1C, bluetooth_network, false, fresh
05:10:38, 00:23:D4:6A:D1:B8, 00:23:D4:69:79:1C, bluetooth_network, false, fresh
05:15:37, 00:23:D4:6A:D1:B8, 00:23:D4:69:79:1C, bluetooth_network, false, fresh
05:15:41, 00:23:D4:6A:D1:B8, 00:23:D4:6A:22:09, bluetooth_network, false, fresh
05:15:41, 00:23:D4:6A:D1:B8, 00:23:D4:68:E1:E9, wifi_network, false, fresh
05:15:42, 00:23:D4:6A:D1:B8, 00:23:D4:6A:87:DE, bluetooth_network, false, fresh
05:15:42, 00:23:D4:6A:D1:B8, 00:23:D4:6A:BB:92, wifi_network, false, fresh
05:16:33, 00:23:D4:6A:D1:B8, 00:23:D4:6A:22:09, bluetooth_network, false, fresh
05:16:33, 00:23:D4:6A:D1:B8, 00:23:D4:68:E1:E9, wifi_network, false, fresh
05:17:24, 00:23:D4:6A:D1:B8, 00:23:D4:6A:22:09, bluetooth_network, false, fresh
05:17:24, 00:23:D4:6A:D1:B8, 00:23:D4:68:E1:E9, wifi_network, false, fresh
05:18:01, 00:23:D4:6A:D1:B8, 00:23:D4:69:79:1C, bluetooth_network, false, fresh
05:19:06, 00:23:D4:6A:D1:B8, 00:23:D4:68:E1:E9, bluetooth_network, false, fresh
05:19:06, 00:23:D4:6A:D1:B8, 00:23:D4:6A:22:09, wifi_network, false, fresh
05:19:08, 00:23:D4:6A:D1:B8, 00:23:D4:69:79:1C, bluetooth_network, false, fresh
05:19:09, 00:23:D4:6A:D1:B8, 00:23:D4:6A:BB:92, bluetooth_network, false, fresh
05:19:09, 00:23:D4:6A:D1:B8, 00:23:D4:6A:87:DE, wifi_network, false, fresh
05:25:07, 00:23:D4:6A:D1:B8, 00:23:D4:6A:22:09, bluetooth_network, false, fresh
05:25:07, 00:23:D4:6A:D1:B8, 00:23:D4:68:E1:E9, wifi_network, false, fresh
05:25:08, 00:23:D4:6A:D1:B8, 00:23:D4:69:79:1C, bluetooth_network, false, fresh
05:25:57, 00:23:D4:6A:D1:B8, 00:23:D4:6A:22:09, bluetooth_network, false, fresh
05:25:57, 00:23:D4:6A:D1:B8, 00:23:D4:68:E1:E9, wifi_network, false, fresh
05:26:48, 00:23:D4:6A:D1:B8, 00:23:D4:6A:22:09, bluetooth_network, false, fresh
05:26:48, 00:23:D4:6A:D1:B8, 00:23:D4:68:E1:E9, wifi_network, false, fresh
05:28:23, 00:23:D4:6A:D1:B8, 00:23:D4:69:79:1C, bluetooth_network, false, fresh
05:32:47, 00:23:D4:6A:D1:B8, 00:23:D4:6A:BB:92, bluetooth_network, false, fresh
05:32:47, 00:23:D4:6A:D1:B8, 00:23:D4:6A:87:DE, wifi_network, false, fresh
05:33:20, 00:23:D4:6A:D1:B8, 00:23:D4:69:79:1C, bluetooth_network, false, fresh
05:33:40, 00:23:D4:6A:D1:B8, 00:23:D4:6A:22:09, bluetooth_network, false, fresh
05:33:40, 00:23:D4:6A:D1:B8, 00:23:D4:68:E1:E9, wifi_network, false, fresh
05:33:41, 00:23:D4:6A:D1:B8, 00:23:D4:69:79:1C, bluetooth_network, false, fresh
05:34:31, 00:23:D4:6A:D1:B8, 00:23:D4:6A:22:09, bluetooth_network, false, fresh
05:34:31, 00:23:D4:6A:D1:B8, 00:23:D4:68:E1:E9, wifi_network, false, fresh
05:34:57, 00:23:D4:6A:D1:B8, 00:23:D4:6A:22:09, bluetooth_network, false, fresh
05:34:57, 00:23:D4:6A:D1:B8, 00:23:D4:68:E1:E9, wifi_network, false, fresh
05:35:24, 00:23:D4:6A:D1:B8, 00:23:D4:69:79:1C, bluetooth_network, false, fresh
05:35:29, 00:23:D4:6A:D1:B8, 00:23:D4:69:79:1C, bluetooth_network, false, fresh
05:36:13, 00:23:D4:6A:D1:B8, 00:23:D4:68:E1:E9, bluetooth_network, false, fresh
05:36:13, 00:23:D4:6A:D1:B8, 00:23:D4:6A:22:09, wifi_network, false, fresh
05:36:15, 00:23:D4:6A:D1:B8, 00:23:D4:69:79:1C, bluetooth_network, false, fresh
05:41:24, 00:23:D4:6A:D1:B8, 00:23:D4:6A:BB:92, bluetooth_network, false, fresh
05:41:24, 00:23:D4:6A:D1:B8, 00:23:D4:6A:87:DE, wifi_network, false, fresh
05:43:01, 00:23:D4:6A:D1:B8, 00:23:D4:6A:87:DE, bluetooth_network, false, fresh
05:43:01, 00:23:D4:6A:D1:B8, 00:23:D4:6A:BB:92, wifi_network, false, fresh
05:43:06, 00:23:D4:6A:D1:B8, 00:23:D4:6A:87:DE, bluetooth_network, false, fresh
05:43:07, 00:23:D4:6A:D1:B8, 00:23:D4:6A:BB:92, wifi_network, false, fresh
05:43:45, 00:23:D4:6A:D1:B8, 00:23:D4:69:79:1C, bluetooth_network, false, fresh
05:51:13, 00:23:D4:6A:D1:B8, 00:23:D4:69:79:1C, bluetooth_network, false, fresh
05:52:30, 00:23:D4:6A:D1:B8, 00:23:D4:6A:87:DE, bluetooth_network, false, fresh
05:52:30, 00:23:D4:6A:D1:B8, 00:23:D4:6A:BB:92, wifi_network, false, fresh
05:52:35, 00:23:D4:6A:D1:B8, 00:23:D4:6A:87:DE, bluetooth_network, false, fresh
05:52:35, 00:23:D4:6A:D1:B8, 00:23:D4:6A:BB:92, wifi_network, false, fresh
05:53:21, 00:23:D4:6A:D1:B8, 00:23:D4:6A:87:DE, bluetooth_network, false, fresh
05:53:22, 00:23:D4:6A:D1:B8, 00:23:D4:6A:BB:92, wifi_network, false, fresh
05:53:58, 00:23:D4:6A:D1:B8, 00:23:D4:69:79:1C, bluetooth_network, false, fresh
06:01:04, 00:23:D4:6A:D1:B8, 00:23:D4:69:79:1C, bluetooth_network, false, fresh
06:01:24, 00:23:D4:6A:D1:B8, 00:23:D4:6A:87:DE, bluetooth_network, false, fresh
06:01:24, 00:23:D4:6A:D1:B8, 00:23:D4:6A:BB:92, wifi_network, false, fresh
06:07:55, 00:23:D4:6A:D1:B8, 00:23:D4:6A:BB:92, bluetooth_network, false, fresh
06:07:55, 00:23:D4:6A:D1:B8, 00:23:D4:6A:87:DE, wifi_network, false, fresh
06:08:10, 00:23:D4:6A:D1:B8, 00:23:D4:69:79:1C, bluetooth_network, false, fresh
06:08:10, 00:23:D4:6A:D1:B8, 00:23:D4:6A:87:DE, bluetooth_network, false, fresh
06:08:10, 00:23:D4:6A:D1:B8, 00:23:D4:6A:BB:92, wifi_network, false, fresh
06:10:14, 00:23:D4:6A:D1:B8, 00:23:D4:69:79:1C, bluetooth_network, false, fresh
06:10:29, 00:23:D4:6A:D1:B8, 00:23:D4:6A:87:DE, bluetooth_network, false, fresh
06:10:29, 00:23:D4:6A:D1:B8, 00:23:D4:6A:BB:92, wifi_network, false, fresh
06:10:29, 00:23:D4:6A:D1:B8, 00:23:D4:69:79:1C, bluetooth_network, false, fresh
06:10:49, 00:23:D4:6A:D1:B8, 00:23:D4:6A:87:DE, bluetooth_network, false, fresh
06:10:49, 00:23:D4:6A:D1:B8, 00:23:D4:6A:BB:92, wifi_network, false, fresh
06:15:38, 00:23:D4:6A:D1:B8, 00:23:D4:6A:BB:92, bluetooth_network, false, fresh
06:17:21, 00:23:D4:6A:D1:B8, 00:23:D4:6A:BB:92, bluetooth_network, false, fresh
06:17:21, 00:23:D4:6A:D1:B8, 00:23:D4:6A:87:DE, wifi_network, false, fresh
06:17:47, 00:23:D4:6A:D1:B8, 00:23:D4:6A:BB:92, bluetooth_network, false, fresh
06:17:47, 00:23:D4:6A:D1:B8, 00:23:D4:6A:87:DE, wifi_network, false, fresh
06:18:12, 00:23:D4:6A:D1:B8, 00:23:D4:6A:BB:92, bluetooth_network, false, fresh
06:18:12, 00:23:D4:6A:D1:B8, 00:23:D4:6A:87:DE, wifi_network, false, fresh
06:19:04, 00:23:D4:6A:D1:B8, 00:23:D4:6A:BB:92, bluetooth_network, false, fresh
06:19:04, 00:23:D4:6A:D1:B8, 00:23:D4:6A:87:DE, wifi_network, false, fresh
06:19:19, 00:23:D4:6A:D1:B8, 00:23:D4:69:79:1C, bluetooth_network, false, fresh
06:24:12, 00:23:D4:6A:D1:B8, 00:23:D4:6A:B6:B9, bluetooth_network, true, update
06:24:12, 00:23:D4:6A:D1:B8, 00:23:D4:6A:D1:B8, wifi_network, false, fresh
06:24:12, 00:23:D4:6A:D1:B8, 00:23:D4:6A:87:DE, bluetooth_network, false, fresh
06:24:12, 00:23:D4:6A:D1:B8, 00:23:D4:6A:BB:92, wifi_network, false, fresh
06:24:43, 00:23:D4:6A:D1:B8, 00:23:D4:69:79:1C, bluetooth_network, false, fresh
06:25:19, 00:23:D4:6A:D1:B8, 00:23:D4:69:79:1C, bluetooth_network, false, fresh
06:26:15, 00:23:D4:6A:D1:B8, 00:23:D4:6A:BB:92, bluetooth_network, false, fresh
06:26:15, 00:23:D4:6A:D1:B8, 00:23:D4:6A:87:DE, wifi_network, false, fresh
06:26:15, 00:23:D4:6A:D1:B8, 00:23:D4:69:79:1C, bluetooth_network, false, fresh
06:33:38, 00:23:D4:6A:D1:B8, 00:23:D4:6A:BB:92, bluetooth_network, false, fresh
06:33:38, 00:23:D4:6A:D1:B8, 00:23:D4:6A:87:DE, wifi_network, false, fresh
06:34:30, 00:23:D4:6A:D1:B8, 00:23:D4:6A:BB:92, bluetooth_network, false, fresh
06:34:30, 00:23:D4:6A:D1:B8, 00:23:D4:6A:87:DE, wifi_network, false, fresh
06:36:02, 00:23:D4:6A:D1:B8, 00:23:D4:6A:BB:92, bluetooth_network, false, fresh
06:36:02, 00:23:D4:6A:D1:B8, 00:23:D4:6A:87:DE, wifi_network, false, fresh
06:36:13, 00:23:D4:6A:D1:B8, 00:23:D4:6A:BB:92, bluetooth_network, false, fresh
06:36:13, 00:23:D4:6A:D1:B8, 00:23:D4:6A:87:DE, wifi_network, false, fresh
06:43:05, 00:23:D4:6A:D1:B8, 00:23:D4:6A:BB:92, bluetooth_network, false, fresh
06:43:05, 00:23:D4:6A:D1:B8, 00:23:D4:6A:87:DE, wifi_network, false, fresh
06:43:40, 00:23:D4:6A:D1:B8, 00:23:D4:69:79:1C, bluetooth_network, false, fresh
06:51:40, 00:23:D4:6A:D1:B8, 00:23:D4:6A:BB:92, bluetooth_network, false, fresh
06:51:40, 00:23:D4:6A:D1:B8, 00:23:D4:6A:87:DE, wifi_network, false, fresh
06:52:32, 00:23:D4:6A:D1:B8, 00:23:D4:6A:BB:92, bluetooth_network, false, fresh
06:52:32, 00:23:D4:6A:D1:B8, 00:23:D4:6A:87:DE, wifi_network, false, fresh
06:53:11, 00:23:D4:6A:D1:B8, 00:23:D4:69:79:1C, bluetooth_network, false, fresh
06:53:49, 00:23:D4:6A:D1:B8, 00:23:D4:6A:BB:92, bluetooth_network, false, fresh
06:53:49, 00:23:D4:6A:D1:B8, 00:23:D4:6A:87:DE, wifi_network, false, fresh
06:58:33, 00:23:D4:6A:D1:B8, 00:23:D4:6A:87:DE, bluetooth_network, false, fresh
06:58:33, 00:23:D4:6A:D1:B8, 00:23:D4:6A:BB:92, wifi_network, false, fresh
06:59:24, 00:23:D4:6A:D1:B8, 00:23:D4:6A:BB:92, bluetooth_network, false, fresh
06:59:24, 00:23:D4:6A:D1:B8, 00:23:D4:6A:87:DE, wifi_network, false, fresh
07:00:15, 00:23:D4:6A:D1:B8, 00:23:D4:6A:BB:92, bluetooth_network, false, fresh
07:00:15, 00:23:D4:6A:D1:B8, 00:23:D4:6A:87:DE, wifi_network, false, fresh
07:01:07, 00:23:D4:6A:D1:B8, 00:23:D4:6A:BB:92, bluetooth_network, false, fresh
07:01:07, 00:23:D4:6A:D1:B8, 00:23:D4:6A:87:DE, wifi_network, false, fresh
07:01:43, 00:23:D4:6A:D1:B8, 00:23:D4:69:79:1C, bluetooth_network, false, fresh
07:01:54, 00:23:D4:6A:D1:B8, 00:23:D4:6A:BB:92, bluetooth_network, false, fresh
07:01:54, 00:23:D4:6A:D1:B8, 00:23:D4:6A:87:DE, wifi_network, false, fresh
07:07:06, 00:23:D4:6A:D1:B8, 00:23:D4:6A:87:DE, bluetooth_network, false, fresh
07:07:06, 00:23:D4:6A:D1:B8, 00:23:D4:6A:BB:92, wifi_network, false, fresh
07:07:44, 00:23:D4:6A:D1:B8, 00:23:D4:69:79:1C, bluetooth_network, false, fresh
07:07:57, 00:23:D4:6A:D1:B8, 00:23:D4:6A:BB:92, bluetooth_network, false, fresh
07:07:57, 00:23:D4:6A:D1:B8, 00:23:D4:6A:87:DE, wifi_network, false, fresh
07:08:49, 00:23:D4:6A:D1:B8, 00:23:D4:6A:BB:92, bluetooth_network, false, fresh
07:08:49, 00:23:D4:6A:D1:B8, 00:23:D4:6A:87:DE, wifi_network, false, fresh
07:10:22, 00:23:D4:6A:D1:B8, 00:23:D4:6A:BB:92, bluetooth_network, false, fresh
07:10:22, 00:23:D4:6A:D1:B8, 00:23:D4:6A:87:DE, wifi_network, false, fresh
07:10:28, 00:23:D4:6A:D1:B8, 00:23:D4:6A:BB:92, bluetooth_network, false, fresh
07:10:28, 00:23:D4:6A:D1:B8, 00:23:D4:6A:87:DE, wifi_network, false, fresh
07:10:32, 00:23:D4:6A:D1:B8, 00:23:D4:6A:BB:92, bluetooth_network, false, fresh
07:10:32, 00:23:D4:6A:D1:B8, 00:23:D4:6A:87:DE, wifi_network, false, fresh
07:15:40, 00:23:D4:6A:D1:B8, 00:23:D4:6A:87:DE, bluetooth_network, false, fresh
07:15:40, 00:23:D4:6A:D1:B8, 00:23:D4:6A:BB:92, wifi_network, false, fresh
07:16:11, 00:23:D4:6A:D1:B8, 00:23:D4:6A:87:DE, bluetooth_network, false, fresh
07:16:11, 00:23:D4:6A:D1:B8, 00:23:D4:6A:BB:92, wifi_network, false, fresh
07:16:32, 00:23:D4:6A:D1:B8, 00:23:D4:6A:BB:92, bluetooth_network, false, fresh
07:16:32, 00:23:D4:6A:D1:B8, 00:23:D4:6A:87:DE, wifi_network, false, fresh
07:17:23, 00:23:D4:6A:D1:B8, 00:23:D4:6A:BB:92, bluetooth_network, false, fresh
07:17:23, 00:23:D4:6A:D1:B8, 00:23:D4:6A:87:DE, wifi_network, false, fresh
07:17:40, 00:23:D4:6A:D1:B8, 00:23:D4:69:79:1C, bluetooth_network, false, fresh
07:18:40, 00:23:D4:6A:D1:B8, 00:23:D4:6A:BB:92, bluetooth_network, false, fresh
07:18:40, 00:23:D4:6A:D1:B8, 00:23:D4:6A:87:DE, wifi_network, false, fresh
07:24:11, 00:23:D4:6A:D1:B8, 00:23:D4:6A:87:DE, bluetooth_network, false, fresh
07:24:11, 00:23:D4:6A:D1:B8, 00:23:D4:6A:BB:92, wifi_network, false, fresh
07:25:54, 00:23:D4:6A:D1:B8, 00:23:D4:6A:BB:92, bluetooth_network, false, fresh
07:25:54, 00:23:D4:6A:D1:B8, 00:23:D4:6A:87:DE, wifi_network, false, fresh
07:27:37, 00:23:D4:6A:D1:B8, 00:23:D4:6A:BB:92, bluetooth_network, false, fresh
07:27:37, 00:23:D4:6A:D1:B8, 00:23:D4:6A:87:DE, wifi_network, false, fresh
07:32:45, 00:23:D4:6A:D1:B8, 00:23:D4:6A:87:DE, bluetooth_network, false, fresh
07:32:45, 00:23:D4:6A:D1:B8, 00:23:D4:6A:BB:92, wifi_network, false, fresh
07:33:36, 00:23:D4:6A:D1:B8, 00:23:D4:6A:BB:92, bluetooth_network, false, fresh
07:33:36, 00:23:D4:6A:D1:B8, 00:23:D4:6A:87:DE, wifi_network, false, fresh
07:35:23, 00:23:D4:6A:D1:B8, 00:23:D4:6A:BB:92, bluetooth_network, false, fresh
07:35:23, 00:23:D4:6A:D1:B8, 00:23:D4:6A:87:DE, wifi_network, false, fresh
07:41:18, 00:23:D4:6A:D1:B8, 00:23:D4:6A:87:DE, bluetooth_network, false, fresh
07:41:18, 00:23:D4:6A:D1:B8, 00:23:D4:6A:BB:92, wifi_network, false, fresh
07:41:23, 00:23:D4:6A:D1:B8, 00:23:D4:6A:87:DE, bluetooth_network, false, fresh
07:41:23, 00:23:D4:6A:D1:B8, 00:23:D4:6A:BB:92, wifi_network, false, fresh
07:43:04, 00:23:D4:6A:D1:B8, 00:23:D4:69:79:1C, bluetooth_network, false, fresh
07:44:05, 00:23:D4:6A:D1:B8, 00:23:D4:69:79:1C, bluetooth_network, false, fresh
07:44:44, 00:23:D4:6A:D1:B8, 00:23:D4:6A:BB:92, bluetooth_network, false, fresh
07:44:44, 00:23:D4:6A:D1:B8, 00:23:D4:6A:87:DE, wifi_network, false, fresh
07:45:00, 00:23:D4:6A:D1:B8, 00:23:D4:6A:BB:92, bluetooth_network, false, fresh
07:45:00, 00:23:D4:6A:D1:B8, 00:23:D4:6A:87:DE, wifi_network, false, fresh
07:45:02, 00:23:D4:6A:D1:B8, 00:23:D4:69:79:1C, bluetooth_network, false, fresh
07:50:26, 00:23:D4:6A:D1:B8, 00:23:D4:69:79:1C, bluetooth_network, false, fresh
07:50:45, 00:23:D4:6A:D1:B8, 00:23:D4:6A:BB:92, bluetooth_network, false, fresh
07:50:45, 00:23:D4:6A:D1:B8, 00:23:D4:6A:87:DE, wifi_network, false, fresh
07:51:41, 00:23:D4:6A:D1:B8, 00:23:D4:6A:BB:92, bluetooth_network, false, fresh
07:51:42, 00:23:D4:6A:D1:B8, 00:23:D4:6A:87:DE, wifi_network, false, fresh
07:52:49, 00:23:D4:6A:D1:B8, 00:23:D4:6A:BB:92, bluetooth_network, false, fresh
07:52:49, 00:23:D4:6A:D1:B8, 00:23:D4:6A:87:DE, wifi_network, false, fresh
07:52:49, 00:23:D4:6A:D1:B8, 00:23:D4:69:79:1C, bluetooth_network, false, fresh
07:53:21, 00:23:D4:6A:D1:B8, 00:23:D4:6A:BB:92, bluetooth_network, false, fresh
07:53:21, 00:23:D4:6A:D1:B8, 00:23:D4:6A:87:DE, wifi_network, false, fresh
07:53:31, 00:23:D4:6A:D1:B8, 00:23:D4:69:79:1C, bluetooth_network, false, fresh
07:58:29, 00:23:D4:6A:D1:B8, 00:23:D4:6A:87:DE, bluetooth_network, false, fresh
07:58:29, 00:23:D4:6A:D1:B8, 00:23:D4:6A:BB:92, wifi_network, false, fresh
07:59:20, 00:23:D4:6A:D1:B8, 00:23:D4:6A:87:DE, bluetooth_network, false, fresh
07:59:20, 00:23:D4:6A:D1:B8, 00:23:D4:6A:BB:92, wifi_network, false, fresh
07:59:21, 00:23:D4:6A:D1:B8, 00:23:D4:6A:BB:92, bluetooth_network, false, fresh
07:59:21, 00:23:D4:6A:D1:B8, 00:23:D4:6A:87:DE, wifi_network, false, fresh
08:00:44, 00:23:D4:6A:D1:B8, 00:23:D4:69:79:1C, bluetooth_network, false, fresh
08:02:01, 00:23:D4:6A:D1:B8, 00:23:D4:6A:BB:92, bluetooth_network, false, fresh
08:02:01, 00:23:D4:6A:D1:B8, 00:23:D4:6A:87:DE, wifi_network, false, fresh
08:07:53, 00:23:D4:6A:D1:B8, 00:23:D4:6A:87:DE, bluetooth_network, false, fresh
08:07:53, 00:23:D4:6A:D1:B8, 00:23:D4:6A:BB:92, wifi_network, false, fresh
08:08:16, 00:23:D4:6A:D1:B8, 00:23:D4:69:79:1C, bluetooth_network, false, fresh
08:08:20, 00:23:D4:6A:D1:B8, 00:23:D4:6A:BB:92, bluetooth_network, false, fresh
08:08:20, 00:23:D4:6A:D1:B8, 00:23:D4:6A:87:DE, wifi_network, false, fresh
08:10:15, 00:23:D4:6A:D1:B8, 00:23:D4:69:79:1C, bluetooth_network, false, fresh
08:10:18, 00:23:D4:6A:D1:B8, 00:23:D4:6A:BB:92, bluetooth_network, false, fresh
08:10:18, 00:23:D4:6A:D1:B8, 00:23:D4:6A:87:DE, wifi_network, false, fresh
08:11:07, 00:23:D4:6A:D1:B8, 00:23:D4:69:79:1C, bluetooth_network, false, fresh
08:15:35, 00:23:D4:6A:D1:B8, 00:23:D4:69:79:1C, bluetooth_network, false, fresh
08:17:12, 00:23:D4:6A:D1:B8, 00:23:D4:69:79:1C, bluetooth_network, false, fresh
08:18:09, 00:23:D4:6A:D1:B8, 00:23:D4:69:79:1C, bluetooth_network, false, fresh
08:18:23, 00:23:D4:6A:D1:B8, 00:23:D4:6A:BB:92, bluetooth_network, false, fresh
08:18:24, 00:23:D4:6A:D1:B8, 00:23:D4:6A:87:DE, wifi_network, false, fresh
08:19:41, 00:23:D4:6A:D1:B8, 00:23:D4:69:79:1C, bluetooth_network, false, fresh
08:19:41, 00:23:D4:6A:D1:B8, 00:23:D4:6A:BB:92, bluetooth_network, false, fresh
08:19:41, 00:23:D4:6A:D1:B8, 00:23:D4:6A:87:DE, wifi_network, false, fresh
08:24:09, 00:23:D4:6A:D1:B8, 00:23:D4:69:79:1C, bluetooth_network, false, fresh
08:25:46, 00:23:D4:6A:D1:B8, 00:23:D4:69:79:1C, bluetooth_network, false, fresh
08:25:48, 00:23:D4:6A:D1:B8, 00:23:D4:6A:BB:92, bluetooth_network, false, fresh
08:25:48, 00:23:D4:6A:D1:B8, 00:23:D4:6A:87:DE, wifi_network, false, fresh
08:27:35, 00:23:D4:6A:D1:B8, 00:23:D4:69:79:1C, bluetooth_network, false, fresh
08:32:43, 00:23:D4:6A:D1:B8, 00:23:D4:69:79:1C, bluetooth_network, false, fresh
08:33:29, 00:23:D4:6A:D1:B8, 00:23:D4:69:79:1C, bluetooth_network, false, fresh
08:34:39, 00:23:D4:6A:D1:B8, 00:23:D4:6A:BB:92, bluetooth_network, false, fresh
08:34:39, 00:23:D4:6A:D1:B8, 00:23:D4:6A:87:DE, wifi_network, false, fresh
08:36:04, 00:23:D4:6A:D1:B8, 00:23:D4:69:79:1C, bluetooth_network, false, fresh
08:42:23, 00:23:D4:6A:D1:B8, 00:23:D4:6A:BB:92, bluetooth_network, false, fresh
08:42:23, 00:23:D4:6A:D1:B8, 00:23:D4:6A:87:DE, wifi_network, false, fresh
08:44:06, 00:23:D4:6A:D1:B8, 00:23:D4:6A:BB:92, bluetooth_network, false, fresh
08:44:06, 00:23:D4:6A:D1:B8, 00:23:D4:6A:87:DE, wifi_network, false, fresh
08:44:06, 00:23:D4:6A:D1:B8, 00:23:D4:69:79:1C, bluetooth_network, false, fresh
08:44:58, 00:23:D4:6A:D1:B8, 00:23:D4:69:79:1C, bluetooth_network, false, fresh
08:44:58, 00:23:D4:6A:D1:B8, 00:23:D4:6A:BB:92, bluetooth_network, false, fresh
08:44:58, 00:23:D4:6A:D1:B8, 00:23:D4:6A:87:DE, wifi_network, false, fresh
08:51:28, 00:23:D4:6A:D1:B8, 00:23:D4:69:79:1C, bluetooth_network, false, fresh
08:51:56, 00:23:D4:6A:D1:B8, 00:23:D4:6A:BB:92, bluetooth_network, false, fresh
08:51:56, 00:23:D4:6A:D1:B8, 00:23:D4:6A:87:DE, wifi_network, false, fresh
08:53:14, 00:23:D4:6A:D1:B8, 00:23:D4:6A:BB:92, bluetooth_network, false, fresh
08:53:14, 00:23:D4:6A:D1:B8, 00:23:D4:6A:87:DE, wifi_network, false, fresh
09:08:28, 00:23:D4:6A:D1:B8, 00:23:D4:6A:BB:92, bluetooth_network, false, fresh
09:08:28, 00:23:D4:6A:D1:B8, 00:23:D4:6A:87:DE, wifi_network, false, fresh
09:09:23, 00:23:D4:6A:D1:B8, 00:23:D4:69:79:1C, bluetooth_network, false, fresh
09:09:35, 00:23:D4:6A:D1:B8, 00:23:D4:6A:BB:92, bluetooth_network, false, fresh
09:09:35, 00:23:D4:6A:D1:B8, 00:23:D4:6A:87:DE, wifi_network, false, fresh
09:10:09, 00:23:D4:6A:D1:B8, 00:23:D4:69:79:1C, bluetooth_network, false, fresh
09:15:36, 00:23:D4:6A:D1:B8, 00:23:D4:6A:87:DE, bluetooth_network, false, fresh
09:15:36, 00:23:D4:6A:D1:B8, 00:23:D4:6A:BB:92, wifi_network, false, fresh
09:15:41, 00:23:D4:6A:D1:B8, 00:23:D4:6A:87:DE, bluetooth_network, false, fresh
09:15:41, 00:23:D4:6A:D1:B8, 00:23:D4:6A:BB:92, wifi_network, false, fresh
09:16:23, 00:23:D4:6A:D1:B8, 00:23:D4:69:79:1C, bluetooth_network, false, fresh
09:19:45, 00:23:D4:6A:D1:B8, 00:23:D4:6A:BB:92, bluetooth_network, false, fresh
09:19:45, 00:23:D4:6A:D1:B8, 00:23:D4:6A:87:DE, wifi_network, false, fresh
