03:48:08, 00:23:D4:6A:B6:B9, 00:23:D4:69:79:1C, bluetooth_network, false, fresh
03:48:22, 00:23:D4:6A:B6:B9, 00:23:D4:6A:D1:B8, bluetooth_network, true, fresh
03:50:43, 00:23:D4:6A:B6:B9, 00:23:D4:6A:BB:92, bluetooth_network, false, fresh
03:50:43, 00:23:D4:6A:B6:B9, 00:23:D4:6A:87:DE, wifi_network, false, fresh
03:50:45, 00:23:D4:6A:B6:B9, 00:23:D4:6A:22:09, bluetooth_network, false, fresh
03:50:45, 00:23:D4:6A:B6:B9, 00:23:D4:68:E1:E9, wifi_network, false, fresh
03:51:36, 00:23:D4:6A:B6:B9, 00:23:D4:69:79:1C, bluetooth_network, false, fresh
03:52:09, 00:23:D4:6A:B6:B9, 00:23:D4:6A:87:DE, bluetooth_network, false, fresh
03:52:09, 00:23:D4:6A:B6:B9, 00:23:D4:6A:BB:92, wifi_network, false, fresh
03:52:41, 00:23:D4:6A:B6:B9, 00:23:D4:6A:D1:B8, bluetooth_network, true, update
03:52:47, 00:23:D4:6A:B6:B9, 00:23:D4:6A:22:09, bluetooth_network, false, fresh
03:52:48, 00:23:D4:6A:B6:B9, 00:23:D4:6A:D1:B8, bluetooth_network, true, update
03:57:12, 00:23:D4:6A:B6:B9, 00:23:D4:6A:BB:92, bluetooth_network, false, fresh
03:57:12, 00:23:D4:6A:B6:B9, 00:23:D4:6A:87:DE, wifi_network, false, fresh
03:57:15, 00:23:D4:6A:B6:B9, 00:23:D4:69:79:1C, bluetooth_network, false, fresh
03:58:23, 00:23:D4:6A:B6:B9, 00:23:D4:69:79:1C, bluetooth_network, false, fresh
03:58:49, 00:23:D4:6A:B6:B9, 00:23:D4:6A:BB:92, bluetooth_network, false, fresh
03:59:15, 00:23:D4:6A:B6:B9, 00:23:D4:6A:BB:92, bluetooth_network, false, fresh
03:59:41, 00:23:D4:6A:B6:B9, 00:23:D4:68:E1:E9, bluetooth_network, false, fresh
03:59:41, 00:23:D4:6A:B6:B9, 00:23:D4:6A:22:09, wifi_network, false, fresh
03:59:44, 00:23:D4:6A:B6:B9, 00:23:D4:69:79:1C, bluetooth_network, false, fresh
04:00:28, 00:23:D4:6A:B6:B9, 00:23:D4:68:E1:E9, bluetooth_network, false, fresh
04:00:32, 00:23:D4:6A:B6:B9, 00:23:D4:6A:BB:92, bluetooth_network, false, fresh
04:00:32, 00:23:D4:6A:B6:B9, 00:23:D4:6A:87:DE, wifi_network, false, fresh
04:00:36, 00:23:D4:6A:B6:B9, 00:23:D4:69:79:1C, bluetooth_network, false, fresh
04:07:23, 00:23:D4:6A:B6:B9, 00:23:D4:6A:87:DE, bluetooth_network, false, fresh
04:07:23, 00:23:D4:6A:B6:B9, 00:23:D4:6A:BB:92, wifi_network, false, fresh
04:08:15, 00:23:D4:6A:B6:B9, 00:23:D4:6A:F5:43, bluetooth_network, false, fresh
04:08:15, 00:23:D4:6A:B6:B9, 00:23:D4:6A:A4:E2, wifi_network, false, fresh
04:08:36, 00:23:D4:6A:B6:B9, 00:23:D4:6A:F5:43, bluetooth_network, false, fresh
04:08:36, 00:23:D4:6A:B6:B9, 00:23:D4:6A:A4:E2, wifi_network, false, fresh
04:09:17, 00:23:D4:6A:B6:B9, 00:23:D4:6A:F5:43, bluetooth_network, false, fresh
04:09:17, 00:23:D4:6A:B6:B9, 00:23:D4:6A:A4:E2, wifi_network, false, fresh
04:09:58, 00:23:D4:6A:B6:B9, 00:23:D4:6A:BB:92, bluetooth_network, false, fresh
04:09:58, 00:23:D4:6A:B6:B9, 00:23:D4:6A:87:DE, wifi_network, false, fresh
04:10:01, 00:23:D4:6A:B6:B9, 00:23:D4:6A:22:09, bluetooth_network, false, fresh
04:10:01, 00:23:D4:6A:B6:B9, 00:23:D4:68:E1:E9, wifi_network, false, fresh
04:10:03, 00:23:D4:6A:B6:B9, 00:23:D4:6A:BB:92, bluetooth_network, false, fresh
04:10:03, 00:23:D4:6A:B6:B9, 00:23:D4:6A:87:DE, wifi_network, false, fresh
04:10:40, 00:23:D4:6A:B6:B9, 00:23:D4:69:79:1C, bluetooth_network, false, fresh
04:10:40, 00:23:D4:6A:B6:B9, 00:23:D4:6A:F5:43, bluetooth_network, false, fresh
04:10:40, 00:23:D4:6A:B6:B9, 00:23:D4:6A:A4:E2, wifi_network, false, fresh
04:11:25, 00:23:D4:6A:B6:B9, 00:23:D4:6A:D1:B8, bluetooth_network, true, update
04:11:55, 00:23:D4:6A:B6:B9, 00:23:D4:6A:A4:E2, bluetooth_network, false, fresh
04:11:55, 00:23:D4:6A:B6:B9, 00:23:D4:6A:F5:43, wifi_network, false, fresh
04:12:16, 00:23:D4:6A:B6:B9, 00:23:D4:6A:BB:92, bluetooth_network, false, fresh
04:12:16, 00:23:D4:6A:B6:B9, 00:23:D4:6A:87:DE, wifi_network, false, fresh
04:12:32, 00:23:D4:6A:B6:B9, 00:23:D4:6A:87:DE, bluetooth_network, false, fresh
04:12:32, 00:23:D4:6A:B6:B9, 00:23:D4:6A:BB:92, wifi_network, false, fresh
04:13:10, 00:23:D4:6A:B6:B9, 00:23:D4:68:E1:E9, bluetooth_network, false, fresh
04:13:10, 00:23:D4:6A:B6:B9, 00:23:D4:6A:22:09, wifi_network, false, fresh
04:13:44, 00:23:D4:6A:B6:B9, 00:23:D4:69:79:1C, bluetooth_network, false, fresh
04:14:00, 00:23:D4:6A:B6:B9, 00:23:D4:6A:87:DE, bluetooth_network, false, fresh
04:14:00, 00:23:D4:6A:B6:B9, 00:23:D4:6A:BB:92, wifi_network, false, fresh
04:14:02, 00:23:D4:6A:B6:B9, 00:23:D4:68:E1:E9, bluetooth_network, false, fresh
04:14:02, 00:23:D4:6A:B6:B9, 00:23:D4:6A:22:09, wifi_network, false, fresh
04:20:45, 00:23:D4:6A:B6:B9, 00:23:D4:6A:BB:92, bluetooth_network, false, fresh
04:20:45, 00:23:D4:6A:B6:B9, 00:23:D4:6A:87:DE, wifi_network, false, fresh
04:20:46, 00:23:D4:6A:B6:B9, 00:23:D4:68:E1:E9, bluetooth_network, false, fresh
04:20:46, 00:23:D4:6A:B6:B9, 00:23:D4:6A:22:09, wifi_network, false, fresh
04:20:50, 00:23:D4:6A:B6:B9, 00:23:D4:6A:BB:92, bluetooth_network, false, fresh
04:20:50, 00:23:D4:6A:B6:B9, 00:23:D4:6A:87:DE, wifi_network, false, fresh
04:20:51, 00:23:D4:6A:B6:B9, 00:23:D4:68:E1:E9, bluetooth_network, false, fresh
04:20:51, 00:23:D4:6A:B6:B9, 00:23:D4:6A:22:09, wifi_network, false, fresh
04:21:43, 00:23:D4:6A:B6:B9, 00:23:D4:68:E1:E9, bluetooth_network, false, fresh
04:21:43, 00:23:D4:6A:B6:B9, 00:23:D4:6A:22:09, wifi_network, false, fresh
04:21:51, 00:23:D4:6A:B6:B9, 00:23:D4:6A:F5:43, bluetooth_network, false, fresh
04:21:51, 00:23:D4:6A:B6:B9, 00:23:D4:6A:A4:E2, wifi_network, false, fresh
04:23:10, 00:23:D4:6A:B6:B9, 00:23:D4:69:79:1C, bluetooth_network, false, fresh
04:23:10, 00:23:D4:6A:B6:B9, 00:23:D4:68:E1:E9, bluetooth_network, false, fresh
04:23:10, 00:23:D4:6A:B6:B9, 00:23:D4:6A:22:09, wifi_network, false, fresh
04:23:25, 00:23:D4:6A:B6:B9, 00:23:D4:6A:22:09, bluetooth_network, false, fresh
04:23:25, 00:23:D4:6A:B6:B9, 00:23:D4:68:E1:E9, wifi_network, false, fresh
04:29:19, 00:23:D4:6A:B6:B9, 00:23:D4:68:E1:E9, bluetooth_network, false, fresh
04:29:19, 00:23:D4:6A:B6:B9, 00:23:D4:6A:22:09, wifi_network, false, fresh
04:30:11, 00:23:D4:6A:B6:B9, 00:23:D4:68:E1:E9, bluetooth_network, false, fresh
04:30:11, 00:23:D4:6A:B6:B9, 00:23:D4:6A:22:09, wifi_network, false, fresh
04:30:11, 00:23:D4:6A:B6:B9, 00:23:D4:69:79:1C, bluetooth_network, false, fresh
04:31:03, 00:23:D4:6A:B6:B9, 00:23:D4:69:79:1C, bluetooth_network, false, fresh
04:31:06, 00:23:D4:6A:B6:B9, 00:23:D4:68:E1:E9, bluetooth_network, false, fresh
04:31:06, 00:23:D4:6A:B6:B9, 00:23:D4:6A:22:09, wifi_network, false, fresh
04:31:58, 00:23:D4:6A:B6:B9, 00:23:D4:6A:22:09, bluetooth_network, false, fresh
04:31:58, 00:23:D4:6A:B6:B9, 00:23:D4:68:E1:E9, wifi_network, false, fresh
04:32:10, 00:23:D4:6A:B6:B9, 00:23:D4:69:79:1C, bluetooth_network, false, fresh
04:37:07, 00:23:D4:6A:B6:B9, 00:23:D4:68:E1:E9, bluetooth_network, false, fresh
04:37:07, 00:23:D4:6A:B6:B9, 00:23:D4:6A:22:09, wifi_network, false, fresh
04:37:15, 00:23:D4:6A:B6:B9, 00:23:D4:6A:BB:92, bluetooth_network, false, fresh
04:37:15, 00:23:D4:6A:B6:B9, 00:23:D4:6A:87:DE, wifi_network, false, fresh
04:38:22, 00:23:D4:6A:B6:B9, 00:23:D4:6A:87:DE, bluetooth_network, false, fresh
04:38:23, 00:23:D4:6A:B6:B9, 00:23:D4:6A:BB:92, wifi_network, false, fresh
04:38:46, 00:23:D4:6A:B6:B9, 00:23:D4:69:79:1C, bluetooth_network, false, fresh
04:38:48, 00:23:D4:6A:B6:B9, 00:23:D4:6A:F5:43, bluetooth_network, false, fresh
04:38:48, 00:23:D4:6A:B6:B9, 00:23:D4:6A:A4:E2, wifi_network, false, fresh
04:38:49, 00:23:D4:6A:B6:B9, 00:23:D4:68:E1:E9, bluetooth_network, false, fresh
04:38:49, 00:23:D4:6A:B6:B9, 00:23:D4:6A:22:09, wifi_network, false, fresh
04:39:40, 00:23:D4:6A:B6:B9, 00:23:D4:68:E1:E9, bluetooth_network, false, fresh
04:39:40, 00:23:D4:6A:B6:B9, 00:23:D4:6A:22:09, wifi_network, false, fresh
04:40:27, 00:23:D4:6A:B6:B9, 00:23:D4:6A:22:09, bluetooth_network, false, fresh
04:40:27, 00:23:D4:6A:B6:B9, 00:23:D4:68:E1:E9, wifi_network, false, fresh
04:40:29, 00:23:D4:6A:B6:B9, 00:23:D4:69:79:1C, bluetooth_network, false, fresh
04:40:31, 00:23:D4:6A:B6:B9, 00:23:D4:6A:87:DE, bluetooth_network, false, fresh
04:40:31, 00:23:D4:6A:B6:B9, 00:23:D4:6A:BB:92, wifi_network, false, fresh
04:40:32, 00:23:D4:6A:B6:B9, 00:23:D4:6A:22:09, bluetooth_network, false, fresh
04:40:32, 00:23:D4:6A:B6:B9, 00:23:D4:68:E1:E9, wifi_network, false, fresh
04:41:15, 00:23:D4:6A:B6:B9, 00:23:D4:69:79:1C, bluetooth_network, false, fresh
04:45:53, 00:23:D4:6A:B6:B9, 00:23:D4:69:79:1C, bluetooth_network, false, fresh
04:45:56, 00:23:D4:6A:B6:B9, 00:23:D4:6A:BB:92, bluetooth_network, false, fresh
04:45:56, 00:23:D4:6A:B6:B9, 00:23:D4:6A:87:DE, wifi_network, false, fresh
04:46:33, 00:23:D4:6A:B6:B9, 00:23:D4:68:E1:E9, bluetooth_network, false, fresh
04:46:33, 00:23:D4:6A:B6:B9, 00:23:D4:6A:22:09, wifi_network, false, fresh
04:46:43, 00:23:D4:6A:B6:B9, 00:23:D4:68:E1:E9, bluetooth_network, false, fresh
04:46:43, 00:23:D4:6A:B6:B9, 00:23:D4:6A:22:09, wifi_network, false, fresh
04:47:21, 00:23:D4:6A:B6:B9, 00:23:D4:69:79:1C, bluetooth_network, false, fresh
04:47:24, 00:23:D4:6A:B6:B9, 00:23:D4:68:E1:E9, bluetooth_network, false, fresh
04:47:24, 00:23:D4:6A:B6:B9, 00:23:D4:6A:22:09, wifi_network, false, fresh
04:54:11, 00:23:D4:6A:B6:B9, 00:23:D4:6A:BB:92, bluetooth_network, false, fresh
04:54:11, 00:23:D4:6A:B6:B9, 00:23:D4:6A:87:DE, wifi_network, false, fresh
04:55:03, 00:23:D4:6A:B6:B9, 00:23:D4:6A:BB:92, bluetooth_network, false, fresh
04:55:03, 00:23:D4:6A:B6:B9, 00:23:D4:6A:87:DE, wifi_network, false, fresh
04:55:04, 00:23:D4:6A:B6:B9, 00:23:D4:68:E1:E9, bluetooth_network, false, fresh
04:55:04, 00:23:D4:6A:B6:B9, 00:23:D4:6A:22:09, wifi_network, false, fresh
04:55:18, 00:23:D4:6A:B6:B9, 00:23:D4:69:79:1C, bluetooth_network, false, fresh
04:55:54, 00:23:D4:6A:B6:B9, 00:23:D4:69:79:1C, bluetooth_network, false, fresh
04:55:56, 00:23:D4:6A:B6:B9, 00:23:D4:68:E1:E9, bluetooth_network, false, fresh
04:55:56, 00:23:D4:6A:B6:B9, 00:23:D4:6A:22:09, wifi_network, false, fresh
04:56:35, 00:23:D4:6A:B6:B9, 00:23:D4:69:79:1C, bluetooth_network, false, fresh
04:56:51, 00:23:D4:6A:B6:B9, 00:23:D4:69:79:1C, bluetooth_network, false, fresh
04:56:52, 00:23:D4:6A:B6:B9, 00:23:D4:68:E1:E9, bluetooth_network, false, fresh
04:56:52, 00:23:D4:6A:B6:B9, 00:23:D4:6A:22:09, wifi_network, false, fresh
04:57:38, 00:23:D4:6A:B6:B9, 00:23:D4:6A:22:09, bluetooth_network, false, fresh
04:57:38, 00:23:D4:6A:B6:B9, 00:23:D4:68:E1:E9, wifi_network, false, fresh
05:02:51, 00:23:D4:6A:B6:B9, 00:23:D4:69:79:1C, bluetooth_network, false, fresh
05:03:32, 00:23:D4:6A:B6:B9, 00:23:D4:69:79:1C, bluetooth_network, false, fresh
05:03:41, 00:23:D4:6A:B6:B9, 00:23:D4:68:E1:E9, bluetooth_network, false, fresh
05:03:41, 00:23:D4:6A:B6:B9, 00:23:D4:6A:22:09, wifi_network, false, fresh
05:04:33, 00:23:D4:6A:B6:B9, 00:23:D4:68:E1:E9, bluetooth_network, false, fresh
05:04:33, 00:23:D4:6A:B6:B9, 00:23:D4:6A:22:09, wifi_network, false, fresh
05:04:33, 00:23:D4:6A:B6:B9, 00:23:D4:6A:87:DE, bluetooth_network, false, fresh
05:04:33, 00:23:D4:6A:B6:B9, 00:23:D4:6A:BB:92, wifi_network, false, fresh
05:05:10, 00:23:D4:6A:B6:B9, 00:23:D4:69:79:1C, bluetooth_network, false, fresh
05:05:24, 00:23:D4:6A:B6:B9, 00:23:D4:68:E1:E9, bluetooth_network, false, fresh
05:05:24, 00:23:D4:6A:B6:B9, 00:23:D4:6A:22:09, wifi_network, false, fresh
05:06:11, 00:23:D4:6A:B6:B9, 00:23:D4:6A:22:09, bluetooth_network, false, fresh
05:06:11, 00:23:D4:6A:B6:B9, 00:23:D4:68:E1:E9, wifi_network, false, fresh
05:06:15, 00:23:D4:6A:B6:B9, 00:23:D4:6A:22:09, bluetooth_network, false, fresh
05:06:15, 00:23:D4:6A:B6:B9, 00:23:D4:68:E1:E9, wifi_network, false, fresh
05:06:52, 00:23:D4:6A:B6:B9, 00:23:D4:69:79:1C, bluetooth_network, false, fresh
05:13:02, 00:23:D4:6A:B6:B9, 00:23:D4:68:E1:E9, bluetooth_network, false, fresh
05:13:03, 00:23:D4:6A:B6:B9, 00:23:D4:6A:22:09, wifi_network, false, fresh
05:13:54, 00:23:D4:6A:B6:B9, 00:23:D4:6A:87:DE, bluetooth_network, false, fresh
05:13:54, 00:23:D4:6A:B6:B9, 00:23:D4:6A:BB:92, wifi_network, false, fresh
05:13:55, 00:23:D4:6A:B6:B9, 00:23:D4:68:E1:E9, bluetooth_network, false, fresh
05:13:55, 00:23:D4:6A:B6:B9, 00:23:D4:6A:22:09, wifi_network, false, fresh
05:14:40, 00:23:D4:6A:B6:B9, 00:23:D4:69:79:1C, bluetooth_network, false, fresh
05:19:56, 00:23:D4:6A:B6:B9, 00:23:D4:6A:BB:92, bluetooth_network, false, fresh
05:19:56, 00:23:D4:6A:B6:B9, 00:23:D4:6A:87:DE, wifi_network, false, fresh
05:20:46, 00:23:D4:6A:B6:B9, 00:23:D4:69:79:1C, bluetooth_network, false, fresh
05:20:50, 00:23:D4:6A:B6:B9, 00:23:D4:68:E1:E9, bluetooth_network, false, fresh
05:20:50, 00:23:D4:6A:B6:B9, 00:23:D4:6A:22:09, wifi_network, false, fresh
05:21:02, 00:23:D4:6A:B6:B9, 00:23:D4:6A:BB:92, bluetooth_network, false, fresh
05:21:03, 00:23:D4:6A:B6:B9, 00:23:D4:6A:87:DE, wifi_network, false, fresh
05:21:42, 00:23:D4:6A:B6:B9, 00:23:D4:68:E1:E9, bluetooth_network, false, fresh
05:21:42, 00:23:D4:6A:B6:B9, 00:23:D4:6A:22:09, wifi_network, false, fresh
05:22:33, 00:23:D4:6A:B6:B9, 00:23:D4:68:E1:E9, bluetooth_network, false, fresh
05:22:33, 00:23:D4:6A:B6:B9, 00:23:D4:6A:22:09, wifi_network, false, fresh
05:23:22, 00:23:D4:6A:B6:B9, 00:23:D4:6A:87:DE, bluetooth_network, false, fresh
05:23:22, 00:23:D4:6A:B6:B9, 00:23:D4:6A:BB:92, wifi_network, false, fresh
05:23:24, 00:23:D4:6A:B6:B9, 00:23:D4:6A:22:09, bluetooth_network, false, fresh
05:23:24, 00:23:D4:6A:B6:B9, 00:23:D4:68:E1:E9, wifi_network, false, fresh
05:24:06, 00:23:D4:6A:B6:B9, 00:23:D4:69:79:1C, bluetooth_network, false, fresh
05:28:32, 00:23:D4:6A:B6:B9, 00:23:D4:68:E1:E9, bluetooth_network, false, fresh
05:28:32, 00:23:D4:6A:B6:B9, 00:23:D4:6A:22:09, wifi_network, false, fresh
05:28:34, 00:23:D4:6A:B6:B9, 00:23:D4:69:79:1C, bluetooth_network, false, fresh
05:29:24, 00:23:D4:6A:B6:B9, 00:23:D4:68:E1:E9, bluetooth_network, false, fresh
05:29:24, 00:23:D4:6A:B6:B9, 00:23:D4:6A:22:09, wifi_network, false, fresh
05:29:47, 00:23:D4:6A:B6:B9, 00:23:D4:6A:BB:92, bluetooth_network, false, fresh
05:29:47, 00:23:D4:6A:B6:B9, 00:23:D4:6A:87:DE, wifi_network, false, fresh
05:30:39, 00:23:D4:6A:B6:B9, 00:23:D4:6A:BB:92, bluetooth_network, false, fresh
05:30:39, 00:23:D4:6A:B6:B9, 00:23:D4:6A:87:DE, wifi_network, false, fresh
05:31:07, 00:23:D4:6A:B6:B9, 00:23:D4:68:E1:E9, bluetooth_network, false, fresh
05:31:07, 00:23:D4:6A:B6:B9, 00:23:D4:6A:22:09, wifi_network, false, fresh
05:31:58, 00:23:D4:6A:B6:B9, 00:23:D4:6A:22:09, bluetooth_network, false, fresh
05:31:58, 00:23:D4:6A:B6:B9, 00:23:D4:68:E1:E9, wifi_network, false, fresh
05:38:13, 00:23:D4:6A:B6:B9, 00:23:D4:69:79:1C, bluetooth_network, false, fresh
05:38:15, 00:23:D4:6A:B6:B9, 00:23:D4:6A:BB:92, bluetooth_network, false, fresh
05:38:15, 00:23:D4:6A:B6:B9, 00:23:D4:6A:87:DE, wifi_network, false, fresh
05:40:17, 00:23:D4:6A:B6:B9, 00:23:D4:69:79:1C, bluetooth_network, false, fresh
05:41:03, 00:23:D4:6A:B6:B9, 00:23:D4:69:79:1C, bluetooth_network, false, fresh
05:46:47, 00:23:D4:6A:B6:B9, 00:23:D4:6A:BB:92, bluetooth_network, false, fresh
05:46:47, 00:23:D4:6A:B6:B9, 00:23:D4:6A:87:DE, wifi_network, false, fresh
05:49:26, 00:23:D4:6A:B6:B9, 00:23:D4:6A:BB:92, bluetooth_network, false, fresh
05:49:26, 00:23:D4:6A:B6:B9, 00:23:D4:6A:87:DE, wifi_network, false, fresh
05:55:05, 00:23:D4:6A:B6:B9, 00:23:D4:6A:87:DE, bluetooth_network, false, fresh
05:55:05, 00:23:D4:6A:B6:B9, 00:23:D4:6A:BB:92, wifi_network, false, fresh
05:56:37, 00:23:D4:6A:B6:B9, 00:23:D4:69:79:1C, bluetooth_network, false, fresh
05:57:23, 00:23:D4:6A:B6:B9, 00:23:D4:69:79:1C, bluetooth_network, false, fresh
05:57:24, 00:23:D4:6A:B6:B9, 00:23:D4:6A:BB:92, bluetooth_network, false, fresh
05:57:24, 00:23:D4:6A:B6:B9, 00:23:D4:6A:87:DE, wifi_network, false, fresh
05:57:44, 00:23:D4:6A:B6:B9, 00:23:D4:69:79:1C, bluetooth_network, false, fresh
06:04:50, 00:23:D4:6A:B6:B9, 00:23:D4:69:79:1C, bluetooth_network, false, fresh
06:04:51, 00:23:D4:6A:B6:B9, 00:23:D4:6A:BB:92, bluetooth_network, false, fresh
06:04:51, 00:23:D4:6A:B6:B9, 00:23:D4:6A:87:DE, wifi_network, false, fresh
06:06:13, 00:23:D4:6A:B6:B9, 00:23:D4:69:79:1C, bluetooth_network, false, fresh
06:06:48, 00:23:D4:6A:B6:B9, 00:23:D4:69:79:1C, bluetooth_network, false, fresh
06:11:22, 00:23:D4:6A:B6:B9, 00:23:D4:69:79:1C, bluetooth_network, false, fresh
06:11:36, 00:23:D4:6A:B6:B9, 00:23:D4:6A:87:DE, bluetooth_network, false, fresh
06:11:36, 00:23:D4:6A:B6:B9, 00:23:D4:6A:BB:92, wifi_network, false, fresh
06:13:24, 00:23:D4:6A:B6:B9, 00:23:D4:6A:BB:92, bluetooth_network, false, fresh
06:13:24, 00:23:D4:6A:B6:B9, 00:23:D4:6A:87:DE, wifi_network, false, fresh
06:20:47, 00:23:D4:6A:B6:B9, 00:23:D4:6A:87:DE, bluetooth_network, false, fresh
06:20:47, 00:23:D4:6A:B6:B9, 00:23:D4:6A:BB:92, wifi_network, false, fresh
06:22:15, 00:23:D4:6A:B6:B9, 00:23:D4:69:79:1C, bluetooth_network, false, fresh
06:22:30, 00:23:D4:6A:B6:B9, 00:23:D4:6A:87:DE, bluetooth_network, false, fresh
06:22:30, 00:23:D4:6A:B6:B9, 00:23:D4:6A:BB:92, wifi_network, false, fresh
06:23:22, 00:23:D4:6A:B6:B9, 00:23:D4:6A:87:DE, bluetooth_network, false, fresh
06:23:22, 00:23:D4:6A:B6:B9, 00:23:D4:6A:BB:92, wifi_network, false, fresh
06:23:22, 00:23:D4:6A:B6:B9, 00:23:D4:69:79:1C, bluetooth_network, false, fresh
06:24:08, 00:23:D4:6A:B6:B9, 00:23:D4:6A:87:DE, bluetooth_network, false, fresh
06:24:08, 00:23:D4:6A:B6:B9, 00:23:D4:6A:BB:92, wifi_network, false, fresh
06:29:21, 00:23:D4:6A:B6:B9, 00:23:D4:6A:87:DE, bluetooth_network, false, fresh
06:29:21, 00:23:D4:6A:B6:B9, 00:23:D4:6A:BB:92, wifi_network, false, fresh
06:30:18, 00:23:D4:6A:B6:B9, 00:23:D4:6A:87:DE, bluetooth_network, false, fresh
06:30:18, 00:23:D4:6A:B6:B9, 00:23:D4:6A:BB:92, wifi_network, false, fresh
06:31:51, 00:23:D4:6A:B6:B9, 00:23:D4:6A:87:DE, bluetooth_network, false, fresh
06:31:51, 00:23:D4:6A:B6:B9, 00:23:D4:6A:BB:92, wifi_network, false, fresh
06:32:20, 00:23:D4:6A:B6:B9, 00:23:D4:69:79:1C, bluetooth_network, false, fresh
06:37:06, 00:23:D4:6A:B6:B9, 00:23:D4:6A:BB:92, bluetooth_network, false, fresh
06:37:06, 00:23:D4:6A:B6:B9, 00:23:D4:6A:87:DE, wifi_network, false, fresh
06:38:48, 00:23:D4:6A:B6:B9, 00:23:D4:6A:87:DE, bluetooth_network, false, fresh
06:38:48, 00:23:D4:6A:B6:B9, 00:23:D4:6A:BB:92, wifi_network, false, fresh
06:40:05, 00:23:D4:6A:B6:B9, 00:23:D4:6A:87:DE, bluetooth_network, false, fresh
06:40:05, 00:23:D4:6A:B6:B9, 00:23:D4:6A:BB:92, wifi_network, false, fresh
06:40:31, 00:23:D4:6A:B6:B9, 00:23:D4:6A:87:DE, bluetooth_network, false, fresh
06:40:31, 00:23:D4:6A:B6:B9, 00:23:D4:6A:BB:92, wifi_network, false, fresh
06:47:11, 00:23:D4:6A:B6:B9, 00:23:D4:6A:87:DE, bluetooth_network, false, fresh
06:47:12, 00:23:D4:6A:B6:B9, 00:23:D4:6A:BB:92, wifi_network, false, fresh
06:47:22, 00:23:D4:6A:B6:B9, 00:23:D4:6A:87:DE, bluetooth_network, false, fresh
06:47:22, 00:23:D4:6A:B6:B9, 00:23:D4:6A:BB:92, wifi_network, false, fresh
06:47:48, 00:23:D4:6A:B6:B9, 00:23:D4:6A:87:DE, bluetooth_network, false, fresh
06:47:48, 00:23:D4:6A:B6:B9, 00:23:D4:6A:BB:92, wifi_network, false, fresh
06:48:14, 00:23:D4:6A:B6:B9, 00:23:D4:6A:87:DE, bluetooth_network, false, fresh
06:48:14, 00:23:D4:6A:B6:B9, 00:23:D4:6A:BB:92, wifi_network, false, fresh
06:48:14, 00:23:D4:6A:B6:B9, 00:23:D4:69:79:1C, bluetooth_network, false, fresh
06:48:50, 00:23:D4:6A:B6:B9, 00:23:D4:69:79:1C, bluetooth_network, false, fresh
06:49:11, 00:23:D4:6A:B6:B9, 00:23:D4:6A:87:DE, bluetooth_network, false, fresh
06:49:11, 00:23:D4:6A:B6:B9, 00:23:D4:6A:BB:92, wifi_network, false, fresh
06:54:15, 00:23:D4:6A:B6:B9, 00:23:D4:6A:BB:92, bluetooth_network, false, fresh
06:54:15, 00:23:D4:6A:B6:B9, 00:23:D4:6A:87:DE, wifi_network, false, fresh
06:55:08, 00:23:D4:6A:B6:B9, 00:23:D4:6A:87:DE, bluetooth_network, false, fresh
06:55:08, 00:23:D4:6A:B6:B9, 00:23:D4:6A:BB:92, wifi_network, false, fresh
06:55:19, 00:23:D4:6A:B6:B9, 00:23:D4:6A:87:DE, bluetooth_network, false, fresh
06:55:19, 00:23:D4:6A:B6:B9, 00:23:D4:6A:BB:92, wifi_network, false, fresh
06:55:59, 00:23:D4:6A:B6:B9, 00:23:D4:6A:87:DE, bluetooth_network, false, fresh
06:55:59, 00:23:D4:6A:B6:B9, 00:23:D4:6A:BB:92, wifi_network, false, fresh
06:56:36, 00:23:D4:6A:B6:B9, 00:23:D4:69:79:1C, bluetooth_network, false, fresh
06:57:42, 00:23:D4:6A:B6:B9, 00:23:D4:6A:87:DE, bluetooth_network, false, fresh
06:57:42, 00:23:D4:6A:B6:B9, 00:23:D4:6A:BB:92, wifi_network, false, fresh
07:02:46, 00:23:D4:6A:B6:B9, 00:23:D4:6A:BB:92, bluetooth_network, false, fresh
07:02:46, 00:23:D4:6A:B6:B9, 00:23:D4:6A:87:DE, wifi_network, false, fresh
07:03:37, 00:23:D4:6A:B6:B9, 00:23:D4:6A:87:DE, bluetooth_network, false, fresh
07:03:37, 00:23:D4:6A:B6:B9, 00:23:D4:6A:BB:92, wifi_network, false, fresh
07:04:28, 00:23:D4:6A:B6:B9, 00:23:D4:6A:87:DE, bluetooth_network, false, fresh
07:04:28, 00:23:D4:6A:B6:B9, 00:23:D4:6A:BB:92, wifi_network, false, fresh
07:05:24, 00:23:D4:6A:B6:B9, 00:23:D4:6A:87:DE, bluetooth_network, false, fresh
07:05:24, 00:23:D4:6A:B6:B9, 00:23:D4:6A:BB:92, wifi_network, false, fresh
07:05:26, 00:23:D4:6A:B6:B9, 00:23:D4:69:79:1C, bluetooth_network, false, fresh
07:06:10, 00:23:D4:6A:B6:B9, 00:23:D4:6A:87:DE, bluetooth_network, false, fresh
07:06:10, 00:23:D4:6A:B6:B9, 00:23:D4:6A:BB:92, wifi_network, false, fresh
07:06:12, 00:23:D4:6A:B6:B9, 00:23:D4:69:79:1C, bluetooth_network, false, fresh
07:06:46, 00:23:D4:6A:B6:B9, 00:23:D4:6A:87:DE, bluetooth_network, false, fresh
07:06:46, 00:23:D4:6A:B6:B9, 00:23:D4:6A:BB:92, wifi_network, false, fresh
07:06:48, 00:23:D4:6A:B6:B9, 00:23:D4:69:79:1C, bluetooth_network, false, fresh
07:11:20, 00:23:D4:6A:B6:B9, 00:23:D4:6A:BB:92, bluetooth_network, false, fresh
07:11:20, 00:23:D4:6A:B6:B9, 00:23:D4:6A:87:DE, wifi_network, false, fresh
07:12:12, 00:23:D4:6A:B6:B9, 00:23:D4:69:79:1C, bluetooth_network, false, fresh
07:13:58, 00:23:D4:6A:B6:B9, 00:23:D4:6A:87:DE, bluetooth_network, false, fresh
07:13:58, 00:23:D4:6A:B6:B9, 00:23:D4:6A:BB:92, wifi_network, false, fresh
07:14:45, 00:23:D4:6A:B6:B9, 00:23:D4:6A:87:DE, bluetooth_network, false, fresh
07:14:45, 00:23:D4:6A:B6:B9, 00:23:D4:6A:BB:92, wifi_network, false, fresh
07:14:49, 00:23:D4:6A:B6:B9, 00:23:D4:6A:87:DE, bluetooth_network, false, fresh
07:14:49, 00:23:D4:6A:B6:B9, 00:23:D4:6A:BB:92, wifi_network, false, fresh
07:22:04, 00:23:D4:6A:B6:B9, 00:23:D4:6A:87:DE, bluetooth_network, false, fresh
07:22:04, 00:23:D4:6A:B6:B9, 00:23:D4:6A:BB:92, wifi_network, false, fresh
07:22:29, 00:23:D4:6A:B6:B9, 00:23:D4:6A:87:DE, bluetooth_network, false, fresh
07:22:29, 00:23:D4:6A:B6:B9, 00:23:D4:6A:BB:92, wifi_network, false, fresh
07:22:34, 00:23:D4:6A:B6:B9, 00:23:D4:69:79:1C, bluetooth_network, false, fresh
07:22:45, 00:23:D4:6A:B6:B9, 00:23:D4:6A:87:DE, bluetooth_network, false, fresh
07:22:45, 00:23:D4:6A:B6:B9, 00:23:D4:6A:BB:92, wifi_network, false, fresh
07:23:21, 00:23:D4:6A:B6:B9, 00:23:D4:6A:87:DE, bluetooth_network, false, fresh
07:23:21, 00:23:D4:6A:B6:B9, 00:23:D4:6A:BB:92, wifi_network, false, fresh
07:24:07, 00:23:D4:6A:B6:B9, 00:23:D4:6A:87:DE, bluetooth_network, false, fresh
07:24:07, 00:23:D4:6A:B6:B9, 00:23:D4:6A:BB:92, wifi_network, false, fresh
07:28:29, 00:23:D4:6A:B6:B9, 00:23:D4:6A:BB:92, bluetooth_network, false, fresh
07:28:29, 00:23:D4:6A:B6:B9, 00:23:D4:6A:87:DE, wifi_network, false, fresh
07:30:50, 00:23:D4:6A:B6:B9, 00:23:D4:69:79:1C, bluetooth_network, false, fresh
07:31:21, 00:23:D4:6A:B6:B9, 00:23:D4:69:79:1C, bluetooth_network, false, fresh
07:37:06, 00:23:D4:6A:B6:B9, 00:23:D4:6A:BB:92, bluetooth_network, false, fresh
07:37:06, 00:23:D4:6A:B6:B9, 00:23:D4:6A:87:DE, wifi_network, false, fresh
07:37:53, 00:23:D4:6A:B6:B9, 00:23:D4:6A:87:DE, bluetooth_network, false, fresh
07:37:53, 00:23:D4:6A:B6:B9, 00:23:D4:6A:BB:92, wifi_network, false, fresh
07:40:28, 00:23:D4:6A:B6:B9, 00:23:D4:6A:87:DE, bluetooth_network, false, fresh
07:40:28, 00:23:D4:6A:B6:B9, 00:23:D4:6A:BB:92, wifi_network, false, fresh
07:45:37, 00:23:D4:6A:B6:B9, 00:23:D4:6A:BB:92, bluetooth_network, false, fresh
07:45:37, 00:23:D4:6A:B6:B9, 00:23:D4:6A:87:DE, wifi_network, false, fresh
07:46:29, 00:23:D4:6A:B6:B9, 00:23:D4:6A:87:DE, bluetooth_network, false, fresh
07:46:30, 00:23:D4:6A:B6:B9, 00:23:D4:6A:BB:92, wifi_network, false, fresh
07:46:45, 00:23:D4:6A:B6:B9, 00:23:D4:6A:87:DE, bluetooth_network, false, fresh
07:46:45, 00:23:D4:6A:B6:B9, 00:23:D4:6A:BB:92, wifi_network, false, fresh
07:48:48, 00:23:D4:6A:B6:B9, 00:23:D4:6A:87:DE, bluetooth_network, false, fresh
07:48:48, 00:23:D4:6A:B6:B9, 00:23:D4:6A:BB:92, wifi_network, false, fresh
07:48:49, 00:23:D4:6A:B6:B9, 00:23:D4:69:79:1C, bluetooth_network, false, fresh
07:49:03, 00:23:D4:6A:B6:B9, 00:23:D4:6A:87:DE, bluetooth_network, false, fresh
07:49:03, 00:23:D4:6A:B6:B9, 00:23:D4:6A:BB:92, wifi_network, false, fresh
07:49:08, 00:23:D4:6A:B6:B9, 00:23:D4:6A:87:DE, bluetooth_network, false, fresh
07:49:08, 00:23:D4:6A:B6:B9, 00:23:D4:6A:BB:92, wifi_network, false, fresh
07:54:49, 00:23:D4:6A:B6:B9, 00:23:D4:69:79:1C, bluetooth_network, false, fresh
07:56:32, 00:23:D4:6A:B6:B9, 00:23:D4:69:79:1C, bluetooth_network, false, fresh
07:56:47, 00:23:D4:6A:B6:B9, 00:23:D4:6A:87:DE, bluetooth_network, false, fresh
07:56:47, 00:23:D4:6A:B6:B9, 00:23:D4:6A:BB:92, wifi_network, false, fresh
07:56:52, 00:23:D4:6A:B6:B9, 00:23:D4:6A:87:DE, bluetooth_network, false, fresh
07:56:52, 00:23:D4:6A:B6:B9, 00:23:D4:6A:BB:92, wifi_network, false, fresh
07:57:39, 00:23:D4:6A:B6:B9, 00:23:D4:6A:87:DE, bluetooth_network, false, fresh
07:57:39, 00:23:D4:6A:B6:B9, 00:23:D4:6A:BB:92, wifi_network, false, fresh
08:03:24, 00:23:D4:6A:B6:B9, 00:23:D4:69:79:1C, bluetooth_network, false, fresh
08:04:05, 00:23:D4:6A:B6:B9, 00:23:D4:69:79:1C, bluetooth_network, false, fresh
08:05:02, 00:23:D4:6A:B6:B9, 00:23:D4:69:79:1C, bluetooth_network, false, fresh
08:05:04, 00:23:D4:6A:B6:B9, 00:23:D4:6A:87:DE, bluetooth_network, false, fresh
08:05:04, 00:23:D4:6A:B6:B9, 00:23:D4:6A:BB:92, wifi_network, false, fresh
08:05:58, 00:23:D4:6A:B6:B9, 00:23:D4:69:79:1C, bluetooth_network, false, fresh
08:13:05, 00:23:D4:6A:B6:B9, 00:23:D4:6A:87:DE, bluetooth_network, false, fresh
08:13:05, 00:23:D4:6A:B6:B9, 00:23:D4:6A:BB:92, wifi_network, false, fresh
08:13:30, 00:23:D4:6A:B6:B9, 00:23:D4:6A:87:DE, bluetooth_network, false, fresh
08:13:31, 00:23:D4:6A:B6:B9, 00:23:D4:6A:BB:92, wifi_network, false, fresh
08:19:53, 00:23:D4:6A:B6:B9, 00:23:D4:69:79:1C, bluetooth_network, false, fresh
08:21:52, 00:23:D4:6A:B6:B9, 00:23:D4:6A:87:DE, bluetooth_network, false, fresh
08:21:52, 00:23:D4:6A:B6:B9, 00:23:D4:6A:BB:92, wifi_network, false, fresh
08:22:27, 00:23:D4:6A:B6:B9, 00:23:D4:6A:87:DE, bluetooth_network, false, fresh
08:22:27, 00:23:D4:6A:B6:B9, 00:23:D4:6A:BB:92, wifi_network, false, fresh
08:23:18, 00:23:D4:6A:B6:B9, 00:23:D4:69:79:1C, bluetooth_network, false, fresh
08:24:00, 00:23:D4:6A:B6:B9, 00:23:D4:6A:87:DE, bluetooth_network, false, fresh
08:24:00, 00:23:D4:6A:B6:B9, 00:23:D4:6A:BB:92, wifi_network, false, fresh
08:29:07, 00:23:D4:6A:B6:B9, 00:23:D4:69:79:1C, bluetooth_network, false, fresh
08:29:20, 00:23:D4:6A:B6:B9, 00:23:D4:6A:BB:92, bluetooth_network, false, fresh
08:29:20, 00:23:D4:6A:B6:B9, 00:23:D4:6A:87:DE, wifi_network, false, fresh
08:30:56, 00:23:D4:6A:B6:B9, 00:23:D4:69:79:1C, bluetooth_network, false, fresh
08:30:58, 00:23:D4:6A:B6:B9, 00:23:D4:6A:87:DE, bluetooth_network, false, fresh
08:30:58, 00:23:D4:6A:B6:B9, 00:23:D4:6A:BB:92, wifi_network, false, fresh
08:31:03, 00:23:D4:6A:B6:B9, 00:23:D4:6A:87:DE, bluetooth_network, false, fresh
08:31:03, 00:23:D4:6A:B6:B9, 00:23:D4:6A:BB:92, wifi_network, false, fresh
08:31:52, 00:23:D4:6A:B6:B9, 00:23:D4:69:79:1C, bluetooth_network, false, fresh
08:38:11, 00:23:D4:6A:B6:B9, 00:23:D4:6A:87:DE, bluetooth_network, false, fresh
08:38:11, 00:23:D4:6A:B6:B9, 00:23:D4:6A:BB:92, wifi_network, false, fresh
08:39:23, 00:23:D4:6A:B6:B9, 00:23:D4:6A:87:DE, bluetooth_network, false, fresh
08:39:23, 00:23:D4:6A:B6:B9, 00:23:D4:6A:BB:92, wifi_network, false, fresh
08:39:24, 00:23:D4:6A:B6:B9, 00:23:D4:69:79:1C, bluetooth_network, false, fresh
08:39:49, 00:23:D4:6A:B6:B9, 00:23:D4:6A:87:DE, bluetooth_network, false, fresh
08:39:49, 00:23:D4:6A:B6:B9, 00:23:D4:6A:BB:92, wifi_network, false, fresh
08:39:50, 00:23:D4:6A:B6:B9, 00:23:D4:69:79:1C, bluetooth_network, false, fresh
08:47:39, 00:23:D4:6A:B6:B9, 00:23:D4:6A:87:DE, bluetooth_network, false, fresh
08:47:39, 00:23:D4:6A:B6:B9, 00:23:D4:6A:BB:92, wifi_network, false, fresh
08:48:10, 00:23:D4:6A:B6:B9, 00:23:D4:6A:87:DE, bluetooth_network, false, fresh
08:48:10, 00:23:D4:6A:B6:B9, 00:23:D4:6A:BB:92, wifi_network, false, fresh
08:49:10, 00:23:D4:6A:B6:B9, 00:23:D4:69:79:1C, bluetooth_network, false, fresh
08:54:09, 00:23:D4:6A:B6:B9, 00:23:D4:69:79:1C, bluetooth_network, false, fresh
09:02:43, 00:23:D4:6A:B6:B9, 00:23:D4:6A:BB:92, bluetooth_network, false, fresh
09:02:43, 00:23:D4:6A:B6:B9, 00:23:D4:6A:87:DE, wifi_network, false, fresh
09:05:16, 00:23:D4:6A:B6:B9, 00:23:D4:6A:87:DE, bluetooth_network, false, fresh
09:05:16, 00:23:D4:6A:B6:B9, 00:23:D4:6A:BB:92, wifi_network, false, fresh
09:05:42, 00:23:D4:6A:B6:B9, 00:23:D4:6A:87:DE, bluetooth_network, false, fresh
09:05:42, 00:23:D4:6A:B6:B9, 00:23:D4:6A:BB:92, wifi_network, false, fresh
09:06:08, 00:23:D4:6A:B6:B9, 00:23:D4:6A:87:DE, bluetooth_network, false, fresh
09:06:08, 00:23:D4:6A:B6:B9, 00:23:D4:6A:BB:92, wifi_network, false, fresh
09:12:08, 00:23:D4:6A:B6:B9, 00:23:D4:69:79:1C, bluetooth_network, false, fresh
09:13:28, 00:23:D4:6A:B6:B9, 00:23:D4:6A:87:DE, bluetooth_network, false, fresh
09:13:28, 00:23:D4:6A:B6:B9, 00:23:D4:6A:BB:92, wifi_network, false, fresh
09:13:51, 00:23:D4:6A:B6:B9, 00:23:D4:69:79:1C, bluetooth_network, false, fresh
09:15:17, 00:23:D4:6A:B6:B9, 00:23:D4:69:79:1C, bluetooth_network, false, fresh
09:19:48, 00:23:D4:6A:B6:B9, 00:23:D4:6A:D1:B8, bluetooth_network, true, update
09:19:48, 00:23:D4:6A:B6:B9, 00:23:D4:6A:B6:B9, wifi_network, false, fresh
