03:48:40, 00:23:D4:6A:87:DE, 00:23:D4:6A:BB:92, bluetooth_network, true, fresh
03:48:59, 00:23:D4:6A:87:DE, 00:23:D4:69:79:1C, bluetooth_network, false, fresh
03:49:26, 00:23:D4:6A:87:DE, 00:23:D4:6A:BB:92, bluetooth_network, true, update
03:49:26, 00:23:D4:6A:87:DE, 00:23:D4:6A:87:DE, wifi_network, false, fresh
03:49:26, 00:23:D4:6A:87:DE, 00:23:D4:6A:F5:43, bluetooth_network, false, fresh
03:49:26, 00:23:D4:6A:87:DE, 00:23:D4:6A:BB:92, bluetooth_network, true, update
03:49:26, 00:23:D4:6A:87:DE, 00:23:D4:6A:87:DE, wifi_network, false, fresh
03:51:26, 00:23:D4:6A:87:DE, 00:23:D4:6A:F5:43, bluetooth_network, false, fresh
03:51:26, 00:23:D4:6A:87:DE, 00:23:D4:6A:A4:E2, wifi_network, false, fresh
03:51:27, 00:23:D4:6A:87:DE, 00:23:D4:6A:22:09, bluetooth_network, false, fresh
03:51:27, 00:23:D4:6A:87:DE, 00:23:D4:68:E1:E9, wifi_network, false, fresh
03:52:05, 00:23:D4:6A:87:DE, 00:23:D4:6A:B6:B9, bluetooth_network, false, fresh
03:52:52, 00:23:D4:6A:87:DE, 00:23:D4:6A:B6:B9, bluetooth_network, false, fresh
03:52:52, 00:23:D4:6A:87:DE, 00:23:D4:6A:D1:B8, wifi_network, false, fresh
03:52:54, 00:23:D4:6A:87:DE, 00:23:D4:6A:D1:B8, bluetooth_network, false, fresh
03:53:45, 00:23:D4:6A:87:DE, 00:23:D4:69:79:1C, bluetooth_network, false, fresh
03:53:50, 00:23:D4:6A:87:DE, 00:23:D4:69:79:1C, bluetooth_network, false, fresh
03:54:36, 00:23:D4:6A:87:DE, 00:23:D4:6A:F5:43, bluetooth_network, false, fresh
03:54:36, 00:23:D4:6A:87:DE, 00:23:D4:6A:A4:E2, wifi_network, false, fresh
03:54:37, 00:23:D4:6A:87:DE, 00:23:D4:6A:D1:B8, bluetooth_network, false, fresh
03:54:37, 00:23:D4:6A:87:DE, 00:23:D4:6A:B6:B9, wifi_network, false, fresh
03:54:52, 00:23:D4:6A:87:DE, 00:23:D4:69:79:1C, bluetooth_network, false, fresh
03:54:53, 00:23:D4:6A:87:DE, 00:23:D4:6A:D1:B8, bluetooth_network, false, fresh
03:54:53, 00:23:D4:6A:87:DE, 00:23:D4:6A:B6:B9, wifi_network, false, fresh
04:03:59, 00:23:D4:6A:87:DE, 00:23:D4:6A:D1:B8, bluetooth_network, false, fresh
04:03:59, 00:23:D4:6A:87:DE, 00:23:D4:6A:B6:B9, wifi_network, false, fresh
04:04:03, 00:23:D4:6A:87:DE, 00:23:D4:6A:D1:B8, bluetooth_network, false, fresh
04:04:03, 00:23:D4:6A:87:DE, 00:23:D4:6A:B6:B9, wifi_network, false, fresh
04:04:46, 00:23:D4:6A:87:DE, 00:23:D4:6A:A4:E2, bluetooth_network, false, fresh
04:04:46, 00:23:D4:6A:87:DE, 00:23:D4:6A:F5:43, wifi_network, false, fresh
04:05:33, 00:23:D4:6A:87:DE, 00:23:D4:6A:A4:E2, bluetooth_network, false, fresh
04:05:33, 00:23:D4:6A:87:DE, 00:23:D4:6A:F5:43, wifi_network, false, fresh
04:05:41, 00:23:D4:6A:87:DE, 00:23:D4:6A:D1:B8, bluetooth_network, false, fresh
04:05:41, 00:23:D4:6A:87:DE, 00:23:D4:6A:B6:B9, wifi_network, false, fresh
04:05:41, 00:23:D4:6A:87:DE, 00:23:D4:69:79:1C, bluetooth_network, false, fresh
04:05:45, 00:23:D4:6A:87:DE, 00:23:D4:69:79:1C, bluetooth_network, false, fresh
04:05:46, 00:23:D4:6A:87:DE, 00:23:D4:6A:D1:B8, bluetooth_network, false, fresh
04:05:46, 00:23:D4:6A:87:DE, 00:23:D4:6A:B6:B9, wifi_network, false, fresh
04:06:29, 00:23:D4:6A:87:DE, 00:23:D4:6A:A4:E2, bluetooth_network, false, fresh
04:06:29, 00:23:D4:6A:87:DE, 00:23:D4:6A:F5:43, wifi_network, false, fresh
04:07:11, 00:23:D4:6A:87:DE, 00:23:D4:6A:A4:E2, bluetooth_network, false, fresh
04:07:11, 00:23:D4:6A:87:DE, 00:23:D4:6A:F5:43, wifi_network, false, fresh
04:07:26, 00:23:D4:6A:87:DE, 00:23:D4:6A:B6:B9, bluetooth_network, false, fresh
04:07:26, 00:23:D4:6A:87:DE, 00:23:D4:6A:D1:B8, wifi_network, false, fresh
04:07:28, 00:23:D4:6A:87:DE, 00:23:D4:6A:22:09, bluetooth_network, false, fresh
04:07:28, 00:23:D4:6A:87:DE, 00:23:D4:68:E1:E9, wifi_network, false, fresh
04:07:45, 00:23:D4:6A:87:DE, 00:23:D4:69:79:1C, bluetooth_network, false, fresh
04:07:45, 00:23:D4:6A:87:DE, 00:23:D4:6A:F5:43, bluetooth_network, false, fresh
04:07:45, 00:23:D4:6A:87:DE, 00:23:D4:6A:A4:E2, wifi_network, false, fresh
04:12:36, 00:23:D4:6A:87:DE, 00:23:D4:6A:B6:B9, bluetooth_network, false, fresh
04:12:36, 00:23:D4:6A:87:DE, 00:23:D4:6A:D1:B8, wifi_network, false, fresh
04:12:50, 00:23:D4:6A:87:DE, 00:23:D4:68:E1:E9, bluetooth_network, false, fresh
04:12:50, 00:23:D4:6A:87:DE, 00:23:D4:6A:22:09, wifi_network, false, fresh
04:13:26, 00:23:D4:6A:87:DE, 00:23:D4:68:E1:E9, bluetooth_network, false, fresh
04:13:26, 00:23:D4:6A:87:DE, 00:23:D4:6A:22:09, wifi_network, false, fresh
04:14:02, 00:23:D4:6A:87:DE, 00:23:D4:68:E1:E9, bluetooth_network, false, fresh
04:14:02, 00:23:D4:6A:87:DE, 00:23:D4:6A:22:09, wifi_network, false, fresh
04:14:03, 00:23:D4:6A:87:DE, 00:23:D4:6A:B6:B9, bluetooth_network, false, fresh
04:14:03, 00:23:D4:6A:87:DE, 00:23:D4:6A:D1:B8, wifi_network, false, fresh
04:14:48, 00:23:D4:6A:87:DE, 00:23:D4:6A:22:09, bluetooth_network, false, fresh
04:14:48, 00:23:D4:6A:87:DE, 00:23:D4:68:E1:E9, wifi_network, false, fresh
04:16:03, 00:23:D4:6A:87:DE, 00:23:D4:6A:A4:E2, bluetooth_network, false, fresh
04:16:03, 00:23:D4:6A:87:DE, 00:23:D4:6A:F5:43, wifi_network, false, fresh
04:16:48, 00:23:D4:6A:87:DE, 00:23:D4:6A:D1:B8, bluetooth_network, false, fresh
04:16:48, 00:23:D4:6A:87:DE, 00:23:D4:6A:B6:B9, wifi_network, false, fresh
04:22:03, 00:23:D4:6A:87:DE, 00:23:D4:69:79:1C, bluetooth_network, false, fresh
04:22:35, 00:23:D4:6A:87:DE, 00:23:D4:68:E1:E9, bluetooth_network, false, fresh
04:22:35, 00:23:D4:6A:87:DE, 00:23:D4:6A:22:09, wifi_network, false, fresh
04:22:36, 00:23:D4:6A:87:DE, 00:23:D4:6A:B6:B9, bluetooth_network, false, fresh
04:22:36, 00:23:D4:6A:87:DE, 00:23:D4:6A:D1:B8, wifi_network, false, fresh
04:24:16, 00:23:D4:6A:87:DE, 00:23:D4:6A:22:09, bluetooth_network, false, fresh
04:24:16, 00:23:D4:6A:87:DE, 00:23:D4:68:E1:E9, wifi_network, false, fresh
04:24:43, 00:23:D4:6A:87:DE, 00:23:D4:6A:A4:E2, bluetooth_network, false, fresh
04:24:43, 00:23:D4:6A:87:DE, 00:23:D4:6A:F5:43, wifi_network, false, fresh
04:24:47, 00:23:D4:6A:87:DE, 00:23:D4:6A:A4:E2, bluetooth_network, false, fresh
04:24:48, 00:23:D4:6A:87:DE, 00:23:D4:6A:F5:43, wifi_network, false, fresh
04:30:37, 00:23:D4:6A:87:DE, 00:23:D4:6A:F5:43, bluetooth_network, false, fresh
04:30:37, 00:23:D4:6A:87:DE, 00:23:D4:6A:A4:E2, wifi_network, false, fresh
04:30:37, 00:23:D4:6A:87:DE, 00:23:D4:69:79:1C, bluetooth_network, false, fresh
04:31:01, 00:23:D4:6A:87:DE, 00:23:D4:68:E1:E9, bluetooth_network, false, fresh
04:31:01, 00:23:D4:6A:87:DE, 00:23:D4:6A:22:09, wifi_network, false, fresh
04:31:03, 00:23:D4:6A:87:DE, 00:23:D4:6A:B6:B9, bluetooth_network, false, fresh
04:31:03, 00:23:D4:6A:87:DE, 00:23:D4:6A:D1:B8, wifi_network, false, fresh
04:31:04, 00:23:D4:6A:87:DE, 00:23:D4:69:79:1C, bluetooth_network, false, fresh
04:31:28, 00:23:D4:6A:87:DE, 00:23:D4:6A:F5:43, bluetooth_network, false, fresh
04:31:28, 00:23:D4:6A:87:DE, 00:23:D4:6A:A4:E2, wifi_network, false, fresh
04:33:11, 00:23:D4:6A:87:DE, 00:23:D4:6A:22:09, bluetooth_network, false, fresh
04:33:11, 00:23:D4:6A:87:DE, 00:23:D4:68:E1:E9, wifi_network, false, fresh
04:33:32, 00:23:D4:6A:87:DE, 00:23:D4:69:79:1C, bluetooth_network, false, fresh
04:38:21, 00:23:D4:6A:87:DE, 00:23:D4:6A:B6:B9, bluetooth_network, false, fresh
04:38:21, 00:23:D4:6A:87:DE, 00:23:D4:6A:D1:B8, wifi_network, false, fresh
04:39:41, 00:23:D4:6A:87:DE, 00:23:D4:68:E1:E9, bluetooth_network, false, fresh
04:39:41, 00:23:D4:6A:87:DE, 00:23:D4:6A:22:09, wifi_network, false, fresh
04:39:43, 00:23:D4:6A:87:DE, 00:23:D4:6A:B6:B9, bluetooth_network, false, fresh
04:39:43, 00:23:D4:6A:87:DE, 00:23:D4:6A:D1:B8, wifi_network, false, fresh
04:40:02, 00:23:D4:6A:87:DE, 00:23:D4:68:E1:E9, bluetooth_network, false, fresh
04:40:02, 00:23:D4:6A:87:DE, 00:23:D4:6A:22:09, wifi_network, false, fresh
04:40:04, 00:23:D4:6A:87:DE, 00:23:D4:69:79:1C, bluetooth_network, false, fresh
04:40:05, 00:23:D4:6A:87:DE, 00:23:D4:6A:F5:43, bluetooth_network, false, fresh
04:40:05, 00:23:D4:6A:87:DE, 00:23:D4:6A:A4:E2, wifi_network, false, fresh
04:40:34, 00:23:D4:6A:87:DE, 00:23:D4:6A:B6:B9, bluetooth_network, false, fresh
04:40:34, 00:23:D4:6A:87:DE, 00:23:D4:6A:D1:B8, wifi_network, false, fresh
04:40:35, 00:23:D4:6A:87:DE, 00:23:D4:69:79:1C, bluetooth_network, false, fresh
04:40:56, 00:23:D4:6A:87:DE, 00:23:D4:6A:F5:43, bluetooth_network, false, fresh
04:40:56, 00:23:D4:6A:87:DE, 00:23:D4:6A:A4:E2, wifi_network, false, fresh
04:42:02, 00:23:D4:6A:87:DE, 00:23:D4:69:79:1C, bluetooth_network, false, fresh
04:46:56, 00:23:D4:6A:87:DE, 00:23:D4:69:79:1C, bluetooth_network, false, fresh
04:49:14, 00:23:D4:6A:87:DE, 00:23:D4:6A:B6:B9, bluetooth_network, false, fresh
04:49:14, 00:23:D4:6A:87:DE, 00:23:D4:6A:D1:B8, wifi_network, false, fresh
04:49:34, 00:23:D4:6A:87:DE, 00:23:D4:6A:22:09, bluetooth_network, false, fresh
04:49:34, 00:23:D4:6A:87:DE, 00:23:D4:68:E1:E9, wifi_network, false, fresh
04:49:46, 00:23:D4:6A:87:DE, 00:23:D4:69:79:1C, bluetooth_network, false, fresh
04:50:26, 00:23:D4:6A:87:DE, 00:23:D4:6A:22:09, bluetooth_network, false, fresh
04:50:26, 00:23:D4:6A:87:DE, 00:23:D4:68:E1:E9, wifi_network, false, fresh
04:56:00, 00:23:D4:6A:87:DE, 00:23:D4:6A:B6:B9, bluetooth_network, false, fresh
04:56:00, 00:23:D4:6A:87:DE, 00:23:D4:6A:D1:B8, wifi_network, false, fresh
04:56:22, 00:23:D4:6A:87:DE, 00:23:D4:68:E1:E9, bluetooth_network, false, fresh
04:56:22, 00:23:D4:6A:87:DE, 00:23:D4:6A:22:09, wifi_network, false, fresh
04:57:04, 00:23:D4:6A:87:DE, 00:23:D4:68:E1:E9, bluetooth_network, false, fresh
04:57:04, 00:23:D4:6A:87:DE, 00:23:D4:6A:22:09, wifi_network, false, fresh
04:57:53, 00:23:D4:6A:87:DE, 00:23:D4:6A:B6:B9, bluetooth_network, false, fresh
04:57:53, 00:23:D4:6A:87:DE, 00:23:D4:6A:D1:B8, wifi_network, false, fresh
04:58:35, 00:23:D4:6A:87:DE, 00:23:D4:6A:22:09, bluetooth_network, false, fresh
04:58:35, 00:23:D4:6A:87:DE, 00:23:D4:68:E1:E9, wifi_network, false, fresh
04:58:36, 00:23:D4:6A:87:DE, 00:23:D4:6A:D1:B8, bluetooth_network, false, fresh
04:58:36, 00:23:D4:6A:87:DE, 00:23:D4:6A:B6:B9, wifi_network, false, fresh
04:58:54, 00:23:D4:6A:87:DE, 00:23:D4:69:79:1C, bluetooth_network, false, fresh
04:58:59, 00:23:D4:6A:87:DE, 00:23:D4:69:79:1C, bluetooth_network, false, fresh
05:04:29, 00:23:D4:6A:87:DE, 00:23:D4:69:79:1C, bluetooth_network, false, fresh
05:04:29, 00:23:D4:6A:87:DE, 00:23:D4:68:E1:E9, bluetooth_network, false, fresh
05:04:29, 00:23:D4:6A:87:DE, 00:23:D4:6A:22:09, wifi_network, false, fresh
05:05:46, 00:23:D4:6A:87:DE, 00:23:D4:68:E1:E9, bluetooth_network, false, fresh
05:05:46, 00:23:D4:6A:87:DE, 00:23:D4:6A:22:09, wifi_network, false, fresh
05:05:46, 00:23:D4:6A:87:DE, 00:23:D4:69:79:1C, bluetooth_network, false, fresh
05:06:18, 00:23:D4:6A:87:DE, 00:23:D4:6A:B6:B9, bluetooth_network, false, fresh
05:06:18, 00:23:D4:6A:87:DE, 00:23:D4:6A:D1:B8, wifi_network, false, fresh
05:06:42, 00:23:D4:6A:87:DE, 00:23:D4:6A:22:09, bluetooth_network, false, fresh
05:06:42, 00:23:D4:6A:87:DE, 00:23:D4:68:E1:E9, wifi_network, false, fresh
05:06:54, 00:23:D4:6A:87:DE, 00:23:D4:6A:B6:B9, bluetooth_network, false, fresh
05:06:54, 00:23:D4:6A:87:DE, 00:23:D4:6A:D1:B8, wifi_network, false, fresh
05:06:58, 00:23:D4:6A:87:DE, 00:23:D4:69:79:1C, bluetooth_network, false, fresh
05:07:33, 00:23:D4:6A:87:DE, 00:23:D4:6A:22:09, bluetooth_network, false, fresh
05:07:33, 00:23:D4:6A:87:DE, 00:23:D4:68:E1:E9, wifi_network, false, fresh
05:07:49, 00:23:D4:6A:87:DE, 00:23:D4:69:79:1C, bluetooth_network, false, fresh
05:13:55, 00:23:D4:6A:87:DE, 00:23:D4:68:E1:E9, bluetooth_network, false, fresh
05:13:55, 00:23:D4:6A:87:DE, 00:23:D4:6A:22:09, wifi_network, false, fresh
05:13:55, 00:23:D4:6A:87:DE, 00:23:D4:6A:B6:B9, bluetooth_network, false, fresh
05:13:55, 00:23:D4:6A:87:DE, 00:23:D4:6A:D1:B8, wifi_network, false, fresh
05:14:21, 00:23:D4:6A:87:DE, 00:23:D4:68:E1:E9, bluetooth_network, false, fresh
05:14:21, 00:23:D4:6A:87:DE, 00:23:D4:6A:22:09, wifi_network, false, fresh
05:15:12, 00:23:D4:6A:87:DE, 00:23:D4:6A:B6:B9, bluetooth_network, false, fresh
05:15:12, 00:23:D4:6A:87:DE, 00:23:D4:6A:D1:B8, wifi_network, false, fresh
05:15:17, 00:23:D4:6A:87:DE, 00:23:D4:6A:22:09, bluetooth_network, false, fresh
05:15:17, 00:23:D4:6A:87:DE, 00:23:D4:68:E1:E9, wifi_network, false, fresh
05:15:38, 00:23:D4:6A:87:DE, 00:23:D4:6A:22:09, bluetooth_network, false, fresh
05:15:38, 00:23:D4:6A:87:DE, 00:23:D4:68:E1:E9, wifi_network, false, fresh
05:15:38, 00:23:D4:6A:87:DE, 00:23:D4:69:79:1C, bluetooth_network, false, fresh
05:16:19, 00:23:D4:6A:87:DE, 00:23:D4:69:79:1C, bluetooth_network, false, fresh
05:21:48, 00:23:D4:6A:87:DE, 00:23:D4:68:E1:E9, bluetooth_network, false, fresh
05:21:48, 00:23:D4:6A:87:DE, 00:23:D4:6A:22:09, wifi_network, false, fresh
05:22:25, 00:23:D4:6A:87:DE, 00:23:D4:69:79:1C, bluetooth_network, false, fresh
05:22:56, 00:23:D4:6A:87:DE, 00:23:D4:6A:B6:B9, bluetooth_network, false, fresh
05:22:56, 00:23:D4:6A:87:DE, 00:23:D4:6A:D1:B8, wifi_network, false, fresh
05:23:22, 00:23:D4:6A:87:DE, 00:23:D4:6A:B6:B9, bluetooth_network, false, fresh
05:23:22, 00:23:D4:6A:87:DE, 00:23:D4:6A:D1:B8, wifi_network, false, fresh
05:23:25, 00:23:D4:6A:87:DE, 00:23:D4:6A:22:09, bluetooth_network, false, fresh
05:23:25, 00:23:D4:6A:87:DE, 00:23:D4:68:E1:E9, wifi_network, false, fresh
05:24:38, 00:23:D4:6A:87:DE, 00:23:D4:69:79:1C, bluetooth_network, false, fresh
05:24:58, 00:23:D4:6A:87:DE, 00:23:D4:69:79:1C, bluetooth_network, false, fresh
05:25:28, 00:23:D4:6A:87:DE, 00:23:D4:6A:BB:92, bluetooth_network, true, update
05:27:12, 00:23:D4:6A:87:DE, 00:23:D4:69:79:1C, bluetooth_network, false, fresh
05:27:17, 00:23:D4:6A:87:DE, 00:23:D4:69:79:1C, bluetooth_network, false, fresh
05:34:28, 00:23:D4:6A:87:DE, 00:23:D4:69:79:1C, bluetooth_network, false, fresh
05:37:27, 00:23:D4:6A:87:DE, 00:23:D4:6A:B6:B9, bluetooth_network, false, fresh
05:37:27, 00:23:D4:6A:87:DE, 00:23:D4:6A:D1:B8, wifi_network, false, fresh
05:37:48, 00:23:D4:6A:87:DE, 00:23:D4:69:79:1C, bluetooth_network, false, fresh
05:43:05, 00:23:D4:6A:87:DE, 00:23:D4:6A:D1:B8, bluetooth_network, false, fresh
05:43:05, 00:23:D4:6A:87:DE, 00:23:D4:6A:B6:B9, wifi_network, false, fresh
05:45:56, 00:23:D4:6A:87:DE, 00:23:D4:6A:B6:B9, bluetooth_network, false, fresh
05:45:56, 00:23:D4:6A:87:DE, 00:23:D4:6A:D1:B8, wifi_network, false, fresh
05:52:31, 00:23:D4:6A:87:DE, 00:23:D4:6A:D1:B8, bluetooth_network, false, fresh
05:52:31, 00:23:D4:6A:87:DE, 00:23:D4:6A:B6:B9, wifi_network, false, fresh
05:53:22, 00:23:D4:6A:87:DE, 00:23:D4:6A:D1:B8, bluetooth_network, false, fresh
05:53:22, 00:23:D4:6A:87:DE, 00:23:D4:6A:B6:B9, wifi_network, false, fresh
05:53:43, 00:23:D4:6A:87:DE, 00:23:D4:69:79:1C, bluetooth_network, false, fresh
05:54:34, 00:23:D4:6A:87:DE, 00:23:D4:6A:B6:B9, bluetooth_network, false, fresh
05:54:34, 00:23:D4:6A:87:DE, 00:23:D4:6A:D1:B8, wifi_network, false, fresh
06:00:28, 00:23:D4:6A:87:DE, 00:23:D4:6A:D1:B8, bluetooth_network, false, fresh
06:00:28, 00:23:D4:6A:87:DE, 00:23:D4:6A:B6:B9, wifi_network, false, fresh
06:01:09, 00:23:D4:6A:87:DE, 00:23:D4:6A:D1:B8, bluetooth_network, false, fresh
06:01:09, 00:23:D4:6A:87:DE, 00:23:D4:6A:B6:B9, wifi_network, false, fresh
06:01:46, 00:23:D4:6A:87:DE, 00:23:D4:69:79:1C, bluetooth_network, false, fresh
06:03:04, 00:23:D4:6A:87:DE, 00:23:D4:6A:B6:B9, bluetooth_network, false, fresh
06:03:04, 00:23:D4:6A:87:DE, 00:23:D4:6A:D1:B8, wifi_network, false, fresh
06:03:28, 00:23:D4:6A:87:DE, 00:23:D4:69:79:1C, bluetooth_network, false, fresh
06:08:12, 00:23:D4:6A:87:DE, 00:23:D4:69:79:1C, bluetooth_network, false, fresh
06:09:02, 00:23:D4:6A:87:DE, 00:23:D4:6A:D1:B8, bluetooth_network, false, fresh
06:09:02, 00:23:D4:6A:87:DE, 00:23:D4:6A:B6:B9, wifi_network, false, fresh
06:09:55, 00:23:D4:6A:87:DE, 00:23:D4:69:79:1C, bluetooth_network, false, fresh
06:10:31, 00:23:D4:6A:87:DE, 00:23:D4:69:79:1C, bluetooth_network, false, fresh
06:11:37, 00:23:D4:6A:87:DE, 00:23:D4:6A:B6:B9, bluetooth_network, false, fresh
06:11:37, 00:23:D4:6A:87:DE, 00:23:D4:6A:D1:B8, wifi_network, false, fresh
06:12:24, 00:23:D4:6A:87:DE, 00:23:D4:69:79:1C, bluetooth_network, false, fresh
06:22:15, 00:23:D4:6A:87:DE, 00:23:D4:6A:B6:B9, bluetooth_network, false, fresh
06:22:15, 00:23:D4:6A:87:DE, 00:23:D4:6A:D1:B8, wifi_network, false, fresh
06:23:18, 00:23:D4:6A:87:DE, 00:23:D4:69:79:1C, bluetooth_network, false, fresh
06:24:14, 00:23:D4:6A:87:DE, 00:23:D4:6A:D1:B8, bluetooth_network, false, fresh
06:24:14, 00:23:D4:6A:87:DE, 00:23:D4:6A:B6:B9, wifi_network, false, fresh
06:29:17, 00:23:D4:6A:87:DE, 00:23:D4:69:79:1C, bluetooth_network, false, fresh
06:29:20, 00:23:D4:6A:87:DE, 00:23:D4:6A:B6:B9, bluetooth_network, false, fresh
06:29:20, 00:23:D4:6A:87:DE, 00:23:D4:6A:D1:B8, wifi_network, false, fresh
06:30:21, 00:23:D4:6A:87:DE, 00:23:D4:6A:B6:B9, bluetooth_network, false, fresh
06:30:21, 00:23:D4:6A:87:DE, 00:23:D4:6A:D1:B8, wifi_network, false, fresh
06:31:53, 00:23:D4:6A:87:DE, 00:23:D4:6A:B6:B9, bluetooth_network, false, fresh
06:31:53, 00:23:D4:6A:87:DE, 00:23:D4:6A:D1:B8, wifi_network, false, fresh
06:32:24, 00:23:D4:6A:87:DE, 00:23:D4:6A:B6:B9, bluetooth_network, false, fresh
06:32:25, 00:23:D4:6A:87:DE, 00:23:D4:6A:D1:B8, wifi_network, false, fresh
06:38:07, 00:23:D4:6A:87:DE, 00:23:D4:69:79:1C, bluetooth_network, false, fresh
06:38:07, 00:23:D4:6A:87:DE, 00:23:D4:6A:B6:B9, bluetooth_network, false, fresh
06:38:07, 00:23:D4:6A:87:DE, 00:23:D4:6A:D1:B8, wifi_network, false, fresh
06:40:06, 00:23:D4:6A:87:DE, 00:23:D4:6A:B6:B9, bluetooth_network, false, fresh
06:40:06, 00:23:D4:6A:87:DE, 00:23:D4:6A:D1:B8, wifi_network, false, fresh
06:40:47, 00:23:D4:6A:87:DE, 00:23:D4:69:79:1C, bluetooth_network, false, fresh
06:40:52, 00:23:D4:6A:87:DE, 00:23:D4:69:79:1C, bluetooth_network, false, fresh
06:47:17, 00:23:D4:6A:87:DE, 00:23:D4:6A:B6:B9, bluetooth_network, false, fresh
06:47:17, 00:23:D4:6A:87:DE, 00:23:D4:6A:D1:B8, wifi_network, false, fresh
06:47:48, 00:23:D4:6A:87:DE, 00:23:D4:69:79:1C, bluetooth_network, false, fresh
06:47:49, 00:23:D4:6A:87:DE, 00:23:D4:6A:B6:B9, bluetooth_network, false, fresh
06:47:49, 00:23:D4:6A:87:DE, 00:23:D4:6A:D1:B8, wifi_network, false, fresh
06:48:09, 00:23:D4:6A:87:DE, 00:23:D4:69:79:1C, bluetooth_network, false, fresh
06:49:11, 00:23:D4:6A:87:DE, 00:23:D4:6A:B6:B9, bluetooth_network, false, fresh
06:49:11, 00:23:D4:6A:87:DE, 00:23:D4:6A:D1:B8, wifi_network, false, fresh
06:49:12, 00:23:D4:6A:87:DE, 00:23:D4:6A:B6:B9, bluetooth_network, false, fresh
06:49:12, 00:23:D4:6A:87:DE, 00:23:D4:6A:D1:B8, wifi_network, false, fresh
06:55:57, 00:23:D4:6A:87:DE, 00:23:D4:6A:B6:B9, bluetooth_network, false, fresh
06:55:57, 00:23:D4:6A:87:DE, 00:23:D4:6A:D1:B8, wifi_network, false, fresh
06:56:32, 00:23:D4:6A:87:DE, 00:23:D4:69:79:1C, bluetooth_network, false, fresh
06:56:33, 00:23:D4:6A:87:DE, 00:23:D4:6A:B6:B9, bluetooth_network, false, fresh
06:56:33, 00:23:D4:6A:87:DE, 00:23:D4:6A:D1:B8, wifi_network, false, fresh
06:58:19, 00:23:D4:6A:87:DE, 00:23:D4:69:79:1C, bluetooth_network, false, fresh
06:58:30, 00:23:D4:6A:87:DE, 00:23:D4:6A:D1:B8, bluetooth_network, false, fresh
06:58:30, 00:23:D4:6A:87:DE, 00:23:D4:6A:B6:B9, wifi_network, false, fresh
06:59:06, 00:23:D4:6A:87:DE, 00:23:D4:6A:D1:B8, bluetooth_network, false, fresh
06:59:06, 00:23:D4:6A:87:DE, 00:23:D4:6A:B6:B9, wifi_network, false, fresh
07:03:37, 00:23:D4:6A:87:DE, 00:23:D4:6A:B6:B9, bluetooth_network, false, fresh
07:03:37, 00:23:D4:6A:87:DE, 00:23:D4:6A:D1:B8, wifi_network, false, fresh
07:03:38, 00:23:D4:6A:87:DE, 00:23:D4:6A:B6:B9, bluetooth_network, false, fresh
07:03:38, 00:23:D4:6A:87:DE, 00:23:D4:6A:D1:B8, wifi_network, false, fresh
07:04:29, 00:23:D4:6A:87:DE, 00:23:D4:6A:B6:B9, bluetooth_network, false, fresh
07:04:29, 00:23:D4:6A:87:DE, 00:23:D4:6A:D1:B8, wifi_network, false, fresh
07:04:34, 00:23:D4:6A:87:DE, 00:23:D4:6A:B6:B9, bluetooth_network, false, fresh
07:04:34, 00:23:D4:6A:87:DE, 00:23:D4:6A:D1:B8, wifi_network, false, fresh
07:05:22, 00:23:D4:6A:87:DE, 00:23:D4:6A:B6:B9, bluetooth_network, false, fresh
07:05:22, 00:23:D4:6A:87:DE, 00:23:D4:6A:D1:B8, wifi_network, false, fresh
07:05:31, 00:23:D4:6A:87:DE, 00:23:D4:6A:B6:B9, bluetooth_network, false, fresh
07:05:31, 00:23:D4:6A:87:DE, 00:23:D4:6A:D1:B8, wifi_network, false, fresh
07:06:13, 00:23:D4:6A:87:DE, 00:23:D4:69:79:1C, bluetooth_network, false, fresh
07:06:49, 00:23:D4:6A:87:DE, 00:23:D4:69:79:1C, bluetooth_network, false, fresh
07:07:03, 00:23:D4:6A:87:DE, 00:23:D4:6A:D1:B8, bluetooth_network, false, fresh
07:07:03, 00:23:D4:6A:87:DE, 00:23:D4:6A:B6:B9, wifi_network, false, fresh
07:12:13, 00:23:D4:6A:87:DE, 00:23:D4:69:79:1C, bluetooth_network, false, fresh
07:12:58, 00:23:D4:6A:87:DE, 00:23:D4:6A:B6:B9, bluetooth_network, false, fresh
07:12:58, 00:23:D4:6A:87:DE, 00:23:D4:6A:D1:B8, wifi_network, false, fresh
07:12:59, 00:23:D4:6A:87:DE, 00:23:D4:69:79:1C, bluetooth_network, false, fresh
07:13:04, 00:23:D4:6A:87:DE, 00:23:D4:6A:B6:B9, bluetooth_network, false, fresh
07:13:04, 00:23:D4:6A:87:DE, 00:23:D4:6A:D1:B8, wifi_network, false, fresh
07:21:39, 00:23:D4:6A:87:DE, 00:23:D4:6A:B6:B9, bluetooth_network, false, fresh
07:21:39, 00:23:D4:6A:87:DE, 00:23:D4:6A:D1:B8, wifi_network, false, fresh
07:22:05, 00:23:D4:6A:87:DE, 00:23:D4:6A:B6:B9, bluetooth_network, false, fresh
07:22:05, 00:23:D4:6A:87:DE, 00:23:D4:6A:D1:B8, wifi_network, false, fresh
07:22:29, 00:23:D4:6A:87:DE, 00:23:D4:69:79:1C, bluetooth_network, false, fresh
07:22:31, 00:23:D4:6A:87:DE, 00:23:D4:6A:B6:B9, bluetooth_network, false, fresh
07:22:31, 00:23:D4:6A:87:DE, 00:23:D4:6A:D1:B8, wifi_network, false, fresh
07:22:34, 00:23:D4:6A:87:DE, 00:23:D4:69:79:1C, bluetooth_network, false, fresh
07:24:13, 00:23:D4:6A:87:DE, 00:23:D4:6A:D1:B8, bluetooth_network, false, fresh
07:24:13, 00:23:D4:6A:87:DE, 00:23:D4:6A:B6:B9, wifi_network, false, fresh
07:29:25, 00:23:D4:6A:87:DE, 00:23:D4:6A:B6:B9, bluetooth_network, false, fresh
07:29:25, 00:23:D4:6A:87:DE, 00:23:D4:6A:D1:B8, wifi_network, false, fresh
07:31:08, 00:23:D4:6A:87:DE, 00:23:D4:6A:B6:B9, bluetooth_network, false, fresh
07:31:08, 00:23:D4:6A:87:DE, 00:23:D4:6A:D1:B8, wifi_network, false, fresh
07:32:34, 00:23:D4:6A:87:DE, 00:23:D4:69:79:1C, bluetooth_network, false, fresh
07:32:51, 00:23:D4:6A:87:DE, 00:23:D4:6A:D1:B8, bluetooth_network, false, fresh
07:32:51, 00:23:D4:6A:87:DE, 00:23:D4:6A:B6:B9, wifi_network, false, fresh
07:37:54, 00:23:D4:6A:87:DE, 00:23:D4:6A:B6:B9, bluetooth_network, false, fresh
07:37:54, 00:23:D4:6A:87:DE, 00:23:D4:6A:D1:B8, wifi_network, false, fresh
07:37:59, 00:23:D4:6A:87:DE, 00:23:D4:6A:B6:B9, bluetooth_network, false, fresh
07:37:59, 00:23:D4:6A:87:DE, 00:23:D4:6A:D1:B8, wifi_network, false, fresh
07:38:02, 00:23:D4:6A:87:DE, 00:23:D4:69:79:1C, bluetooth_network, false, fresh
07:38:45, 00:23:D4:6A:87:DE, 00:23:D4:6A:B6:B9, bluetooth_network, false, fresh
07:38:45, 00:23:D4:6A:87:DE, 00:23:D4:6A:D1:B8, wifi_network, false, fresh
07:39:21, 00:23:D4:6A:87:DE, 00:23:D4:6A:B6:B9, bluetooth_network, false, fresh
07:39:21, 00:23:D4:6A:87:DE, 00:23:D4:6A:D1:B8, wifi_network, false, fresh
07:39:24, 00:23:D4:6A:87:DE, 00:23:D4:69:79:1C, bluetooth_network, false, fresh
07:39:37, 00:23:D4:6A:87:DE, 00:23:D4:6A:B6:B9, bluetooth_network, false, fresh
07:39:37, 00:23:D4:6A:87:DE, 00:23:D4:6A:D1:B8, wifi_network, false, fresh
07:40:15, 00:23:D4:6A:87:DE, 00:23:D4:69:79:1C, bluetooth_network, false, fresh
07:40:28, 00:23:D4:6A:87:DE, 00:23:D4:6A:B6:B9, bluetooth_network, false, fresh
07:40:28, 00:23:D4:6A:87:DE, 00:23:D4:6A:D1:B8, wifi_network, false, fresh
07:41:01, 00:23:D4:6A:87:DE, 00:23:D4:69:79:1C, bluetooth_network, false, fresh
07:41:20, 00:23:D4:6A:87:DE, 00:23:D4:6A:D1:B8, bluetooth_network, false, fresh
07:41:20, 00:23:D4:6A:87:DE, 00:23:D4:6A:B6:B9, wifi_network, false, fresh
07:46:34, 00:23:D4:6A:87:DE, 00:23:D4:6A:B6:B9, bluetooth_network, false, fresh
07:46:34, 00:23:D4:6A:87:DE, 00:23:D4:6A:D1:B8, wifi_network, false, fresh
07:46:45, 00:23:D4:6A:87:DE, 00:23:D4:6A:B6:B9, bluetooth_network, false, fresh
07:46:45, 00:23:D4:6A:87:DE, 00:23:D4:6A:D1:B8, wifi_network, false, fresh
07:48:50, 00:23:D4:6A:87:DE, 00:23:D4:69:79:1C, bluetooth_network, false, fresh
07:48:50, 00:23:D4:6A:87:DE, 00:23:D4:69:79:1C, bluetooth_network, false, fresh
07:49:08, 00:23:D4:6A:87:DE, 00:23:D4:6A:B6:B9, bluetooth_network, false, fresh
07:49:08, 00:23:D4:6A:87:DE, 00:23:D4:6A:D1:B8, wifi_network, false, fresh
07:49:35, 00:23:D4:6A:87:DE, 00:23:D4:69:79:1C, bluetooth_network, false, fresh
07:49:59, 00:23:D4:6A:87:DE, 00:23:D4:6A:D1:B8, bluetooth_network, false, fresh
07:49:59, 00:23:D4:6A:87:DE, 00:23:D4:6A:B6:B9, wifi_network, false, fresh
07:50:32, 00:23:D4:6A:87:DE, 00:23:D4:69:79:1C, bluetooth_network, false, fresh
07:56:50, 00:23:D4:6A:87:DE, 00:23:D4:6A:B6:B9, bluetooth_network, false, fresh
07:56:50, 00:23:D4:6A:87:DE, 00:23:D4:6A:D1:B8, wifi_network, false, fresh
07:57:19, 00:23:D4:6A:87:DE, 00:23:D4:69:79:1C, bluetooth_network, false, fresh
07:57:41, 00:23:D4:6A:87:DE, 00:23:D4:6A:B6:B9, bluetooth_network, false, fresh
07:57:41, 00:23:D4:6A:87:DE, 00:23:D4:6A:D1:B8, wifi_network, false, fresh
07:58:32, 00:23:D4:6A:87:DE, 00:23:D4:6A:D1:B8, bluetooth_network, false, fresh
07:58:32, 00:23:D4:6A:87:DE, 00:23:D4:6A:B6:B9, wifi_network, false, fresh
07:59:19, 00:23:D4:6A:87:DE, 00:23:D4:6A:D1:B8, bluetooth_network, false, fresh
07:59:19, 00:23:D4:6A:87:DE, 00:23:D4:6A:B6:B9, wifi_network, false, fresh
08:05:03, 00:23:D4:6A:87:DE, 00:23:D4:6A:B6:B9, bluetooth_network, false, fresh
08:05:03, 00:23:D4:6A:87:DE, 00:23:D4:6A:D1:B8, wifi_network, false, fresh
08:06:04, 00:23:D4:6A:87:DE, 00:23:D4:6A:B6:B9, bluetooth_network, false, fresh
08:06:04, 00:23:D4:6A:87:DE, 00:23:D4:6A:D1:B8, wifi_network, false, fresh
08:07:53, 00:23:D4:6A:87:DE, 00:23:D4:6A:D1:B8, bluetooth_network, false, fresh
08:07:53, 00:23:D4:6A:87:DE, 00:23:D4:6A:B6:B9, wifi_network, false, fresh
08:13:06, 00:23:D4:6A:87:DE, 00:23:D4:6A:B6:B9, bluetooth_network, false, fresh
08:13:06, 00:23:D4:6A:87:DE, 00:23:D4:6A:D1:B8, wifi_network, false, fresh
08:13:27, 00:23:D4:6A:87:DE, 00:23:D4:6A:B6:B9, bluetooth_network, false, fresh
08:13:27, 00:23:D4:6A:87:DE, 00:23:D4:6A:D1:B8, wifi_network, false, fresh
08:14:03, 00:23:D4:6A:87:DE, 00:23:D4:6A:B6:B9, bluetooth_network, false, fresh
08:14:03, 00:23:D4:6A:87:DE, 00:23:D4:6A:D1:B8, wifi_network, false, fresh
08:14:55, 00:23:D4:6A:87:DE, 00:23:D4:69:79:1C, bluetooth_network, false, fresh
08:16:18, 00:23:D4:6A:87:DE, 00:23:D4:69:79:1C, bluetooth_network, false, fresh
08:21:31, 00:23:D4:6A:87:DE, 00:23:D4:69:79:1C, bluetooth_network, false, fresh
08:21:50, 00:23:D4:6A:87:DE, 00:23:D4:6A:B6:B9, bluetooth_network, false, fresh
08:21:50, 00:23:D4:6A:87:DE, 00:23:D4:6A:D1:B8, wifi_network, false, fresh
08:22:31, 00:23:D4:6A:87:DE, 00:23:D4:6A:B6:B9, bluetooth_network, false, fresh
08:22:31, 00:23:D4:6A:87:DE, 00:23:D4:6A:D1:B8, wifi_network, false, fresh
08:24:03, 00:23:D4:6A:87:DE, 00:23:D4:6A:B6:B9, bluetooth_network, false, fresh
08:24:03, 00:23:D4:6A:87:DE, 00:23:D4:6A:D1:B8, wifi_network, false, fresh
08:24:25, 00:23:D4:6A:87:DE, 00:23:D4:6A:D1:B8, bluetooth_network, false, fresh
08:24:25, 00:23:D4:6A:87:DE, 00:23:D4:6A:B6:B9, wifi_network, false, fresh
08:24:31, 00:23:D4:6A:87:DE, 00:23:D4:6A:D1:B8, bluetooth_network, false, fresh
08:24:31, 00:23:D4:6A:87:DE, 00:23:D4:6A:B6:B9, wifi_network, false, fresh
08:31:01, 00:23:D4:6A:87:DE, 00:23:D4:6A:B6:B9, bluetooth_network, false, fresh
08:31:01, 00:23:D4:6A:87:DE, 00:23:D4:6A:D1:B8, wifi_network, false, fresh
08:31:01, 00:23:D4:6A:87:DE, 00:23:D4:69:79:1C, bluetooth_network, false, fresh
08:31:02, 00:23:D4:6A:87:DE, 00:23:D4:6A:B6:B9, bluetooth_network, false, fresh
08:31:02, 00:23:D4:6A:87:DE, 00:23:D4:6A:D1:B8, wifi_network, false, fresh
08:31:37, 00:23:D4:6A:87:DE, 00:23:D4:69:79:1C, bluetooth_network, false, fresh
08:32:29, 00:23:D4:6A:87:DE, 00:23:D4:69:79:1C, bluetooth_network, false, fresh
08:38:09, 00:23:D4:6A:87:DE, 00:23:D4:6A:B6:B9, bluetooth_network, false, fresh
08:38:09, 00:23:D4:6A:87:DE, 00:23:D4:6A:D1:B8, wifi_network, false, fresh
08:38:38, 00:23:D4:6A:87:DE, 00:23:D4:69:79:1C, bluetooth_network, false, fresh
08:39:20, 00:23:D4:6A:87:DE, 00:23:D4:6A:B6:B9, bluetooth_network, false, fresh
08:39:20, 00:23:D4:6A:87:DE, 00:23:D4:6A:D1:B8, wifi_network, false, fresh
08:39:52, 00:23:D4:6A:87:DE, 00:23:D4:6A:B6:B9, bluetooth_network, false, fresh
08:39:52, 00:23:D4:6A:87:DE, 00:23:D4:6A:D1:B8, wifi_network, false, fresh
08:41:02, 00:23:D4:6A:87:DE, 00:23:D4:69:79:1C, bluetooth_network, false, fresh
08:41:38, 00:23:D4:6A:87:DE, 00:23:D4:69:79:1C, bluetooth_network, false, fresh
08:47:38, 00:23:D4:6A:87:DE, 00:23:D4:6A:B6:B9, bluetooth_network, false, fresh
08:47:38, 00:23:D4:6A:87:DE, 00:23:D4:6A:D1:B8, wifi_network, false, fresh
08:48:09, 00:23:D4:6A:87:DE, 00:23:D4:69:79:1C, bluetooth_network, false, fresh
08:50:33, 00:23:D4:6A:87:DE, 00:23:D4:69:79:1C, bluetooth_network, false, fresh
08:57:34, 00:23:D4:6A:87:DE, 00:23:D4:6A:B6:B9, bluetooth_network, false, fresh
08:57:34, 00:23:D4:6A:87:DE, 00:23:D4:6A:D1:B8, wifi_network, false, fresh
08:57:55, 00:23:D4:6A:87:DE, 00:23:D4:6A:B6:B9, bluetooth_network, false, fresh
08:57:55, 00:23:D4:6A:87:DE, 00:23:D4:6A:D1:B8, wifi_network, false, fresh
08:59:03, 00:23:D4:6A:87:DE, 00:23:D4:69:79:1C, bluetooth_network, false, fresh
09:05:21, 00:23:D4:6A:87:DE, 00:23:D4:6A:B6:B9, bluetooth_network, false, fresh
09:05:21, 00:23:D4:6A:87:DE, 00:23:D4:6A:D1:B8, wifi_network, false, fresh
09:05:42, 00:23:D4:6A:87:DE, 00:23:D4:6A:B6:B9, bluetooth_network, false, fresh
09:05:42, 00:23:D4:6A:87:DE, 00:23:D4:6A:D1:B8, wifi_network, false, fresh
09:06:12, 00:23:D4:6A:87:DE, 00:23:D4:6A:B6:B9, bluetooth_network, false, fresh
09:06:12, 00:23:D4:6A:87:DE, 00:23:D4:6A:D1:B8, wifi_network, false, fresh
09:07:11, 00:23:D4:6A:87:DE, 00:23:D4:69:79:1C, bluetooth_network, false, fresh
09:07:14, 00:23:D4:6A:87:DE, 00:23:D4:6A:D1:B8, bluetooth_network, false, fresh
09:07:14, 00:23:D4:6A:87:DE, 00:23:D4:6A:B6:B9, wifi_network, false, fresh
09:13:41, 00:23:D4:6A:87:DE, 00:23:D4:69:79:1C, bluetooth_network, false, fresh
09:16:24, 00:23:D4:6A:87:DE, 00:23:D4:69:79:1C, bluetooth_network, false, fresh
09:24:13, 00:23:D4:6A:87:DE, 00:23:D4:69:79:1C, bluetooth_network, false, fresh
09:32:17, 00:23:D4:6A:87:DE, 00:23:D4:69:79:1C, bluetooth_network, false, fresh
09:38:16, 00:23:D4:6A:87:DE, 00:23:D4:6A:BB:92, bluetooth_network, true, update
09:38:16, 00:23:D4:6A:87:DE, 00:23:D4:6A:87:DE, wifi_network, false, fresh
