20:10:45, 00:23:D4:6A:D1:B8, 00:23:D4:6A:B6:B9, bluetooth_network, true, fresh
20:12:48, 00:23:D4:6A:D1:B8, 00:23:D4:6A:22:09, bluetooth_network, false, fresh
20:12:48, 00:23:D4:6A:D1:B8, 00:23:D4:6A:F5:43, wifi_network, false, fresh
20:13:12, 00:23:D4:6A:D1:B8, 00:23:D4:6A:87:DE, bluetooth_network, false, fresh
20:13:12, 00:23:D4:6A:D1:B8, 00:23:D4:6A:BB:92, wifi_network, false, fresh
20:13:12, 00:23:D4:6A:D1:B8, 00:23:D4:69:79:1C, wifi_network, false, fresh
20:13:14, 00:23:D4:6A:D1:B8, 00:23:D4:6A:22:09, bluetooth_network, false, fresh
20:13:14, 00:23:D4:6A:D1:B8, 00:23:D4:6A:F5:43, wifi_network, false, fresh
20:14:56, 00:23:D4:6A:D1:B8, 00:23:D4:6A:22:09, bluetooth_network, false, fresh
20:15:26, 00:23:D4:6A:D1:B8, 00:23:D4:6A:F5:43, bluetooth_network, false, fresh
20:15:26, 00:23:D4:6A:D1:B8, 00:23:D4:6A:22:09, wifi_network, false, fresh
20:15:43, 00:23:D4:6A:D1:B8, 00:23:D4:6A:BB:92, bluetooth_network, false, fresh
20:16:34, 00:23:D4:6A:D1:B8, 00:23:D4:6A:F5:43, bluetooth_network, false, fresh
20:16:34, 00:23:D4:6A:D1:B8, 00:23:D4:6A:22:09, wifi_network, false, fresh
20:17:05, 00:23:D4:6A:D1:B8, 00:23:D4:6A:F5:43, bluetooth_network, false, fresh
20:17:05, 00:23:D4:6A:D1:B8, 00:23:D4:6A:22:09, wifi_network, false, fresh
20:17:26, 00:23:D4:6A:D1:B8, 00:23:D4:6A:BB:92, bluetooth_network, false, fresh
20:17:26, 00:23:D4:6A:D1:B8, 00:23:D4:6A:87:DE, wifi_network, false, fresh
20:17:26, 00:23:D4:6A:D1:B8, 00:23:D4:69:79:1C, wifi_network, false, fresh
20:18:17, 00:23:D4:6A:D1:B8, 00:23:D4:6A:BB:92, bluetooth_network, false, fresh
20:18:17, 00:23:D4:6A:D1:B8, 00:23:D4:6A:87:DE, wifi_network, false, fresh
20:18:17, 00:23:D4:6A:D1:B8, 00:23:D4:69:79:1C, wifi_network, false, fresh
20:19:09, 00:23:D4:6A:D1:B8, 00:23:D4:6A:BB:92, bluetooth_network, false, fresh
20:19:09, 00:23:D4:6A:D1:B8, 00:23:D4:6A:87:DE, wifi_network, false, fresh
20:19:09, 00:23:D4:6A:D1:B8, 00:23:D4:69:79:1C, wifi_network, false, fresh
20:19:09, 00:23:D4:6A:D1:B8, 00:23:D4:6A:B6:B9, bluetooth_network, true, update
20:19:17, 00:23:D4:6A:D1:B8, 00:23:D4:68:E1:E9, bluetooth_network, true, fresh
20:20:34, 00:23:D4:6A:D1:B8, 00:23:D4:68:E1:E9, bluetooth_network, true, update
20:20:34, 00:23:D4:6A:D1:B8, 00:23:D4:6A:D1:B8, wifi_network, false, fresh
20:20:53, 00:23:D4:6A:D1:B8, 00:23:D4:6A:B6:B9, bluetooth_network, true, update
20:20:53, 00:23:D4:6A:D1:B8, 00:23:D4:68:E1:E9, wifi_network, true, update
20:20:53, 00:23:D4:6A:D1:B8, 00:23:D4:6A:D1:B8, wifi_network, false, fresh
20:21:12, 00:23:D4:6A:D1:B8, 00:23:D4:6A:87:DE, bluetooth_network, false, fresh
20:21:13, 00:23:D4:6A:D1:B8, 00:23:D4:69:79:1C, wifi_network, false, fresh
20:21:13, 00:23:D4:6A:D1:B8, 00:23:D4:6A:BB:92, wifi_network, false, fresh
20:21:16, 00:23:D4:6A:D1:B8, 00:23:D4:6A:F5:43, bluetooth_network, false, fresh
20:21:16, 00:23:D4:6A:D1:B8, 00:23:D4:6A:22:09, wifi_network, false, fresh
20:21:16, 00:23:D4:6A:D1:B8, 00:23:D4:6A:A4:E2, wifi_network, false, fresh
20:21:43, 00:23:D4:6A:D1:B8, 00:23:D4:6A:87:DE, bluetooth_network, false, fresh
20:21:43, 00:23:D4:6A:D1:B8, 00:23:D4:69:79:1C, wifi_network, false, fresh
20:21:43, 00:23:D4:6A:D1:B8, 00:23:D4:6A:BB:92, wifi_network, false, fresh
20:21:46, 00:23:D4:6A:D1:B8, 00:23:D4:6A:B6:B9, bluetooth_network, true, update
20:21:46, 00:23:D4:6A:D1:B8, 00:23:D4:68:E1:E9, wifi_network, true, update
20:21:46, 00:23:D4:6A:D1:B8, 00:23:D4:6A:D1:B8, wifi_network, false, fresh
20:23:30, 00:23:D4:6A:D1:B8, 00:23:D4:6A:87:DE, bluetooth_network, false, fresh
20:23:30, 00:23:D4:6A:D1:B8, 00:23:D4:69:79:1C, wifi_network, false, fresh
20:23:30, 00:23:D4:6A:D1:B8, 00:23:D4:6A:BB:92, wifi_network, false, fresh
20:24:21, 00:23:D4:6A:D1:B8, 00:23:D4:68:E1:E9, bluetooth_network, true, update
20:24:22, 00:23:D4:6A:D1:B8, 00:23:D4:6A:D1:B8, wifi_network, false, fresh
20:24:22, 00:23:D4:6A:D1:B8, 00:23:D4:6A:B6:B9, wifi_network, true, update
20:25:14, 00:23:D4:6A:D1:B8, 00:23:D4:68:E1:E9, bluetooth_network, true, update
20:25:14, 00:23:D4:6A:D1:B8, 00:23:D4:6A:D1:B8, wifi_network, false, fresh
20:25:14, 00:23:D4:6A:D1:B8, 00:23:D4:6A:B6:B9, wifi_network, true, update
20:26:05, 00:23:D4:6A:D1:B8, 00:23:D4:6A:BB:92, bluetooth_network, false, fresh
20:26:05, 00:23:D4:6A:D1:B8, 00:23:D4:6A:87:DE, wifi_network, false, fresh
20:26:05, 00:23:D4:6A:D1:B8, 00:23:D4:69:79:1C, wifi_network, false, fresh
20:26:56, 00:23:D4:6A:D1:B8, 00:23:D4:6A:BB:92, bluetooth_network, false, fresh
20:26:56, 00:23:D4:6A:D1:B8, 00:23:D4:6A:87:DE, wifi_network, false, fresh
20:26:56, 00:23:D4:6A:D1:B8, 00:23:D4:69:79:1C, wifi_network, false, fresh
20:32:07, 00:23:D4:6A:D1:B8, 00:23:D4:69:79:1C, bluetooth_network, false, fresh
20:32:07, 00:23:D4:6A:D1:B8, 00:23:D4:6A:BB:92, wifi_network, false, fresh
20:32:39, 00:23:D4:6A:D1:B8, 00:23:D4:6A:A4:E2, bluetooth_network, false, fresh
20:32:39, 00:23:D4:6A:D1:B8, 00:23:D4:6A:22:09, wifi_network, false, fresh
20:32:39, 00:23:D4:6A:D1:B8, 00:23:D4:6A:F5:43, wifi_network, false, fresh
20:33:48, 00:23:D4:6A:D1:B8, 00:23:D4:6A:BB:92, bluetooth_network, false, fresh
20:33:48, 00:23:D4:6A:D1:B8, 00:23:D4:6A:87:DE, wifi_network, false, fresh
20:33:49, 00:23:D4:6A:D1:B8, 00:23:D4:69:79:1C, wifi_network, false, fresh
20:34:40, 00:23:D4:6A:D1:B8, 00:23:D4:6A:BB:92, bluetooth_network, false, fresh
20:34:40, 00:23:D4:6A:D1:B8, 00:23:D4:6A:87:DE, wifi_network, false, fresh
20:34:40, 00:23:D4:6A:D1:B8, 00:23:D4:69:79:1C, wifi_network, false, fresh
20:35:32, 00:23:D4:6A:D1:B8, 00:23:D4:6A:BB:92, bluetooth_network, false, fresh
20:35:32, 00:23:D4:6A:D1:B8, 00:23:D4:6A:87:DE, wifi_network, false, fresh
20:35:32, 00:23:D4:6A:D1:B8, 00:23:D4:69:79:1C, wifi_network, false, fresh
20:35:52, 00:23:D4:6A:D1:B8, 00:23:D4:6A:BB:92, bluetooth_network, false, fresh
20:35:52, 00:23:D4:6A:D1:B8, 00:23:D4:6A:87:DE, wifi_network, false, fresh
20:35:52, 00:23:D4:6A:D1:B8, 00:23:D4:69:79:1C, wifi_network, false, fresh
20:49:18, 00:23:D4:6A:D1:B8, 00:23:D4:6A:B6:B9, bluetooth_network, true, update
20:49:18, 00:23:D4:6A:D1:B8, 00:23:D4:6A:D1:B8, wifi_network, false, fresh
20:49:18, 00:23:D4:6A:D1:B8, 00:23:D4:68:E1:E9, wifi_network, true, update
20:50:53, 00:23:D4:6A:D1:B8, 00:23:D4:6A:F5:43, bluetooth_network, false, fresh
20:50:53, 00:23:D4:6A:D1:B8, 00:23:D4:6A:22:09, wifi_network, false, fresh
20:50:53, 00:23:D4:6A:D1:B8, 00:23:D4:6A:A4:E2, wifi_network, false, fresh
