20:11:21, 00:23:D4:6A:87:DE, 00:23:D4:6A:BB:92, bluetooth_network, true, fresh
20:11:22, 00:23:D4:6A:87:DE, 00:23:D4:69:79:1C, bluetooth_network, true, fresh
20:13:16, 00:23:D4:6A:87:DE, 00:23:D4:6A:22:09, bluetooth_network, false, fresh
20:13:16, 00:23:D4:6A:87:DE, 00:23:D4:6A:F5:43, wifi_network, false, fresh
20:13:52, 00:23:D4:6A:87:DE, 00:23:D4:6A:22:09, bluetooth_network, false, fresh
20:13:52, 00:23:D4:6A:87:DE, 00:23:D4:6A:F5:43, wifi_network, false, fresh
20:15:19, 00:23:D4:6A:87:DE, 00:23:D4:6A:22:09, bluetooth_network, false, fresh
20:20:07, 00:23:D4:6A:87:DE, 00:23:D4:6A:A4:E2, bluetooth_network, false, fresh
20:20:07, 00:23:D4:6A:87:DE, 00:23:D4:6A:22:09, wifi_network, false, fresh
20:20:07, 00:23:D4:6A:87:DE, 00:23:D4:6A:F5:43, wifi_network, false, fresh
20:20:07, 00:23:D4:6A:87:DE, 00:23:D4:6A:D1:B8, bluetooth_network, false, fresh
20:20:08, 00:23:D4:6A:87:DE, 00:23:D4:68:E1:E9, wifi_network, false, fresh
20:20:55, 00:23:D4:6A:87:DE, 00:23:D4:6A:B6:B9, bluetooth_network, false, fresh
20:20:55, 00:23:D4:6A:87:DE, 00:23:D4:68:E1:E9, wifi_network, false, fresh
20:20:55, 00:23:D4:6A:87:DE, 00:23:D4:6A:D1:B8, wifi_network, false, fresh
20:21:15, 00:23:D4:6A:87:DE, 00:23:D4:6A:A4:E2, bluetooth_network, false, fresh
20:21:15, 00:23:D4:6A:87:DE, 00:23:D4:6A:22:09, wifi_network, false, fresh
20:21:15, 00:23:D4:6A:87:DE, 00:23:D4:6A:F5:43, wifi_network, false, fresh
20:21:15, 00:23:D4:6A:87:DE, 00:23:D4:6A:D1:B8, bluetooth_network, false, fresh
20:21:15, 00:23:D4:6A:87:DE, 00:23:D4:68:E1:E9, wifi_network, false, fresh
20:21:47, 00:23:D4:6A:87:DE, 00:23:D4:6A:D1:B8, bluetooth_network, false, fresh
20:21:47, 00:23:D4:6A:87:DE, 00:23:D4:68:E1:E9, wifi_network, false, fresh
20:21:48, 00:23:D4:6A:87:DE, 00:23:D4:6A:B6:B9, bluetooth_network, false, fresh
20:21:48, 00:23:D4:6A:87:DE, 00:23:D4:68:E1:E9, wifi_network, false, fresh
20:21:48, 00:23:D4:6A:87:DE, 00:23:D4:6A:D1:B8, wifi_network, false, fresh
20:23:23, 00:23:D4:6A:87:DE, 00:23:D4:6A:A4:E2, bluetooth_network, false, fresh
20:23:23, 00:23:D4:6A:87:DE, 00:23:D4:6A:22:09, wifi_network, false, fresh
20:23:23, 00:23:D4:6A:87:DE, 00:23:D4:6A:F5:43, wifi_network, false, fresh
20:23:30, 00:23:D4:6A:87:DE, 00:23:D4:6A:D1:B8, bluetooth_network, false, fresh
20:23:30, 00:23:D4:6A:87:DE, 00:23:D4:68:E1:E9, wifi_network, false, fresh
20:23:30, 00:23:D4:6A:87:DE, 00:23:D4:6A:B6:B9, wifi_network, false, fresh
20:23:59, 00:23:D4:6A:87:DE, 00:23:D4:6A:A4:E2, bluetooth_network, false, fresh
20:23:59, 00:23:D4:6A:87:DE, 00:23:D4:6A:22:09, wifi_network, false, fresh
20:23:59, 00:23:D4:6A:87:DE, 00:23:D4:6A:F5:43, wifi_network, false, fresh
20:24:01, 00:23:D4:6A:87:DE, 00:23:D4:6A:D1:B8, bluetooth_network, false, fresh
20:24:01, 00:23:D4:6A:87:DE, 00:23:D4:68:E1:E9, wifi_network, false, fresh
20:24:01, 00:23:D4:6A:87:DE, 00:23:D4:6A:B6:B9, wifi_network, false, fresh
20:37:58, 00:23:D4:6A:87:DE, 00:23:D4:6A:B6:B9, bluetooth_network, false, fresh
20:37:58, 00:23:D4:6A:87:DE, 00:23:D4:6A:D1:B8, wifi_network, false, fresh
20:37:58, 00:23:D4:6A:87:DE, 00:23:D4:68:E1:E9, wifi_network, false, fresh
20:38:03, 00:23:D4:6A:87:DE, 00:23:D4:6A:B6:B9, bluetooth_network, false, fresh
20:38:03, 00:23:D4:6A:87:DE, 00:23:D4:6A:D1:B8, wifi_network, false, fresh
20:38:03, 00:23:D4:6A:87:DE, 00:23:D4:68:E1:E9, wifi_network, false, fresh
20:38:54, 00:23:D4:6A:87:DE, 00:23:D4:6A:B6:B9, bluetooth_network, false, fresh
20:38:54, 00:23:D4:6A:87:DE, 00:23:D4:6A:D1:B8, wifi_network, false, fresh
20:38:54, 00:23:D4:6A:87:DE, 00:23:D4:68:E1:E9, wifi_network, false, fresh
20:38:58, 00:23:D4:6A:87:DE, 00:23:D4:6A:22:09, bluetooth_network, false, fresh
20:38:58, 00:23:D4:6A:87:DE, 00:23:D4:6A:F5:43, wifi_network, false, fresh
20:39:33, 00:23:D4:6A:87:DE, 00:23:D4:6A:22:09, bluetooth_network, false, fresh
20:39:33, 00:23:D4:6A:87:DE, 00:23:D4:6A:F5:43, wifi_network, false, fresh
20:50:10, 00:23:D4:6A:87:DE, 00:23:D4:6A:D1:B8, bluetooth_network, false, fresh
20:50:11, 00:23:D4:6A:87:DE, 00:23:D4:68:E1:E9, wifi_network, false, fresh
20:50:11, 00:23:D4:6A:87:DE, 00:23:D4:6A:B6:B9, wifi_network, false, fresh
20:52:38, 00:23:D4:6A:87:DE, 00:23:D4:6A:F5:43, bluetooth_network, false, fresh
20:52:38, 00:23:D4:6A:87:DE, 00:23:D4:6A:22:09, wifi_network, false, fresh
20:52:38, 00:23:D4:6A:87:DE, 00:23:D4:6A:A4:E2, wifi_network, false, fresh
