14:06:00, 00:23:D4:6A:F5:43, 00:23:D4:6A:A4:E2, bluetooth_network, false, fresh
14:06:07, 00:23:D4:6A:F5:43, 00:23:D4:6A:A4:E2, bluetooth_network, true, fresh
14:06:14, 00:23:D4:6A:F5:43, 00:23:D4:6A:87:DE, bluetooth_network, false, fresh
14:06:49, 00:23:D4:6A:F5:43, 00:23:D4:6A:BB:92, bluetooth_network, false, fresh
14:06:49, 00:23:D4:6A:F5:43, 00:23:D4:6A:87:DE, wifi_network, false, fresh
14:06:52, 00:23:D4:6A:F5:43, 00:23:D4:6A:A4:E2, bluetooth_network, true, update
14:07:31, 00:23:D4:6A:F5:43, 00:23:D4:6A:D1:B8, bluetooth_network, false, fresh
14:07:32, 00:23:D4:6A:F5:43, 00:23:D4:6A:87:DE, bluetooth_network, false, fresh
14:08:22, 00:23:D4:6A:F5:43, 00:23:D4:6A:BB:92, bluetooth_network, false, fresh
14:08:22, 00:23:D4:6A:F5:43, 00:23:D4:6A:87:DE, wifi_network, false, fresh
14:08:23, 00:23:D4:6A:F5:43, 00:23:D4:6A:D1:B8, bluetooth_network, false, fresh
14:08:23, 00:23:D4:6A:F5:43, 00:23:D4:6A:87:DE, bluetooth_network, false, fresh
14:08:32, 00:23:D4:6A:F5:43, 00:23:D4:6A:BB:92, bluetooth_network, false, fresh
14:08:32, 00:23:D4:6A:F5:43, 00:23:D4:6A:87:DE, wifi_network, false, fresh
14:08:33, 00:23:D4:6A:F5:43, 00:23:D4:6A:D1:B8, bluetooth_network, false, fresh
14:08:34, 00:23:D4:6A:F5:43, 00:23:D4:6A:87:DE, bluetooth_network, false, fresh
14:10:16, 00:23:D4:6A:F5:43, 00:23:D4:6A:D1:B8, bluetooth_network, false, fresh
14:11:00, 00:23:D4:6A:F5:43, 00:23:D4:6A:BB:92, bluetooth_network, false, fresh
14:11:00, 00:23:D4:6A:F5:43, 00:23:D4:6A:87:DE, wifi_network, false, fresh
14:11:02, 00:23:D4:6A:F5:43, 00:23:D4:6A:D1:B8, bluetooth_network, false, fresh
14:11:05, 00:23:D4:6A:F5:43, 00:23:D4:68:E1:E9, bluetooth_network, false, fresh
14:11:58, 00:23:D4:6A:F5:43, 00:23:D4:6A:BB:92, bluetooth_network, false, fresh
14:11:58, 00:23:D4:6A:F5:43, 00:23:D4:6A:87:DE, wifi_network, false, fresh
14:12:03, 00:23:D4:6A:F5:43, 00:23:D4:6A:BB:92, bluetooth_network, false, fresh
14:12:03, 00:23:D4:6A:F5:43, 00:23:D4:6A:87:DE, wifi_network, false, fresh
14:19:10, 00:23:D4:6A:F5:43, 00:23:D4:68:E1:E9, bluetooth_network, false, fresh
14:19:10, 00:23:D4:6A:F5:43, 00:23:D4:6A:22:09, wifi_network, false, fresh
14:19:11, 00:23:D4:6A:F5:43, 00:23:D4:6A:B6:B9, bluetooth_network, false, fresh
14:19:11, 00:23:D4:6A:F5:43, 00:23:D4:6A:D1:B8, wifi_network, false, fresh
14:21:20, 00:23:D4:6A:F5:43, 00:23:D4:6A:B6:B9, bluetooth_network, false, fresh
14:21:20, 00:23:D4:6A:F5:43, 00:23:D4:6A:D1:B8, wifi_network, false, fresh
14:22:16, 00:23:D4:6A:F5:43, 00:23:D4:6A:22:09, bluetooth_network, false, fresh
14:22:17, 00:23:D4:6A:F5:43, 00:23:D4:68:E1:E9, wifi_network, false, fresh
14:22:37, 00:23:D4:6A:F5:43, 00:23:D4:6A:22:09, bluetooth_network, false, fresh
14:22:37, 00:23:D4:6A:F5:43, 00:23:D4:68:E1:E9, wifi_network, false, fresh
14:27:23, 00:23:D4:6A:F5:43, 00:23:D4:6A:87:DE, bluetooth_network, false, fresh
14:27:23, 00:23:D4:6A:F5:43, 00:23:D4:6A:BB:92, wifi_network, false, fresh
14:27:23, 00:23:D4:6A:F5:43, 00:23:D4:6A:B6:B9, bluetooth_network, false, fresh
14:27:23, 00:23:D4:6A:F5:43, 00:23:D4:6A:D1:B8, wifi_network, false, fresh
14:28:14, 00:23:D4:6A:F5:43, 00:23:D4:6A:BB:92, bluetooth_network, false, fresh
14:28:14, 00:23:D4:6A:F5:43, 00:23:D4:6A:87:DE, wifi_network, false, fresh
14:28:14, 00:23:D4:6A:F5:43, 00:23:D4:6A:B6:B9, bluetooth_network, false, fresh
14:28:14, 00:23:D4:6A:F5:43, 00:23:D4:6A:D1:B8, wifi_network, false, fresh
14:29:05, 00:23:D4:6A:F5:43, 00:23:D4:6A:BB:92, bluetooth_network, false, fresh
14:29:06, 00:23:D4:6A:F5:43, 00:23:D4:6A:87:DE, wifi_network, false, fresh
14:29:30, 00:23:D4:6A:F5:43, 00:23:D4:6A:22:09, bluetooth_network, false, fresh
14:29:30, 00:23:D4:6A:F5:43, 00:23:D4:68:E1:E9, wifi_network, false, fresh
14:29:57, 00:23:D4:6A:F5:43, 00:23:D4:6A:BB:92, bluetooth_network, false, fresh
14:29:57, 00:23:D4:6A:F5:43, 00:23:D4:6A:87:DE, wifi_network, false, fresh
14:30:22, 00:23:D4:6A:F5:43, 00:23:D4:6A:22:09, bluetooth_network, false, fresh
14:30:22, 00:23:D4:6A:F5:43, 00:23:D4:68:E1:E9, wifi_network, false, fresh
14:30:48, 00:23:D4:6A:F5:43, 00:23:D4:6A:B6:B9, bluetooth_network, false, fresh
14:30:49, 00:23:D4:6A:F5:43, 00:23:D4:6A:D1:B8, wifi_network, false, fresh
14:30:57, 00:23:D4:6A:F5:43, 00:23:D4:6A:22:09, bluetooth_network, false, fresh
14:30:57, 00:23:D4:6A:F5:43, 00:23:D4:68:E1:E9, wifi_network, false, fresh
14:36:11, 00:23:D4:6A:F5:43, 00:23:D4:6A:87:DE, bluetooth_network, false, fresh
14:36:11, 00:23:D4:6A:F5:43, 00:23:D4:6A:BB:92, wifi_network, false, fresh
14:36:47, 00:23:D4:6A:F5:43, 00:23:D4:6A:B6:B9, bluetooth_network, false, fresh
14:36:47, 00:23:D4:6A:F5:43, 00:23:D4:6A:D1:B8, wifi_network, false, fresh
14:37:13, 00:23:D4:6A:F5:43, 00:23:D4:6A:B6:B9, bluetooth_network, false, fresh
14:37:13, 00:23:D4:6A:F5:43, 00:23:D4:6A:D1:B8, wifi_network, false, fresh
14:37:15, 00:23:D4:6A:F5:43, 00:23:D4:68:E1:E9, bluetooth_network, false, fresh
14:37:15, 00:23:D4:6A:F5:43, 00:23:D4:6A:22:09, wifi_network, false, fresh
14:37:39, 00:23:D4:6A:F5:43, 00:23:D4:6A:B6:B9, bluetooth_network, false, fresh
14:37:39, 00:23:D4:6A:F5:43, 00:23:D4:6A:D1:B8, wifi_network, false, fresh
14:38:50, 00:23:D4:6A:F5:43, 00:23:D4:6A:B6:B9, bluetooth_network, false, fresh
14:38:50, 00:23:D4:6A:F5:43, 00:23:D4:6A:D1:B8, wifi_network, false, fresh
14:44:30, 00:23:D4:6A:F5:43, 00:23:D4:6A:D1:B8, bluetooth_network, false, fresh
