14:05:06, 00:23:D4:69:79:1C, 00:23:D4:6A:87:DE, bluetooth_network, false, fresh
14:06:24, 00:23:D4:69:79:1C, 00:23:D4:6A:A4:E2, bluetooth_network, false, fresh
14:07:43, 00:23:D4:69:79:1C, 00:23:D4:6A:BB:92, bluetooth_network, false, fresh
14:07:44, 00:23:D4:69:79:1C, 00:23:D4:6A:87:DE, wifi_network, false, fresh
14:09:05, 00:23:D4:69:79:1C, 00:23:D4:6A:F5:43, bluetooth_network, false, fresh
14:09:05, 00:23:D4:69:79:1C, 00:23:D4:6A:A4:E2, wifi_network, false, fresh
14:09:06, 00:23:D4:69:79:1C, 00:23:D4:6A:BB:92, bluetooth_network, false, fresh
14:09:06, 00:23:D4:69:79:1C, 00:23:D4:6A:87:DE, wifi_network, false, fresh
14:10:13, 00:23:D4:69:79:1C, 00:23:D4:6A:BB:92, bluetooth_network, false, fresh
14:10:13, 00:23:D4:69:79:1C, 00:23:D4:6A:87:DE, wifi_network, false, fresh
14:10:40, 00:23:D4:69:79:1C, 00:23:D4:6A:D1:B8, bluetooth_network, false, fresh
14:11:24, 00:23:D4:69:79:1C, 00:23:D4:6A:BB:92, bluetooth_network, false, fresh
14:11:25, 00:23:D4:69:79:1C, 00:23:D4:6A:87:DE, wifi_network, false, fresh
14:11:34, 00:23:D4:69:79:1C, 00:23:D4:6A:F5:43, bluetooth_network, false, fresh
14:11:34, 00:23:D4:69:79:1C, 00:23:D4:6A:A4:E2, wifi_network, false, fresh
14:12:27, 00:23:D4:69:79:1C, 00:23:D4:6A:B6:B9, bluetooth_network, false, fresh
14:12:32, 00:23:D4:69:79:1C, 00:23:D4:6A:BB:92, bluetooth_network, false, fresh
14:12:32, 00:23:D4:69:79:1C, 00:23:D4:6A:87:DE, wifi_network, false, fresh
14:14:06, 00:23:D4:69:79:1C, 00:23:D4:6A:D1:B8, bluetooth_network, false, fresh
14:14:51, 00:23:D4:69:79:1C, 00:23:D4:6A:22:09, bluetooth_network, false, fresh
14:14:51, 00:23:D4:69:79:1C, 00:23:D4:68:E1:E9, wifi_network, false, fresh
14:15:18, 00:23:D4:69:79:1C, 00:23:D4:6A:D1:B8, bluetooth_network, false, fresh
14:15:18, 00:23:D4:69:79:1C, 00:23:D4:6A:B6:B9, wifi_network, false, fresh
14:15:20, 00:23:D4:69:79:1C, 00:23:D4:6A:A4:E2, bluetooth_network, false, fresh
14:15:20, 00:23:D4:69:79:1C, 00:23:D4:6A:F5:43, wifi_network, false, fresh
14:16:25, 00:23:D4:69:79:1C, 00:23:D4:6A:D1:B8, bluetooth_network, false, fresh
14:16:25, 00:23:D4:69:79:1C, 00:23:D4:6A:B6:B9, wifi_network, false, fresh
14:17:14, 00:23:D4:69:79:1C, 00:23:D4:6A:87:DE, bluetooth_network, false, fresh
14:17:14, 00:23:D4:69:79:1C, 00:23:D4:6A:BB:92, wifi_network, false, fresh
14:17:31, 00:23:D4:69:79:1C, 00:23:D4:68:E1:E9, bluetooth_network, false, fresh
14:17:31, 00:23:D4:69:79:1C, 00:23:D4:6A:22:09, wifi_network, false, fresh
14:18:22, 00:23:D4:69:79:1C, 00:23:D4:68:E1:E9, bluetooth_network, false, fresh
14:18:22, 00:23:D4:69:79:1C, 00:23:D4:6A:22:09, wifi_network, false, fresh
14:19:16, 00:23:D4:69:79:1C, 00:23:D4:6A:F5:43, bluetooth_network, false, fresh
14:19:16, 00:23:D4:69:79:1C, 00:23:D4:6A:A4:E2, wifi_network, false, fresh
14:19:59, 00:23:D4:69:79:1C, 00:23:D4:68:E1:E9, bluetooth_network, false, fresh
14:19:59, 00:23:D4:69:79:1C, 00:23:D4:6A:22:09, wifi_network, false, fresh
14:20:04, 00:23:D4:69:79:1C, 00:23:D4:68:E1:E9, bluetooth_network, false, fresh
14:20:04, 00:23:D4:69:79:1C, 00:23:D4:6A:22:09, wifi_network, false, fresh
14:20:38, 00:23:D4:69:79:1C, 00:23:D4:6A:BB:92, bluetooth_network, false, fresh
14:20:38, 00:23:D4:69:79:1C, 00:23:D4:6A:87:DE, wifi_network, false, fresh
14:20:57, 00:23:D4:69:79:1C, 00:23:D4:6A:22:09, bluetooth_network, false, fresh
14:20:57, 00:23:D4:69:79:1C, 00:23:D4:68:E1:E9, wifi_network, false, fresh
14:20:58, 00:23:D4:69:79:1C, 00:23:D4:6A:B6:B9, bluetooth_network, false, fresh
14:20:58, 00:23:D4:69:79:1C, 00:23:D4:6A:D1:B8, wifi_network, false, fresh
14:21:50, 00:23:D4:69:79:1C, 00:23:D4:6A:BB:92, bluetooth_network, false, fresh
14:21:50, 00:23:D4:69:79:1C, 00:23:D4:6A:87:DE, wifi_network, false, fresh
14:23:31, 00:23:D4:69:79:1C, 00:23:D4:6A:22:09, bluetooth_network, false, fresh
14:23:31, 00:23:D4:69:79:1C, 00:23:D4:68:E1:E9, wifi_network, false, fresh
14:23:32, 00:23:D4:69:79:1C, 00:23:D4:6A:A4:E2, bluetooth_network, false, fresh
14:23:32, 00:23:D4:69:79:1C, 00:23:D4:6A:F5:43, wifi_network, false, fresh
14:23:54, 00:23:D4:69:79:1C, 00:23:D4:6A:D1:B8, bluetooth_network, false, fresh
14:23:54, 00:23:D4:69:79:1C, 00:23:D4:6A:B6:B9, wifi_network, false, fresh
14:24:23, 00:23:D4:69:79:1C, 00:23:D4:6A:22:09, bluetooth_network, false, fresh
14:24:23, 00:23:D4:69:79:1C, 00:23:D4:68:E1:E9, wifi_network, false, fresh
14:24:24, 00:23:D4:69:79:1C, 00:23:D4:6A:A4:E2, bluetooth_network, false, fresh
14:24:24, 00:23:D4:69:79:1C, 00:23:D4:6A:F5:43, wifi_network, false, fresh
14:24:38, 00:23:D4:69:79:1C, 00:23:D4:6A:22:09, bluetooth_network, false, fresh
14:24:38, 00:23:D4:69:79:1C, 00:23:D4:68:E1:E9, wifi_network, false, fresh
14:24:41, 00:23:D4:69:79:1C, 00:23:D4:6A:D1:B8, bluetooth_network, false, fresh
14:24:41, 00:23:D4:69:79:1C, 00:23:D4:6A:B6:B9, wifi_network, false, fresh
14:25:14, 00:23:D4:69:79:1C, 00:23:D4:68:E1:E9, bluetooth_network, false, fresh
14:25:14, 00:23:D4:69:79:1C, 00:23:D4:6A:22:09, wifi_network, false, fresh
14:25:35, 00:23:D4:69:79:1C, 00:23:D4:6A:A4:E2, bluetooth_network, false, fresh
14:25:35, 00:23:D4:69:79:1C, 00:23:D4:6A:F5:43, wifi_network, false, fresh
14:25:37, 00:23:D4:69:79:1C, 00:23:D4:6A:D1:B8, bluetooth_network, false, fresh
14:25:37, 00:23:D4:69:79:1C, 00:23:D4:6A:B6:B9, wifi_network, false, fresh
14:26:06, 00:23:D4:69:79:1C, 00:23:D4:68:E1:E9, bluetooth_network, false, fresh
14:26:06, 00:23:D4:69:79:1C, 00:23:D4:6A:22:09, wifi_network, false, fresh
14:27:21, 00:23:D4:69:79:1C, 00:23:D4:6A:87:DE, bluetooth_network, false, fresh
14:27:21, 00:23:D4:69:79:1C, 00:23:D4:6A:BB:92, wifi_network, false, fresh
14:27:21, 00:23:D4:69:79:1C, 00:23:D4:6A:B6:B9, bluetooth_network, false, fresh
14:27:21, 00:23:D4:69:79:1C, 00:23:D4:6A:D1:B8, wifi_network, false, fresh
14:27:48, 00:23:D4:69:79:1C, 00:23:D4:68:E1:E9, bluetooth_network, false, fresh
14:27:48, 00:23:D4:69:79:1C, 00:23:D4:6A:22:09, wifi_network, false, fresh
14:27:49, 00:23:D4:69:79:1C, 00:23:D4:6A:F5:43, bluetooth_network, false, fresh
14:27:49, 00:23:D4:69:79:1C, 00:23:D4:6A:A4:E2, wifi_network, false, fresh
14:28:39, 00:23:D4:69:79:1C, 00:23:D4:68:E1:E9, bluetooth_network, false, fresh
14:28:40, 00:23:D4:69:79:1C, 00:23:D4:6A:22:09, wifi_network, false, fresh
14:28:55, 00:23:D4:69:79:1C, 00:23:D4:68:E1:E9, bluetooth_network, false, fresh
14:28:55, 00:23:D4:69:79:1C, 00:23:D4:6A:22:09, wifi_network, false, fresh
14:28:56, 00:23:D4:69:79:1C, 00:23:D4:6A:F5:43, bluetooth_network, false, fresh
14:28:56, 00:23:D4:69:79:1C, 00:23:D4:6A:A4:E2, wifi_network, false, fresh
14:28:58, 00:23:D4:69:79:1C, 00:23:D4:6A:B6:B9, bluetooth_network, false, fresh
14:28:58, 00:23:D4:69:79:1C, 00:23:D4:6A:D1:B8, wifi_network, false, fresh
14:29:32, 00:23:D4:69:79:1C, 00:23:D4:6A:F5:43, bluetooth_network, false, fresh
14:29:32, 00:23:D4:69:79:1C, 00:23:D4:6A:A4:E2, wifi_network, false, fresh
14:29:33, 00:23:D4:69:79:1C, 00:23:D4:6A:22:09, bluetooth_network, false, fresh
14:29:33, 00:23:D4:69:79:1C, 00:23:D4:68:E1:E9, wifi_network, false, fresh
14:30:10, 00:23:D4:69:79:1C, 00:23:D4:6A:B6:B9, bluetooth_network, false, fresh
14:30:10, 00:23:D4:69:79:1C, 00:23:D4:6A:D1:B8, wifi_network, false, fresh
14:30:24, 00:23:D4:69:79:1C, 00:23:D4:6A:22:09, bluetooth_network, false, fresh
14:30:24, 00:23:D4:69:79:1C, 00:23:D4:68:E1:E9, wifi_network, false, fresh
14:30:45, 00:23:D4:69:79:1C, 00:23:D4:6A:F5:43, bluetooth_network, false, fresh
14:30:45, 00:23:D4:69:79:1C, 00:23:D4:6A:A4:E2, wifi_network, false, fresh
14:30:47, 00:23:D4:69:79:1C, 00:23:D4:6A:BB:92, bluetooth_network, false, fresh
14:30:47, 00:23:D4:69:79:1C, 00:23:D4:6A:87:DE, wifi_network, false, fresh
14:31:17, 00:23:D4:69:79:1C, 00:23:D4:6A:B6:B9, bluetooth_network, false, fresh
14:31:17, 00:23:D4:69:79:1C, 00:23:D4:6A:D1:B8, wifi_network, false, fresh
14:31:36, 00:23:D4:69:79:1C, 00:23:D4:6A:A4:E2, bluetooth_network, false, fresh
14:31:36, 00:23:D4:69:79:1C, 00:23:D4:6A:F5:43, wifi_network, false, fresh
14:32:58, 00:23:D4:69:79:1C, 00:23:D4:6A:22:09, bluetooth_network, false, fresh
14:32:58, 00:23:D4:69:79:1C, 00:23:D4:68:E1:E9, wifi_network, false, fresh
14:32:59, 00:23:D4:69:79:1C, 00:23:D4:6A:87:DE, bluetooth_network, false, fresh
14:32:59, 00:23:D4:69:79:1C, 00:23:D4:6A:BB:92, wifi_network, false, fresh
14:32:59, 00:23:D4:69:79:1C, 00:23:D4:6A:D1:B8, bluetooth_network, false, fresh
14:32:59, 00:23:D4:69:79:1C, 00:23:D4:6A:B6:B9, wifi_network, false, fresh
14:33:08, 00:23:D4:69:79:1C, 00:23:D4:6A:22:09, bluetooth_network, false, fresh
14:33:08, 00:23:D4:69:79:1C, 00:23:D4:68:E1:E9, wifi_network, false, fresh
14:33:51, 00:23:D4:69:79:1C, 00:23:D4:6A:D1:B8, bluetooth_network, false, fresh
14:33:51, 00:23:D4:69:79:1C, 00:23:D4:6A:B6:B9, wifi_network, false, fresh
14:34:40, 00:23:D4:69:79:1C, 00:23:D4:6A:A4:E2, bluetooth_network, false, fresh
14:34:40, 00:23:D4:69:79:1C, 00:23:D4:6A:F5:43, wifi_network, false, fresh
14:34:40, 00:23:D4:69:79:1C, 00:23:D4:68:E1:E9, bluetooth_network, false, fresh
14:34:40, 00:23:D4:69:79:1C, 00:23:D4:6A:22:09, wifi_network, false, fresh
14:35:34, 00:23:D4:69:79:1C, 00:23:D4:6A:D1:B8, bluetooth_network, false, fresh
14:35:34, 00:23:D4:69:79:1C, 00:23:D4:6A:B6:B9, wifi_network, false, fresh
14:36:08, 00:23:D4:69:79:1C, 00:23:D4:6A:F5:43, bluetooth_network, false, fresh
14:36:08, 00:23:D4:69:79:1C, 00:23:D4:6A:A4:E2, wifi_network, false, fresh
14:36:09, 00:23:D4:69:79:1C, 00:23:D4:6A:87:DE, bluetooth_network, false, fresh
14:36:09, 00:23:D4:69:79:1C, 00:23:D4:6A:BB:92, wifi_network, false, fresh
14:37:15, 00:23:D4:69:79:1C, 00:23:D4:6A:F5:43, bluetooth_network, false, fresh
14:37:15, 00:23:D4:69:79:1C, 00:23:D4:6A:A4:E2, wifi_network, false, fresh
14:37:16, 00:23:D4:69:79:1C, 00:23:D4:6A:B6:B9, bluetooth_network, false, fresh
14:37:16, 00:23:D4:69:79:1C, 00:23:D4:6A:D1:B8, wifi_network, false, fresh
14:38:06, 00:23:D4:69:79:1C, 00:23:D4:6A:22:09, bluetooth_network, false, fresh
14:38:06, 00:23:D4:69:79:1C, 00:23:D4:68:E1:E9, wifi_network, false, fresh
14:38:17, 00:23:D4:69:79:1C, 00:23:D4:6A:BB:92, bluetooth_network, false, fresh
14:38:17, 00:23:D4:69:79:1C, 00:23:D4:6A:87:DE, wifi_network, false, fresh
14:38:17, 00:23:D4:69:79:1C, 00:23:D4:6A:B6:B9, bluetooth_network, false, fresh
14:38:17, 00:23:D4:69:79:1C, 00:23:D4:6A:D1:B8, wifi_network, false, fresh
14:39:24, 00:23:D4:69:79:1C, 00:23:D4:6A:BB:92, bluetooth_network, false, fresh
14:39:24, 00:23:D4:69:79:1C, 00:23:D4:6A:87:DE, wifi_network, false, fresh
14:39:49, 00:23:D4:69:79:1C, 00:23:D4:6A:22:09, bluetooth_network, false, fresh
14:39:49, 00:23:D4:69:79:1C, 00:23:D4:68:E1:E9, wifi_network, false, fresh
14:40:30, 00:23:D4:69:79:1C, 00:23:D4:6A:A4:E2, bluetooth_network, false, fresh
14:40:30, 00:23:D4:69:79:1C, 00:23:D4:6A:F5:43, wifi_network, false, fresh
14:41:20, 00:23:D4:69:79:1C, 00:23:D4:6A:22:09, bluetooth_network, false, fresh
14:41:20, 00:23:D4:69:79:1C, 00:23:D4:68:E1:E9, wifi_network, false, fresh
14:41:31, 00:23:D4:69:79:1C, 00:23:D4:6A:22:09, bluetooth_network, false, fresh
14:41:31, 00:23:D4:69:79:1C, 00:23:D4:68:E1:E9, wifi_network, false, fresh
14:41:33, 00:23:D4:69:79:1C, 00:23:D4:6A:D1:B8, bluetooth_network, false, fresh
14:41:33, 00:23:D4:69:79:1C, 00:23:D4:6A:B6:B9, wifi_network, false, fresh
14:42:23, 00:23:D4:69:79:1C, 00:23:D4:6A:A4:E2, bluetooth_network, false, fresh
14:42:23, 00:23:D4:69:79:1C, 00:23:D4:6A:F5:43, wifi_network, false, fresh
14:42:24, 00:23:D4:69:79:1C, 00:23:D4:6A:87:DE, bluetooth_network, false, fresh
14:42:24, 00:23:D4:69:79:1C, 00:23:D4:6A:BB:92, wifi_network, false, fresh
14:43:10, 00:23:D4:69:79:1C, 00:23:D4:6A:87:DE, bluetooth_network, false, fresh
14:43:10, 00:23:D4:69:79:1C, 00:23:D4:6A:BB:92, wifi_network, false, fresh
14:43:15, 00:23:D4:69:79:1C, 00:23:D4:6A:87:DE, bluetooth_network, false, fresh
14:43:15, 00:23:D4:69:79:1C, 00:23:D4:6A:BB:92, wifi_network, false, fresh
14:43:40, 00:23:D4:69:79:1C, 00:23:D4:68:E1:E9, bluetooth_network, false, fresh
14:43:40, 00:23:D4:69:79:1C, 00:23:D4:6A:22:09, wifi_network, false, fresh
14:44:06, 00:23:D4:69:79:1C, 00:23:D4:68:E1:E9, bluetooth_network, false, fresh
14:44:06, 00:23:D4:69:79:1C, 00:23:D4:6A:22:09, wifi_network, false, fresh
14:44:06, 00:23:D4:69:79:1C, 00:23:D4:6A:87:DE, bluetooth_network, false, fresh
14:44:06, 00:23:D4:69:79:1C, 00:23:D4:6A:BB:92, wifi_network, false, fresh
14:44:12, 00:23:D4:69:79:1C, 00:23:D4:6A:87:DE, bluetooth_network, false, fresh
14:44:12, 00:23:D4:69:79:1C, 00:23:D4:6A:BB:92, wifi_network, false, fresh
14:44:13, 00:23:D4:69:79:1C, 00:23:D4:6A:D1:B8, bluetooth_network, false, fresh
